2026-08-26 21:02:24,464 | INFO | edward.autonomous.live_analysis | live_analysis_started instrument=uid ticker=TEST profile=medium_term
2026-08-26 21:02:41,428 | INFO | edward.autonomous.controller | cycle_started budget_total=20000 reserve=2000 invested=0 free_cash=18000 positions=0 opportunities=1
2026-08-26 21:02:41,428 | INFO | edward.autonomous.controller | allocation_completed actions=1 action_types=OPEN
2026-08-26 21:02:41,428 | INFO | edward.autonomous.controller | action_planning action=OPEN instrument=NEW source=None target_value=10000 score_advantage=90 return_improvement=12 risk_improvement=-10 reasons=FREE_SLOT,TOP_OPPORTUNITY
2026-08-26 21:02:41,430 | INFO | edward.autonomous.controller | reallocation_plan action=OPEN instrument=NEW allowed=True steps=3 reasons=OPEN
2026-08-26 21:02:41,430 | INFO | edward.autonomous.controller | step_started sequence=1 type=BUY instrument=NEW value=10000 source=None reasons=FREE_SLOT,TOP_OPPORTUNITY
2026-08-26 21:02:41,430 | INFO | edward.autonomous.controller | step_completed sequence=1 type=BUY instrument=NEW
2026-08-26 21:02:41,430 | INFO | edward.autonomous.controller | step_started sequence=2 type=PROTECT instrument=NEW value=10000 source=None reasons=PROTECTION_REQUIRED
2026-08-26 21:02:41,430 | INFO | edward.autonomous.controller | step_completed sequence=2 type=PROTECT instrument=NEW
2026-08-26 21:02:41,430 | INFO | edward.autonomous.controller | step_started sequence=3 type=VERIFY instrument=NEW value=10000 source=None reasons=PROTECTION_VERIFY
2026-08-26 21:02:41,430 | INFO | edward.autonomous.controller | step_completed sequence=3 type=VERIFY instrument=NEW
2026-08-26 21:02:41,430 | INFO | edward.autonomous.controller | cycle_completed status=COMPLETED actions=1 steps=3 reason=AUTONOMOUS_CYCLE_COMPLETED
2026-08-26 21:02:41,432 | INFO | edward.autonomous.controller | candidate_cycle_started candidates=1
2026-08-26 21:02:41,432 | INFO | edward.autonomous.opportunity | decision instrument=DECISION_NEW decision=BUY status=VALID opportunity_score=90.0 strategy_score=85.0 reasons=BUY_CONDITIONS_MET
2026-08-26 21:02:41,432 | INFO | edward.autonomous.opportunity | opportunity_approved instrument=DECISION_NEW score=90.0 risk=10 expected_return=15 target=10000
2026-08-26 21:02:41,432 | INFO | edward.autonomous.opportunity | opportunity_cycle_completed candidates=1 approved=1
2026-08-26 21:02:41,433 | INFO | edward.autonomous.controller | candidate_cycle_decisions completed=1 approved=1
2026-08-26 21:02:41,433 | INFO | edward.autonomous.controller | cycle_started budget_total=20000 reserve=2000 invested=0 free_cash=18000 positions=0 opportunities=1
2026-08-26 21:02:41,433 | INFO | edward.autonomous.controller | allocation_completed actions=1 action_types=OPEN
2026-08-26 21:02:41,433 | INFO | edward.autonomous.controller | action_planning action=OPEN instrument=DECISION_NEW source=None target_value=10000 score_advantage=90.0 return_improvement=15 risk_improvement=-10 reasons=FREE_SLOT,TOP_OPPORTUNITY
2026-08-26 21:02:41,433 | INFO | edward.autonomous.controller | reallocation_plan action=OPEN instrument=DECISION_NEW allowed=True steps=3 reasons=OPEN
2026-08-26 21:02:41,433 | INFO | edward.autonomous.controller | step_started sequence=1 type=BUY instrument=DECISION_NEW value=10000 source=None reasons=FREE_SLOT,TOP_OPPORTUNITY
2026-08-26 21:02:41,433 | INFO | edward.autonomous.controller | step_completed sequence=1 type=BUY instrument=DECISION_NEW
2026-08-26 21:02:41,433 | INFO | edward.autonomous.controller | step_started sequence=2 type=PROTECT instrument=DECISION_NEW value=10000 source=None reasons=PROTECTION_REQUIRED
2026-08-26 21:02:41,433 | INFO | edward.autonomous.controller | step_completed sequence=2 type=PROTECT instrument=DECISION_NEW
2026-08-26 21:02:41,433 | INFO | edward.autonomous.controller | step_started sequence=3 type=VERIFY instrument=DECISION_NEW value=10000 source=None reasons=PROTECTION_VERIFY
2026-08-26 21:02:41,433 | INFO | edward.autonomous.controller | step_completed sequence=3 type=VERIFY instrument=DECISION_NEW
2026-08-26 21:02:41,433 | INFO | edward.autonomous.controller | cycle_completed status=COMPLETED actions=1 steps=3 reason=AUTONOMOUS_CYCLE_COMPLETED
2026-08-26 21:02:41,435 | INFO | edward.autonomous.controller | cycle_started budget_total=20000 reserve=2000 invested=0 free_cash=18000 positions=0 opportunities=1
2026-08-26 21:02:41,436 | INFO | edward.autonomous.controller | allocation_completed actions=1 action_types=OPEN
2026-08-26 21:02:41,436 | INFO | edward.autonomous.controller | action_planning action=OPEN instrument=NEW source=None target_value=10000 score_advantage=90 return_improvement=12 risk_improvement=-10 reasons=FREE_SLOT,TOP_OPPORTUNITY
2026-08-26 21:02:41,436 | INFO | edward.autonomous.controller | reallocation_plan action=OPEN instrument=NEW allowed=True steps=3 reasons=OPEN
2026-08-26 21:02:41,436 | INFO | edward.autonomous.controller | step_started sequence=1 type=BUY instrument=NEW value=10000 source=None reasons=FREE_SLOT,TOP_OPPORTUNITY
2026-08-26 21:02:41,436 | INFO | edward.autonomous.controller | step_completed sequence=1 type=BUY instrument=NEW
2026-08-26 21:02:41,436 | INFO | edward.autonomous.controller | step_started sequence=2 type=PROTECT instrument=NEW value=10000 source=None reasons=PROTECTION_REQUIRED
2026-08-26 21:02:41,436 | ERROR | edward.autonomous.controller | step_failed sequence=2 type=PROTECT instrument=NEW reason=STEP_EXECUTION_FAILED
2026-08-26 21:02:41,436 | WARNING | edward.autonomous.controller | cycle_blocked stage=EXECUTION instrument=NEW sequence=2
2026-08-26 21:02:41,439 | INFO | edward.autonomous.controller | cycle_started budget_total=20000 reserve=2000 invested=0 free_cash=18000 positions=1 opportunities=0
2026-08-26 21:02:41,440 | INFO | edward.autonomous.controller | allocation_completed actions=0 action_types=
2026-08-26 21:02:41,440 | INFO | edward.autonomous.controller | cycle_completed status=COMPLETED reason=NO_ACTION_REQUIRED
2026-08-26 21:02:41,458 | INFO | edward.autonomous.dry_run | dry_run sequence=1 action=BUY instrument_uid=SBER quantity=3 status=SIMULATED
2026-08-26 21:02:41,458 | INFO | edward.autonomous.dry_run | dry_run sequence=2 action=VERIFY instrument_uid=SBER quantity=3 status=VERIFIED
2026-08-26 21:02:41,461 | INFO | edward.autonomous.live_account | live_snapshot_started account=ACC
2026-08-26 21:02:41,462 | INFO | edward.autonomous.live_account | live_snapshot_completed account=ACC currency=RUB portfolio=40000 cash=30000 blocked=0 invested=10000 positions=1
2026-08-26 21:02:41,465 | INFO | edward.autonomous.live_account | live_snapshot_started account=ACC
2026-08-26 21:02:41,466 | WARNING | edward.autonomous.live_account | live_position_unenriched account=ACC instrument=SEC1
2026-08-26 21:02:41,466 | INFO | edward.autonomous.live_account | live_snapshot_completed account=ACC currency=RUB portfolio=40000 cash=30000 blocked=0 invested=10000 positions=0
2026-08-26 21:02:41,468 | INFO | edward.autonomous.live_account | live_snapshot_started account=ACC
2026-08-26 21:02:41,469 | INFO | edward.autonomous.live_account | live_snapshot_completed account=ACC currency=RUB portfolio=40000 cash=30000 blocked=0 invested=10000 positions=1
2026-08-26 21:02:41,469 | INFO | edward.autonomous.live_account | live_budget_built account=ACC total=40000 reserve=2000 invested=10000 free_cash=28000
2026-08-26 21:02:41,480 | INFO | edward.autonomous.opportunity | decision instrument=TEST decision=BUY status=VALID opportunity_score=90.0 strategy_score=85.0 reasons=BUY_CONDITIONS_MET
2026-08-26 21:02:41,480 | INFO | edward.autonomous.opportunity | opportunity_approved instrument=TEST score=90.0 risk=12 expected_return=18 target=20000
2026-08-26 21:02:41,480 | INFO | edward.autonomous.opportunity | opportunity_cycle_completed candidates=1 approved=1
2026-08-26 21:02:41,482 | INFO | edward.autonomous.opportunity | decision instrument=TEST decision=PASS status=VALID opportunity_score=30.0 strategy_score=85.0 reasons=OPPORTUNITY_TOO_LOW
2026-08-26 21:02:41,483 | INFO | edward.autonomous.opportunity | opportunity_rejected instrument=TEST decision=PASS status=VALID reasons=OPPORTUNITY_TOO_LOW
2026-08-26 21:02:41,483 | INFO | edward.autonomous.opportunity | opportunity_cycle_completed candidates=1 approved=0
2026-08-26 21:02:41,483 | INFO | edward.autonomous.opportunity | decision instrument=TEST decision=PASS status=VALID opportunity_score=30.0 strategy_score=85.0 reasons=OPPORTUNITY_TOO_LOW
2026-08-26 21:02:41,483 | INFO | edward.autonomous.opportunity | opportunity_rejected instrument=TEST decision=PASS status=VALID reasons=OPPORTUNITY_TOO_LOW
2026-08-26 21:02:41,483 | INFO | edward.autonomous.opportunity | opportunity_cycle_completed candidates=1 approved=0
2026-08-26 21:02:41,485 | INFO | edward.autonomous.ranking | opportunity_ranking_completed candidates=3 top=B
2026-08-26 21:02:41,487 | INFO | edward.autonomous.ranking | opportunity_ranking_completed candidates=2 top=A
2026-08-26 21:02:41,489 | INFO | edward.autonomous.planning | planning_started account_capital=1324799.71 invested=54465.50 free_cash=1270334.21 slots=5 reserve_pct=0
2026-08-26 21:02:41,489 | INFO | edward.autonomous.planning | planning_completed planning_budget=1324799.71 reserve=0.00 slots=5 target_position_value=264959.942
2026-08-26 21:02:41,491 | INFO | edward.autonomous.planning | planning_started account_capital=100000 invested=20000 free_cash=80000 slots=4 reserve_pct=10
2026-08-26 21:02:41,491 | INFO | edward.autonomous.planning | planning_completed planning_budget=90000.00 reserve=10000.00 slots=4 target_position_value=22500.00
2026-08-26 21:02:41,495 | INFO | edward.autonomous.planning | planning_started account_capital=100000 invested=0 free_cash=100000 slots=5 reserve_pct=0
2026-08-26 21:02:41,495 | INFO | edward.autonomous.planning | planning_completed planning_budget=100000.00 reserve=0.00 slots=5 target_position_value=20000.00
2026-08-26 21:02:41,495 | INFO | edward.autonomous.planning | allocation_policy_built max_positions=5 max_position_value=20000.00 min_position_value=500 replacement_advantage=10 return_improvement=2
2026-08-26 21:02:41,551 | INFO | edward.autonomous.universe | universe_scan_started instruments=5
2026-08-26 21:02:41,551 | INFO | edward.autonomous.universe | universe_eligible instrument=1 ticker=AAA candles=1
2026-08-26 21:02:41,551 | INFO | edward.autonomous.universe | universe_scan_completed total=5 eligible=1 rejected=4
2026-08-26 21:02:41,553 | INFO | edward.autonomous.universe | universe_scan_started instruments=1
2026-08-26 21:02:41,553 | INFO | edward.autonomous.universe | universe_eligible instrument=1 ticker=AAA candles=1
2026-08-26 21:02:41,553 | INFO | edward.autonomous.universe | universe_scan_completed total=1 eligible=1 rejected=0
2026-08-26 21:02:41,554 | INFO | edward.autonomous.universe | universe_scan_started instruments=2
2026-08-26 21:02:41,554 | WARNING | edward.autonomous.universe | universe_candles_failed instrument=1 error=gateway failure
2026-08-26 21:02:41,554 | INFO | edward.autonomous.universe | universe_eligible instrument=2 ticker=BBB candles=1
2026-08-26 21:02:41,554 | INFO | edward.autonomous.universe | universe_scan_completed total=2 eligible=1 rejected=1
2026-08-26 21:08:54,252 | INFO | edward.autonomous.live_analysis | live_analysis_started instrument=uid ticker=TEST profile=medium_term
2026-08-26 21:09:06,939 | INFO | edward.autonomous.controller | cycle_started budget_total=20000 reserve=2000 invested=0 free_cash=18000 positions=0 opportunities=1
2026-08-26 21:09:06,940 | INFO | edward.autonomous.controller | allocation_completed actions=1 action_types=OPEN
2026-08-26 21:09:06,940 | INFO | edward.autonomous.controller | action_planning action=OPEN instrument=NEW source=None target_value=10000 score_advantage=90 return_improvement=12 risk_improvement=-10 reasons=FREE_SLOT,TOP_OPPORTUNITY
2026-08-26 21:09:06,940 | INFO | edward.autonomous.controller | reallocation_plan action=OPEN instrument=NEW allowed=True steps=3 reasons=OPEN
2026-08-26 21:09:06,941 | INFO | edward.autonomous.controller | step_started sequence=1 type=BUY instrument=NEW value=10000 source=None reasons=FREE_SLOT,TOP_OPPORTUNITY
2026-08-26 21:09:06,941 | INFO | edward.autonomous.controller | step_completed sequence=1 type=BUY instrument=NEW
2026-08-26 21:09:06,941 | INFO | edward.autonomous.controller | step_started sequence=2 type=PROTECT instrument=NEW value=10000 source=None reasons=PROTECTION_REQUIRED
2026-08-26 21:09:06,941 | INFO | edward.autonomous.controller | step_completed sequence=2 type=PROTECT instrument=NEW
2026-08-26 21:09:06,941 | INFO | edward.autonomous.controller | step_started sequence=3 type=VERIFY instrument=NEW value=10000 source=None reasons=PROTECTION_VERIFY
2026-08-26 21:09:06,941 | INFO | edward.autonomous.controller | step_completed sequence=3 type=VERIFY instrument=NEW
2026-08-26 21:09:06,942 | INFO | edward.autonomous.controller | cycle_completed status=COMPLETED actions=1 steps=3 reason=AUTONOMOUS_CYCLE_COMPLETED
2026-08-26 21:09:06,946 | INFO | edward.autonomous.controller | candidate_cycle_started candidates=1
2026-08-26 21:09:06,946 | INFO | edward.autonomous.opportunity | decision instrument=DECISION_NEW decision=BUY status=VALID opportunity_score=90.0 strategy_score=85.0 reasons=BUY_CONDITIONS_MET
2026-08-26 21:09:06,947 | INFO | edward.autonomous.opportunity | opportunity_approved instrument=DECISION_NEW score=90.0 risk=10 expected_return=15 target=10000
2026-08-26 21:09:06,947 | INFO | edward.autonomous.opportunity | opportunity_cycle_completed candidates=1 approved=1
2026-08-26 21:09:06,947 | INFO | edward.autonomous.controller | candidate_cycle_decisions completed=1 approved=1
2026-08-26 21:09:06,947 | INFO | edward.autonomous.controller | cycle_started budget_total=20000 reserve=2000 invested=0 free_cash=18000 positions=0 opportunities=1
2026-08-26 21:09:06,947 | INFO | edward.autonomous.controller | allocation_completed actions=1 action_types=OPEN
2026-08-26 21:09:06,947 | INFO | edward.autonomous.controller | action_planning action=OPEN instrument=DECISION_NEW source=None target_value=10000 score_advantage=90.0 return_improvement=15 risk_improvement=-10 reasons=FREE_SLOT,TOP_OPPORTUNITY
2026-08-26 21:09:06,947 | INFO | edward.autonomous.controller | reallocation_plan action=OPEN instrument=DECISION_NEW allowed=True steps=3 reasons=OPEN
2026-08-26 21:09:06,948 | INFO | edward.autonomous.controller | step_started sequence=1 type=BUY instrument=DECISION_NEW value=10000 source=None reasons=FREE_SLOT,TOP_OPPORTUNITY
2026-08-26 21:09:06,948 | INFO | edward.autonomous.controller | step_completed sequence=1 type=BUY instrument=DECISION_NEW
2026-08-26 21:09:06,948 | INFO | edward.autonomous.controller | step_started sequence=2 type=PROTECT instrument=DECISION_NEW value=10000 source=None reasons=PROTECTION_REQUIRED
2026-08-26 21:09:06,948 | INFO | edward.autonomous.controller | step_completed sequence=2 type=PROTECT instrument=DECISION_NEW
2026-08-26 21:09:06,948 | INFO | edward.autonomous.controller | step_started sequence=3 type=VERIFY instrument=DECISION_NEW value=10000 source=None reasons=PROTECTION_VERIFY
2026-08-26 21:09:06,948 | INFO | edward.autonomous.controller | step_completed sequence=3 type=VERIFY instrument=DECISION_NEW
2026-08-26 21:09:06,948 | INFO | edward.autonomous.controller | cycle_completed status=COMPLETED actions=1 steps=3 reason=AUTONOMOUS_CYCLE_COMPLETED
2026-08-26 21:09:06,951 | INFO | edward.autonomous.controller | cycle_started budget_total=20000 reserve=2000 invested=0 free_cash=18000 positions=0 opportunities=1
2026-08-26 21:09:06,951 | INFO | edward.autonomous.controller | allocation_completed actions=1 action_types=OPEN
2026-08-26 21:09:06,952 | INFO | edward.autonomous.controller | action_planning action=OPEN instrument=NEW source=None target_value=10000 score_advantage=90 return_improvement=12 risk_improvement=-10 reasons=FREE_SLOT,TOP_OPPORTUNITY
2026-08-26 21:09:06,952 | INFO | edward.autonomous.controller | reallocation_plan action=OPEN instrument=NEW allowed=True steps=3 reasons=OPEN
2026-08-26 21:09:06,952 | INFO | edward.autonomous.controller | step_started sequence=1 type=BUY instrument=NEW value=10000 source=None reasons=FREE_SLOT,TOP_OPPORTUNITY
2026-08-26 21:09:06,952 | INFO | edward.autonomous.controller | step_completed sequence=1 type=BUY instrument=NEW
2026-08-26 21:09:06,952 | INFO | edward.autonomous.controller | step_started sequence=2 type=PROTECT instrument=NEW value=10000 source=None reasons=PROTECTION_REQUIRED
2026-08-26 21:09:06,952 | ERROR | edward.autonomous.controller | step_failed sequence=2 type=PROTECT instrument=NEW reason=STEP_EXECUTION_FAILED
2026-08-26 21:09:06,952 | WARNING | edward.autonomous.controller | cycle_blocked stage=EXECUTION instrument=NEW sequence=2
2026-08-26 21:09:06,955 | INFO | edward.autonomous.controller | cycle_started budget_total=20000 reserve=2000 invested=0 free_cash=18000 positions=1 opportunities=0
2026-08-26 21:09:06,955 | INFO | edward.autonomous.controller | allocation_completed actions=0 action_types=
2026-08-26 21:09:06,955 | INFO | edward.autonomous.controller | cycle_completed status=COMPLETED reason=NO_ACTION_REQUIRED
2026-08-26 21:09:06,971 | INFO | edward.autonomous.controller | cycle_started budget_total=100000 reserve=10000 invested=0 free_cash=90000 positions=0 opportunities=1
2026-08-26 21:09:06,971 | INFO | edward.autonomous.controller | allocation_completed actions=1 action_types=OPEN
2026-08-26 21:09:06,971 | INFO | edward.autonomous.controller | action_planning action=OPEN instrument=NEW source=None target_value=20000 score_advantage=90 return_improvement=20 risk_improvement=-10 reasons=FREE_SLOT,TOP_OPPORTUNITY
2026-08-26 21:09:06,972 | INFO | edward.autonomous.controller | reallocation_plan action=OPEN instrument=NEW allowed=True steps=3 reasons=OPEN
2026-08-26 21:09:06,972 | INFO | edward.autonomous.controller | step_started sequence=1 type=BUY instrument=NEW value=20000 source=None reasons=FREE_SLOT,TOP_OPPORTUNITY
2026-08-26 21:09:06,972 | INFO | edward.autonomous.controller | step_completed sequence=1 type=BUY instrument=NEW
2026-08-26 21:09:06,972 | INFO | edward.autonomous.controller | step_started sequence=2 type=PROTECT instrument=NEW value=20000 source=None reasons=PROTECTION_REQUIRED
2026-08-26 21:09:06,972 | INFO | edward.autonomous.controller | step_completed sequence=2 type=PROTECT instrument=NEW
2026-08-26 21:09:06,972 | INFO | edward.autonomous.controller | step_started sequence=3 type=VERIFY instrument=NEW value=20000 source=None reasons=PROTECTION_VERIFY
2026-08-26 21:09:06,972 | INFO | edward.autonomous.controller | step_completed sequence=3 type=VERIFY instrument=NEW
2026-08-26 21:09:06,972 | INFO | edward.autonomous.controller | cycle_completed status=COMPLETED actions=1 steps=3 reason=AUTONOMOUS_CYCLE_COMPLETED
2026-08-26 21:09:06,986 | INFO | edward.autonomous.dry_run | dry_run sequence=1 action=BUY instrument_uid=SBER quantity=3 status=SIMULATED
2026-08-26 21:09:06,986 | INFO | edward.autonomous.dry_run | dry_run sequence=2 action=VERIFY instrument_uid=SBER quantity=3 status=VERIFIED
2026-08-26 21:09:06,989 | INFO | edward.autonomous.live_account | live_snapshot_started account=ACC
2026-08-26 21:09:06,990 | INFO | edward.autonomous.live_account | live_snapshot_completed account=ACC currency=RUB portfolio=40000 cash=30000 blocked=0 invested=10000 positions=1
2026-08-26 21:09:06,993 | INFO | edward.autonomous.live_account | live_snapshot_started account=ACC
2026-08-26 21:09:06,994 | WARNING | edward.autonomous.live_account | live_position_unenriched account=ACC instrument=SEC1
2026-08-26 21:09:06,994 | INFO | edward.autonomous.live_account | live_snapshot_completed account=ACC currency=RUB portfolio=40000 cash=30000 blocked=0 invested=10000 positions=0
2026-08-26 21:09:06,997 | INFO | edward.autonomous.live_account | live_snapshot_started account=ACC
2026-08-26 21:09:06,998 | INFO | edward.autonomous.live_account | live_snapshot_completed account=ACC currency=RUB portfolio=40000 cash=30000 blocked=0 invested=10000 positions=1
2026-08-26 21:09:06,998 | INFO | edward.autonomous.live_account | live_budget_built account=ACC total=40000 reserve=2000 invested=10000 free_cash=28000
2026-08-26 21:09:07,011 | INFO | edward.autonomous.opportunity | decision instrument=TEST decision=BUY status=VALID opportunity_score=90.0 strategy_score=85.0 reasons=BUY_CONDITIONS_MET
2026-08-26 21:09:07,012 | INFO | edward.autonomous.opportunity | opportunity_approved instrument=TEST score=90.0 risk=12 expected_return=18 target=20000
2026-08-26 21:09:07,012 | INFO | edward.autonomous.opportunity | opportunity_cycle_completed candidates=1 approved=1
2026-08-26 21:09:07,016 | INFO | edward.autonomous.opportunity | decision instrument=TEST decision=PASS status=VALID opportunity_score=30.0 strategy_score=85.0 reasons=OPPORTUNITY_TOO_LOW
2026-08-26 21:09:07,016 | INFO | edward.autonomous.opportunity | opportunity_rejected instrument=TEST decision=PASS status=VALID reasons=OPPORTUNITY_TOO_LOW
2026-08-26 21:09:07,017 | INFO | edward.autonomous.opportunity | opportunity_cycle_completed candidates=1 approved=0
2026-08-26 21:09:07,017 | INFO | edward.autonomous.opportunity | decision instrument=TEST decision=PASS status=VALID opportunity_score=30.0 strategy_score=85.0 reasons=OPPORTUNITY_TOO_LOW
2026-08-26 21:09:07,017 | INFO | edward.autonomous.opportunity | opportunity_rejected instrument=TEST decision=PASS status=VALID reasons=OPPORTUNITY_TOO_LOW
2026-08-26 21:09:07,017 | INFO | edward.autonomous.opportunity | opportunity_cycle_completed candidates=1 approved=0
2026-08-26 21:09:07,020 | INFO | edward.autonomous.ranking | opportunity_ranking_completed candidates=3 top=B
2026-08-26 21:09:07,023 | INFO | edward.autonomous.ranking | opportunity_ranking_completed candidates=2 top=A
2026-08-26 21:09:07,026 | INFO | edward.autonomous.planning | planning_started account_capital=1324799.71 invested=54465.50 free_cash=1270334.21 slots=5 reserve_pct=0
2026-08-26 21:09:07,026 | INFO | edward.autonomous.planning | planning_completed planning_budget=1324799.71 reserve=0.00 slots=5 target_position_value=264959.942
2026-08-26 21:09:07,029 | INFO | edward.autonomous.planning | planning_started account_capital=100000 invested=20000 free_cash=80000 slots=4 reserve_pct=10
2026-08-26 21:09:07,030 | INFO | edward.autonomous.planning | planning_completed planning_budget=90000.00 reserve=10000.00 slots=4 target_position_value=22500.00
2026-08-26 21:09:07,035 | INFO | edward.autonomous.planning | planning_started account_capital=100000 invested=0 free_cash=100000 slots=5 reserve_pct=0
2026-08-26 21:09:07,036 | INFO | edward.autonomous.planning | planning_completed planning_budget=100000.00 reserve=0.00 slots=5 target_position_value=20000.00
2026-08-26 21:09:07,036 | INFO | edward.autonomous.planning | allocation_policy_built max_positions=5 max_position_value=20000.00 min_position_value=500 replacement_advantage=10 return_improvement=2
2026-08-26 21:09:07,125 | INFO | edward.autonomous.universe | universe_scan_started instruments=5
2026-08-26 21:09:07,126 | INFO | edward.autonomous.universe | universe_eligible instrument=1 ticker=AAA candles=1
2026-08-26 21:09:07,126 | INFO | edward.autonomous.universe | universe_scan_completed total=5 eligible=1 rejected=4
2026-08-26 21:09:07,129 | INFO | edward.autonomous.universe | universe_scan_started instruments=1
2026-08-26 21:09:07,130 | INFO | edward.autonomous.universe | universe_eligible instrument=1 ticker=AAA candles=1
2026-08-26 21:09:07,130 | INFO | edward.autonomous.universe | universe_scan_completed total=1 eligible=1 rejected=0
2026-08-26 21:09:07,133 | INFO | edward.autonomous.universe | universe_scan_started instruments=2
2026-08-26 21:09:07,134 | WARNING | edward.autonomous.universe | universe_candles_failed instrument=1 error=gateway failure
2026-08-26 21:09:07,134 | INFO | edward.autonomous.universe | universe_eligible instrument=2 ticker=BBB candles=1
2026-08-26 21:09:07,134 | INFO | edward.autonomous.universe | universe_scan_completed total=2 eligible=1 rejected=1
2026-08-26 21:11:28,263 | INFO | edward.autonomous.live_analysis | live_analysis_started instrument=uid ticker=TEST profile=medium_term
2026-08-26 21:11:28,266 | INFO | edward.autonomous.live_analysis | live_candles_loaded instrument=uid candles=420
2026-08-26 21:11:28,654 | INFO | edward.autonomous.live_analysis | analysis_completed instrument=uid score=0.0 recommendation=None confidence=N/A regime=Trend
2026-08-26 21:11:28,655 | INFO | edward.autonomous.opportunity | decision instrument=UNKNOWN decision=PASS status=VALID opportunity_score=0.0 strategy_score=0.0 reasons=RISK_FAIL
2026-08-26 21:11:28,655 | INFO | edward.autonomous.opportunity | opportunity_rejected instrument=UNKNOWN decision=PASS status=VALID reasons=RISK_FAIL
2026-08-26 21:11:28,655 | INFO | edward.autonomous.opportunity | opportunity_cycle_completed candidates=1 approved=0
2026-08-26 21:11:28,655 | INFO | edward.autonomous.live_analysis | live_analysis_decision instrument=uid decision=PASS status=VALID reasons=RISK_FAIL
2026-08-26 21:11:41,434 | INFO | edward.autonomous.controller | cycle_started budget_total=20000 reserve=2000 invested=0 free_cash=18000 positions=0 opportunities=1
2026-08-26 21:11:41,434 | INFO | edward.autonomous.controller | allocation_completed actions=1 action_types=OPEN
2026-08-26 21:11:41,434 | INFO | edward.autonomous.controller | action_planning action=OPEN instrument=NEW source=None target_value=10000 score_advantage=90 return_improvement=12 risk_improvement=-10 reasons=FREE_SLOT,TOP_OPPORTUNITY
2026-08-26 21:11:41,435 | INFO | edward.autonomous.controller | reallocation_plan action=OPEN instrument=NEW allowed=True steps=3 reasons=OPEN
2026-08-26 21:11:41,435 | INFO | edward.autonomous.controller | step_started sequence=1 type=BUY instrument=NEW value=10000 source=None reasons=FREE_SLOT,TOP_OPPORTUNITY
2026-08-26 21:11:41,435 | INFO | edward.autonomous.controller | step_completed sequence=1 type=BUY instrument=NEW
2026-08-26 21:11:41,435 | INFO | edward.autonomous.controller | step_started sequence=2 type=PROTECT instrument=NEW value=10000 source=None reasons=PROTECTION_REQUIRED
2026-08-26 21:11:41,435 | INFO | edward.autonomous.controller | step_completed sequence=2 type=PROTECT instrument=NEW
2026-08-26 21:11:41,435 | INFO | edward.autonomous.controller | step_started sequence=3 type=VERIFY instrument=NEW value=10000 source=None reasons=PROTECTION_VERIFY
2026-08-26 21:11:41,435 | INFO | edward.autonomous.controller | step_completed sequence=3 type=VERIFY instrument=NEW
2026-08-26 21:11:41,435 | INFO | edward.autonomous.controller | cycle_completed status=COMPLETED actions=1 steps=3 reason=AUTONOMOUS_CYCLE_COMPLETED
2026-08-26 21:11:41,438 | INFO | edward.autonomous.controller | candidate_cycle_started candidates=1
2026-08-26 21:11:41,438 | INFO | edward.autonomous.opportunity | decision instrument=DECISION_NEW decision=BUY status=VALID opportunity_score=90.0 strategy_score=85.0 reasons=BUY_CONDITIONS_MET
2026-08-26 21:11:41,438 | INFO | edward.autonomous.opportunity | opportunity_approved instrument=DECISION_NEW score=90.0 risk=10 expected_return=15 target=10000
2026-08-26 21:11:41,438 | INFO | edward.autonomous.opportunity | opportunity_cycle_completed candidates=1 approved=1
2026-08-26 21:11:41,439 | INFO | edward.autonomous.controller | candidate_cycle_decisions completed=1 approved=1
2026-08-26 21:11:41,439 | INFO | edward.autonomous.controller | cycle_started budget_total=20000 reserve=2000 invested=0 free_cash=18000 positions=0 opportunities=1
2026-08-26 21:11:41,439 | INFO | edward.autonomous.controller | allocation_completed actions=1 action_types=OPEN
2026-08-26 21:11:41,439 | INFO | edward.autonomous.controller | action_planning action=OPEN instrument=DECISION_NEW source=None target_value=10000 score_advantage=90.0 return_improvement=15 risk_improvement=-10 reasons=FREE_SLOT,TOP_OPPORTUNITY
2026-08-26 21:11:41,439 | INFO | edward.autonomous.controller | reallocation_plan action=OPEN instrument=DECISION_NEW allowed=True steps=3 reasons=OPEN
2026-08-26 21:11:41,439 | INFO | edward.autonomous.controller | step_started sequence=1 type=BUY instrument=DECISION_NEW value=10000 source=None reasons=FREE_SLOT,TOP_OPPORTUNITY
2026-08-26 21:11:41,439 | INFO | edward.autonomous.controller | step_completed sequence=1 type=BUY instrument=DECISION_NEW
2026-08-26 21:11:41,439 | INFO | edward.autonomous.controller | step_started sequence=2 type=PROTECT instrument=DECISION_NEW value=10000 source=None reasons=PROTECTION_REQUIRED
2026-08-26 21:11:41,440 | INFO | edward.autonomous.controller | step_completed sequence=2 type=PROTECT instrument=DECISION_NEW
2026-08-26 21:11:41,440 | INFO | edward.autonomous.controller | step_started sequence=3 type=VERIFY instrument=DECISION_NEW value=10000 source=None reasons=PROTECTION_VERIFY
2026-08-26 21:11:41,440 | INFO | edward.autonomous.controller | step_completed sequence=3 type=VERIFY instrument=DECISION_NEW
2026-08-26 21:11:41,440 | INFO | edward.autonomous.controller | cycle_completed status=COMPLETED actions=1 steps=3 reason=AUTONOMOUS_CYCLE_COMPLETED
2026-08-26 21:11:41,443 | INFO | edward.autonomous.controller | cycle_started budget_total=20000 reserve=2000 invested=0 free_cash=18000 positions=0 opportunities=1
2026-08-26 21:11:41,444 | INFO | edward.autonomous.controller | allocation_completed actions=1 action_types=OPEN
2026-08-26 21:11:41,444 | INFO | edward.autonomous.controller | action_planning action=OPEN instrument=NEW source=None target_value=10000 score_advantage=90 return_improvement=12 risk_improvement=-10 reasons=FREE_SLOT,TOP_OPPORTUNITY
2026-08-26 21:11:41,444 | INFO | edward.autonomous.controller | reallocation_plan action=OPEN instrument=NEW allowed=True steps=3 reasons=OPEN
2026-08-26 21:11:41,445 | INFO | edward.autonomous.controller | step_started sequence=1 type=BUY instrument=NEW value=10000 source=None reasons=FREE_SLOT,TOP_OPPORTUNITY
2026-08-26 21:11:41,445 | INFO | edward.autonomous.controller | step_completed sequence=1 type=BUY instrument=NEW
2026-08-26 21:11:41,445 | INFO | edward.autonomous.controller | step_started sequence=2 type=PROTECT instrument=NEW value=10000 source=None reasons=PROTECTION_REQUIRED
2026-08-26 21:11:41,445 | ERROR | edward.autonomous.controller | step_failed sequence=2 type=PROTECT instrument=NEW reason=STEP_EXECUTION_FAILED
2026-08-26 21:11:41,445 | WARNING | edward.autonomous.controller | cycle_blocked stage=EXECUTION instrument=NEW sequence=2
2026-08-26 21:11:41,448 | INFO | edward.autonomous.controller | cycle_started budget_total=20000 reserve=2000 invested=0 free_cash=18000 positions=1 opportunities=0
2026-08-26 21:11:41,448 | INFO | edward.autonomous.controller | allocation_completed actions=0 action_types=
2026-08-26 21:11:41,448 | INFO | edward.autonomous.controller | cycle_completed status=COMPLETED reason=NO_ACTION_REQUIRED
2026-08-26 21:11:41,461 | INFO | edward.autonomous.controller | cycle_started budget_total=100000 reserve=10000 invested=0 free_cash=90000 positions=0 opportunities=1
2026-08-26 21:11:41,461 | INFO | edward.autonomous.controller | allocation_completed actions=1 action_types=OPEN
2026-08-26 21:11:41,461 | INFO | edward.autonomous.controller | action_planning action=OPEN instrument=NEW source=None target_value=20000 score_advantage=90 return_improvement=20 risk_improvement=-10 reasons=FREE_SLOT,TOP_OPPORTUNITY
2026-08-26 21:11:41,461 | INFO | edward.autonomous.controller | reallocation_plan action=OPEN instrument=NEW allowed=True steps=3 reasons=OPEN
2026-08-26 21:11:41,461 | INFO | edward.autonomous.controller | step_started sequence=1 type=BUY instrument=NEW value=20000 source=None reasons=FREE_SLOT,TOP_OPPORTUNITY
2026-08-26 21:11:41,462 | INFO | edward.autonomous.controller | step_completed sequence=1 type=BUY instrument=NEW
2026-08-26 21:11:41,462 | INFO | edward.autonomous.controller | step_started sequence=2 type=PROTECT instrument=NEW value=20000 source=None reasons=PROTECTION_REQUIRED
2026-08-26 21:11:41,462 | INFO | edward.autonomous.controller | step_completed sequence=2 type=PROTECT instrument=NEW
2026-08-26 21:11:41,462 | INFO | edward.autonomous.controller | step_started sequence=3 type=VERIFY instrument=NEW value=20000 source=None reasons=PROTECTION_VERIFY
2026-08-26 21:11:41,462 | INFO | edward.autonomous.controller | step_completed sequence=3 type=VERIFY instrument=NEW
2026-08-26 21:11:41,463 | INFO | edward.autonomous.controller | cycle_completed status=COMPLETED actions=1 steps=3 reason=AUTONOMOUS_CYCLE_COMPLETED
2026-08-26 21:11:41,472 | INFO | edward.autonomous.dry_run | dry_run sequence=1 action=BUY instrument_uid=SBER quantity=3 status=SIMULATED
2026-08-26 21:11:41,472 | INFO | edward.autonomous.dry_run | dry_run sequence=2 action=VERIFY instrument_uid=SBER quantity=3 status=VERIFIED
2026-08-26 21:11:41,475 | INFO | edward.autonomous.live_account | live_snapshot_started account=ACC
2026-08-26 21:11:41,476 | INFO | edward.autonomous.live_account | live_snapshot_completed account=ACC currency=RUB portfolio=40000 cash=30000 blocked=0 invested=10000 positions=1
2026-08-26 21:11:41,479 | INFO | edward.autonomous.live_account | live_snapshot_started account=ACC
2026-08-26 21:11:41,479 | WARNING | edward.autonomous.live_account | live_position_unenriched account=ACC instrument=SEC1
2026-08-26 21:11:41,479 | INFO | edward.autonomous.live_account | live_snapshot_completed account=ACC currency=RUB portfolio=40000 cash=30000 blocked=0 invested=10000 positions=0
2026-08-26 21:11:41,482 | INFO | edward.autonomous.live_account | live_snapshot_started account=ACC
2026-08-26 21:11:41,484 | INFO | edward.autonomous.live_account | live_snapshot_completed account=ACC currency=RUB portfolio=40000 cash=30000 blocked=0 invested=10000 positions=1
2026-08-26 21:11:41,484 | INFO | edward.autonomous.live_account | live_budget_built account=ACC total=40000 reserve=2000 invested=10000 free_cash=28000
2026-08-26 21:11:41,707 | INFO | edward.autonomous.opportunity | decision instrument=TEST decision=BUY status=VALID opportunity_score=90.0 strategy_score=85.0 reasons=BUY_CONDITIONS_MET
2026-08-26 21:11:41,708 | INFO | edward.autonomous.opportunity | opportunity_approved instrument=TEST score=90.0 risk=12 expected_return=18 target=20000
2026-08-26 21:11:41,708 | INFO | edward.autonomous.opportunity | opportunity_cycle_completed candidates=1 approved=1
2026-08-26 21:11:41,711 | INFO | edward.autonomous.opportunity | decision instrument=TEST decision=PASS status=VALID opportunity_score=30.0 strategy_score=85.0 reasons=OPPORTUNITY_TOO_LOW
2026-08-26 21:11:41,711 | INFO | edward.autonomous.opportunity | opportunity_rejected instrument=TEST decision=PASS status=VALID reasons=OPPORTUNITY_TOO_LOW
2026-08-26 21:11:41,711 | INFO | edward.autonomous.opportunity | opportunity_cycle_completed candidates=1 approved=0
2026-08-26 21:11:41,711 | INFO | edward.autonomous.opportunity | decision instrument=TEST decision=PASS status=VALID opportunity_score=30.0 strategy_score=85.0 reasons=OPPORTUNITY_TOO_LOW
2026-08-26 21:11:41,712 | INFO | edward.autonomous.opportunity | opportunity_rejected instrument=TEST decision=PASS status=VALID reasons=OPPORTUNITY_TOO_LOW
2026-08-26 21:11:41,712 | INFO | edward.autonomous.opportunity | opportunity_cycle_completed candidates=1 approved=0
2026-08-26 21:11:41,715 | INFO | edward.autonomous.ranking | opportunity_ranking_completed candidates=3 top=B
2026-08-26 21:11:41,718 | INFO | edward.autonomous.ranking | opportunity_ranking_completed candidates=2 top=A
2026-08-26 21:11:41,721 | INFO | edward.autonomous.planning | planning_started account_capital=1324799.71 invested=54465.50 free_cash=1270334.21 slots=5 reserve_pct=0
2026-08-26 21:11:41,721 | INFO | edward.autonomous.planning | planning_completed planning_budget=1324799.71 reserve=0.00 slots=5 target_position_value=264959.942
2026-08-26 21:11:41,724 | INFO | edward.autonomous.planning | planning_started account_capital=100000 invested=20000 free_cash=80000 slots=4 reserve_pct=10
2026-08-26 21:11:41,724 | INFO | edward.autonomous.planning | planning_completed planning_budget=90000.00 reserve=10000.00 slots=4 target_position_value=22500.00
2026-08-26 21:11:41,731 | INFO | edward.autonomous.planning | planning_started account_capital=100000 invested=0 free_cash=100000 slots=5 reserve_pct=0
2026-08-26 21:11:41,732 | INFO | edward.autonomous.planning | planning_completed planning_budget=100000.00 reserve=0.00 slots=5 target_position_value=20000.00
2026-08-26 21:11:41,732 | INFO | edward.autonomous.planning | allocation_policy_built max_positions=5 max_position_value=20000.00 min_position_value=500 replacement_advantage=10 return_improvement=2
2026-08-26 21:11:41,816 | INFO | edward.autonomous.universe | universe_scan_started instruments=5
2026-08-26 21:11:41,817 | INFO | edward.autonomous.universe | universe_eligible instrument=1 ticker=AAA candles=1
2026-08-26 21:11:41,817 | INFO | edward.autonomous.universe | universe_scan_completed total=5 eligible=1 rejected=4
2026-08-26 21:11:41,820 | INFO | edward.autonomous.universe | universe_scan_started instruments=1
2026-08-26 21:11:41,820 | INFO | edward.autonomous.universe | universe_eligible instrument=1 ticker=AAA candles=1
2026-08-26 21:11:41,820 | INFO | edward.autonomous.universe | universe_scan_completed total=1 eligible=1 rejected=0
2026-08-26 21:11:41,822 | INFO | edward.autonomous.universe | universe_scan_started instruments=2
2026-08-26 21:11:41,822 | WARNING | edward.autonomous.universe | universe_candles_failed instrument=1 error=gateway failure
2026-08-26 21:11:41,823 | INFO | edward.autonomous.universe | universe_eligible instrument=2 ticker=BBB candles=1
2026-08-26 21:11:41,823 | INFO | edward.autonomous.universe | universe_scan_completed total=2 eligible=1 rejected=1
2026-08-26 21:13:41,612 | INFO | edward.autonomous.live_analysis | live_analysis_started instrument=uid ticker=TEST profile=medium_term
2026-08-26 21:13:41,614 | INFO | edward.autonomous.live_analysis | live_candles_loaded instrument=uid candles=420
2026-08-26 21:13:41,993 | INFO | edward.autonomous.live_analysis | analysis_completed instrument=uid score=0.0 recommendation=None confidence=N/A regime=Trend
2026-08-26 21:13:41,993 | INFO | edward.autonomous.opportunity | decision instrument=UNKNOWN decision=PASS status=VALID opportunity_score=0.0 strategy_score=0.0 reasons=RISK_FAIL
2026-08-26 21:13:41,993 | INFO | edward.autonomous.opportunity | opportunity_rejected instrument=UNKNOWN decision=PASS status=VALID reasons=RISK_FAIL
2026-08-26 21:13:41,993 | INFO | edward.autonomous.opportunity | opportunity_cycle_completed candidates=1 approved=0
2026-08-26 21:13:41,993 | INFO | edward.autonomous.live_analysis | live_analysis_decision instrument=uid decision=PASS status=VALID reasons=RISK_FAIL
2026-08-26 21:13:54,759 | INFO | edward.autonomous.controller | cycle_started budget_total=20000 reserve=2000 invested=0 free_cash=18000 positions=0 opportunities=1
2026-08-26 21:13:54,759 | INFO | edward.autonomous.controller | allocation_completed actions=1 action_types=OPEN
2026-08-26 21:13:54,759 | INFO | edward.autonomous.controller | action_planning action=OPEN instrument=NEW source=None target_value=10000 score_advantage=90 return_improvement=12 risk_improvement=-10 reasons=FREE_SLOT,TOP_OPPORTUNITY
2026-08-26 21:13:54,760 | INFO | edward.autonomous.controller | reallocation_plan action=OPEN instrument=NEW allowed=True steps=3 reasons=OPEN
2026-08-26 21:13:54,760 | INFO | edward.autonomous.controller | step_started sequence=1 type=BUY instrument=NEW value=10000 source=None reasons=FREE_SLOT,TOP_OPPORTUNITY
2026-08-26 21:13:54,760 | INFO | edward.autonomous.controller | step_completed sequence=1 type=BUY instrument=NEW
2026-08-26 21:13:54,760 | INFO | edward.autonomous.controller | step_started sequence=2 type=PROTECT instrument=NEW value=10000 source=None reasons=PROTECTION_REQUIRED
2026-08-26 21:13:54,760 | INFO | edward.autonomous.controller | step_completed sequence=2 type=PROTECT instrument=NEW
2026-08-26 21:13:54,760 | INFO | edward.autonomous.controller | step_started sequence=3 type=VERIFY instrument=NEW value=10000 source=None reasons=PROTECTION_VERIFY
2026-08-26 21:13:54,760 | INFO | edward.autonomous.controller | step_completed sequence=3 type=VERIFY instrument=NEW
2026-08-26 21:13:54,760 | INFO | edward.autonomous.controller | cycle_completed status=COMPLETED actions=1 steps=3 reason=AUTONOMOUS_CYCLE_COMPLETED
2026-08-26 21:13:54,764 | INFO | edward.autonomous.controller | candidate_cycle_started candidates=1
2026-08-26 21:13:54,764 | INFO | edward.autonomous.opportunity | decision instrument=DECISION_NEW decision=BUY status=VALID opportunity_score=90.0 strategy_score=85.0 reasons=BUY_CONDITIONS_MET
2026-08-26 21:13:54,764 | INFO | edward.autonomous.opportunity | opportunity_approved instrument=DECISION_NEW score=90.0 risk=10 expected_return=15 target=10000
2026-08-26 21:13:54,764 | INFO | edward.autonomous.opportunity | opportunity_cycle_completed candidates=1 approved=1
2026-08-26 21:13:54,764 | INFO | edward.autonomous.controller | candidate_cycle_decisions completed=1 approved=1
2026-08-26 21:13:54,764 | INFO | edward.autonomous.controller | cycle_started budget_total=20000 reserve=2000 invested=0 free_cash=18000 positions=0 opportunities=1
2026-08-26 21:13:54,765 | INFO | edward.autonomous.controller | allocation_completed actions=1 action_types=OPEN
2026-08-26 21:13:54,765 | INFO | edward.autonomous.controller | action_planning action=OPEN instrument=DECISION_NEW source=None target_value=10000 score_advantage=90.0 return_improvement=15 risk_improvement=-10 reasons=FREE_SLOT,TOP_OPPORTUNITY
2026-08-26 21:13:54,765 | INFO | edward.autonomous.controller | reallocation_plan action=OPEN instrument=DECISION_NEW allowed=True steps=3 reasons=OPEN
2026-08-26 21:13:54,765 | INFO | edward.autonomous.controller | step_started sequence=1 type=BUY instrument=DECISION_NEW value=10000 source=None reasons=FREE_SLOT,TOP_OPPORTUNITY
2026-08-26 21:13:54,765 | INFO | edward.autonomous.controller | step_completed sequence=1 type=BUY instrument=DECISION_NEW
2026-08-26 21:13:54,765 | INFO | edward.autonomous.controller | step_started sequence=2 type=PROTECT instrument=DECISION_NEW value=10000 source=None reasons=PROTECTION_REQUIRED
2026-08-26 21:13:54,765 | INFO | edward.autonomous.controller | step_completed sequence=2 type=PROTECT instrument=DECISION_NEW
2026-08-26 21:13:54,765 | INFO | edward.autonomous.controller | step_started sequence=3 type=VERIFY instrument=DECISION_NEW value=10000 source=None reasons=PROTECTION_VERIFY
2026-08-26 21:13:54,765 | INFO | edward.autonomous.controller | step_completed sequence=3 type=VERIFY instrument=DECISION_NEW
2026-08-26 21:13:54,765 | INFO | edward.autonomous.controller | cycle_completed status=COMPLETED actions=1 steps=3 reason=AUTONOMOUS_CYCLE_COMPLETED
2026-08-26 21:13:54,769 | INFO | edward.autonomous.controller | cycle_started budget_total=20000 reserve=2000 invested=0 free_cash=18000 positions=0 opportunities=1
2026-08-26 21:13:54,769 | INFO | edward.autonomous.controller | allocation_completed actions=1 action_types=OPEN
2026-08-26 21:13:54,769 | INFO | edward.autonomous.controller | action_planning action=OPEN instrument=NEW source=None target_value=10000 score_advantage=90 return_improvement=12 risk_improvement=-10 reasons=FREE_SLOT,TOP_OPPORTUNITY
2026-08-26 21:13:54,769 | INFO | edward.autonomous.controller | reallocation_plan action=OPEN instrument=NEW allowed=True steps=3 reasons=OPEN
2026-08-26 21:13:54,770 | INFO | edward.autonomous.controller | step_started sequence=1 type=BUY instrument=NEW value=10000 source=None reasons=FREE_SLOT,TOP_OPPORTUNITY
2026-08-26 21:13:54,770 | INFO | edward.autonomous.controller | step_completed sequence=1 type=BUY instrument=NEW
2026-08-26 21:13:54,770 | INFO | edward.autonomous.controller | step_started sequence=2 type=PROTECT instrument=NEW value=10000 source=None reasons=PROTECTION_REQUIRED
2026-08-26 21:13:54,770 | ERROR | edward.autonomous.controller | step_failed sequence=2 type=PROTECT instrument=NEW reason=STEP_EXECUTION_FAILED
2026-08-26 21:13:54,770 | WARNING | edward.autonomous.controller | cycle_blocked stage=EXECUTION instrument=NEW sequence=2
2026-08-26 21:13:54,773 | INFO | edward.autonomous.controller | cycle_started budget_total=20000 reserve=2000 invested=0 free_cash=18000 positions=1 opportunities=0
2026-08-26 21:13:54,773 | INFO | edward.autonomous.controller | allocation_completed actions=0 action_types=
2026-08-26 21:13:54,773 | INFO | edward.autonomous.controller | cycle_completed status=COMPLETED reason=NO_ACTION_REQUIRED
2026-08-26 21:13:54,788 | INFO | edward.autonomous.controller | cycle_started budget_total=100000 reserve=10000 invested=0 free_cash=90000 positions=0 opportunities=1
2026-08-26 21:13:54,788 | INFO | edward.autonomous.controller | allocation_completed actions=1 action_types=OPEN
2026-08-26 21:13:54,788 | INFO | edward.autonomous.controller | action_planning action=OPEN instrument=NEW source=None target_value=20000 score_advantage=90 return_improvement=20 risk_improvement=-10 reasons=FREE_SLOT,TOP_OPPORTUNITY
2026-08-26 21:13:54,788 | INFO | edward.autonomous.controller | reallocation_plan action=OPEN instrument=NEW allowed=True steps=3 reasons=OPEN
2026-08-26 21:13:54,788 | INFO | edward.autonomous.controller | step_started sequence=1 type=BUY instrument=NEW value=20000 source=None reasons=FREE_SLOT,TOP_OPPORTUNITY
2026-08-26 21:13:54,788 | INFO | edward.autonomous.controller | step_completed sequence=1 type=BUY instrument=NEW
2026-08-26 21:13:54,788 | INFO | edward.autonomous.controller | step_started sequence=2 type=PROTECT instrument=NEW value=20000 source=None reasons=PROTECTION_REQUIRED
2026-08-26 21:13:54,789 | INFO | edward.autonomous.controller | step_completed sequence=2 type=PROTECT instrument=NEW
2026-08-26 21:13:54,789 | INFO | edward.autonomous.controller | step_started sequence=3 type=VERIFY instrument=NEW value=20000 source=None reasons=PROTECTION_VERIFY
2026-08-26 21:13:54,789 | INFO | edward.autonomous.controller | step_completed sequence=3 type=VERIFY instrument=NEW
2026-08-26 21:13:54,789 | INFO | edward.autonomous.controller | cycle_completed status=COMPLETED actions=1 steps=3 reason=AUTONOMOUS_CYCLE_COMPLETED
2026-08-26 21:13:54,802 | INFO | edward.autonomous.dry_run | dry_run sequence=1 action=BUY instrument_uid=SBER quantity=3 status=SIMULATED
2026-08-26 21:13:54,802 | INFO | edward.autonomous.dry_run | dry_run sequence=2 action=VERIFY instrument_uid=SBER quantity=3 status=VERIFIED
2026-08-26 21:13:54,805 | INFO | edward.autonomous.live_account | live_snapshot_started account=ACC
2026-08-26 21:13:54,806 | INFO | edward.autonomous.live_account | live_snapshot_completed account=ACC currency=RUB portfolio=40000 cash=30000 blocked=0 invested=10000 positions=1
2026-08-26 21:13:54,809 | INFO | edward.autonomous.live_account | live_snapshot_started account=ACC
2026-08-26 21:13:54,810 | WARNING | edward.autonomous.live_account | live_position_unenriched account=ACC instrument=SEC1
2026-08-26 21:13:54,810 | INFO | edward.autonomous.live_account | live_snapshot_completed account=ACC currency=RUB portfolio=40000 cash=30000 blocked=0 invested=10000 positions=0
2026-08-26 21:13:54,813 | INFO | edward.autonomous.live_account | live_snapshot_started account=ACC
2026-08-26 21:13:54,814 | INFO | edward.autonomous.live_account | live_snapshot_completed account=ACC currency=RUB portfolio=40000 cash=30000 blocked=0 invested=10000 positions=1
2026-08-26 21:13:54,814 | INFO | edward.autonomous.live_account | live_budget_built account=ACC total=40000 reserve=2000 invested=10000 free_cash=28000
2026-08-26 21:13:54,818 | INFO | edward.autonomous.live_cycle | live_snapshot_started account_id=ACC
2026-08-26 21:13:54,818 | INFO | edward.autonomous.planning | planning_started account_capital=100000 invested=10000 free_cash=90000 slots=5 reserve_pct=10
2026-08-26 21:13:54,818 | INFO | edward.autonomous.planning | planning_completed planning_budget=90000.00 reserve=10000.00 slots=5 target_position_value=18000.00
2026-08-26 21:13:54,818 | INFO | edward.autonomous.planning | trading_budget_built total=100000 reserve=10000.00 invested=10000 free_cash=80000.00
2026-08-26 21:13:54,818 | INFO | edward.autonomous.live_cycle | live_snapshot_completed account_id=ACC portfolio=100000 cash=90000 securities=10000 positions=1 slots=5 planning_budget=90000.00 target_position_value=18000.00
2026-08-26 21:13:55,039 | INFO | edward.autonomous.opportunity | decision instrument=TEST decision=BUY status=VALID opportunity_score=90.0 strategy_score=85.0 reasons=BUY_CONDITIONS_MET
2026-08-26 21:13:55,039 | INFO | edward.autonomous.opportunity | opportunity_approved instrument=TEST score=90.0 risk=12 expected_return=18 target=20000
2026-08-26 21:13:55,040 | INFO | edward.autonomous.opportunity | opportunity_cycle_completed candidates=1 approved=1
2026-08-26 21:13:55,042 | INFO | edward.autonomous.opportunity | decision instrument=TEST decision=PASS status=VALID opportunity_score=30.0 strategy_score=85.0 reasons=OPPORTUNITY_TOO_LOW
2026-08-26 21:13:55,043 | INFO | edward.autonomous.opportunity | opportunity_rejected instrument=TEST decision=PASS status=VALID reasons=OPPORTUNITY_TOO_LOW
2026-08-26 21:13:55,043 | INFO | edward.autonomous.opportunity | opportunity_cycle_completed candidates=1 approved=0
2026-08-26 21:13:55,043 | INFO | edward.autonomous.opportunity | decision instrument=TEST decision=PASS status=VALID opportunity_score=30.0 strategy_score=85.0 reasons=OPPORTUNITY_TOO_LOW
2026-08-26 21:13:55,043 | INFO | edward.autonomous.opportunity | opportunity_rejected instrument=TEST decision=PASS status=VALID reasons=OPPORTUNITY_TOO_LOW
2026-08-26 21:13:55,043 | INFO | edward.autonomous.opportunity | opportunity_cycle_completed candidates=1 approved=0
2026-08-26 21:13:55,047 | INFO | edward.autonomous.ranking | opportunity_ranking_completed candidates=3 top=B
2026-08-26 21:13:55,050 | INFO | edward.autonomous.ranking | opportunity_ranking_completed candidates=2 top=A
2026-08-26 21:13:55,052 | INFO | edward.autonomous.planning | planning_started account_capital=1324799.71 invested=54465.50 free_cash=1270334.21 slots=5 reserve_pct=0
2026-08-26 21:13:55,053 | INFO | edward.autonomous.planning | planning_completed planning_budget=1324799.71 reserve=0.00 slots=5 target_position_value=264959.942
2026-08-26 21:13:55,056 | INFO | edward.autonomous.planning | planning_started account_capital=100000 invested=20000 free_cash=80000 slots=4 reserve_pct=10
2026-08-26 21:13:55,056 | INFO | edward.autonomous.planning | planning_completed planning_budget=90000.00 reserve=10000.00 slots=4 target_position_value=22500.00
2026-08-26 21:13:55,062 | INFO | edward.autonomous.planning | planning_started account_capital=100000 invested=0 free_cash=100000 slots=5 reserve_pct=0
2026-08-26 21:13:55,062 | INFO | edward.autonomous.planning | planning_completed planning_budget=100000.00 reserve=0.00 slots=5 target_position_value=20000.00
2026-08-26 21:13:55,063 | INFO | edward.autonomous.planning | allocation_policy_built max_positions=5 max_position_value=20000.00 min_position_value=500 replacement_advantage=10 return_improvement=2
2026-08-26 21:13:55,150 | INFO | edward.autonomous.universe | universe_scan_started instruments=5
2026-08-26 21:13:55,150 | INFO | edward.autonomous.universe | universe_eligible instrument=1 ticker=AAA candles=1
2026-08-26 21:13:55,150 | INFO | edward.autonomous.universe | universe_scan_completed total=5 eligible=1 rejected=4
2026-08-26 21:13:55,153 | INFO | edward.autonomous.universe | universe_scan_started instruments=1
2026-08-26 21:13:55,153 | INFO | edward.autonomous.universe | universe_eligible instrument=1 ticker=AAA candles=1
2026-08-26 21:13:55,153 | INFO | edward.autonomous.universe | universe_scan_completed total=1 eligible=1 rejected=0
2026-08-26 21:13:55,156 | INFO | edward.autonomous.universe | universe_scan_started instruments=2
2026-08-26 21:13:55,156 | WARNING | edward.autonomous.universe | universe_candles_failed instrument=1 error=gateway failure
2026-08-26 21:13:55,156 | INFO | edward.autonomous.universe | universe_eligible instrument=2 ticker=BBB candles=1
2026-08-26 21:13:55,156 | INFO | edward.autonomous.universe | universe_scan_completed total=2 eligible=1 rejected=1
2026-08-26 21:15:09,714 | INFO | edward.autonomous.live_analysis | live_analysis_started instrument=uid ticker=TEST profile=medium_term
2026-08-26 21:15:09,721 | INFO | edward.autonomous.live_analysis | live_candles_loaded instrument=uid candles=420
2026-08-26 21:15:10,336 | INFO | edward.autonomous.live_analysis | analysis_completed instrument=uid score=0.0 recommendation=None confidence=N/A regime=Trend
2026-08-26 21:15:10,337 | INFO | edward.autonomous.opportunity | decision instrument=UNKNOWN decision=PASS status=VALID opportunity_score=0.0 strategy_score=0.0 reasons=RISK_FAIL
2026-08-26 21:15:10,337 | INFO | edward.autonomous.opportunity | opportunity_rejected instrument=UNKNOWN decision=PASS status=VALID reasons=RISK_FAIL
2026-08-26 21:15:10,337 | INFO | edward.autonomous.opportunity | opportunity_cycle_completed candidates=1 approved=0
2026-08-26 21:15:10,337 | INFO | edward.autonomous.live_analysis | live_analysis_decision instrument=uid decision=PASS status=VALID reasons=RISK_FAIL
2026-08-26 21:15:26,800 | INFO | edward.autonomous.controller | cycle_started budget_total=20000 reserve=2000 invested=0 free_cash=18000 positions=0 opportunities=1
2026-08-26 21:15:26,800 | INFO | edward.autonomous.controller | allocation_completed actions=1 action_types=OPEN
2026-08-26 21:15:26,800 | INFO | edward.autonomous.controller | action_planning action=OPEN instrument=NEW source=None target_value=10000 score_advantage=90 return_improvement=12 risk_improvement=-10 reasons=FREE_SLOT,TOP_OPPORTUNITY
2026-08-26 21:15:26,800 | INFO | edward.autonomous.controller | reallocation_plan action=OPEN instrument=NEW allowed=True steps=3 reasons=OPEN
2026-08-26 21:15:26,801 | INFO | edward.autonomous.controller | step_started sequence=1 type=BUY instrument=NEW value=10000 source=None reasons=FREE_SLOT,TOP_OPPORTUNITY
2026-08-26 21:15:26,801 | INFO | edward.autonomous.controller | step_completed sequence=1 type=BUY instrument=NEW
2026-08-26 21:15:26,801 | INFO | edward.autonomous.controller | step_started sequence=2 type=PROTECT instrument=NEW value=10000 source=None reasons=PROTECTION_REQUIRED
2026-08-26 21:15:26,801 | INFO | edward.autonomous.controller | step_completed sequence=2 type=PROTECT instrument=NEW
2026-08-26 21:15:26,801 | INFO | edward.autonomous.controller | step_started sequence=3 type=VERIFY instrument=NEW value=10000 source=None reasons=PROTECTION_VERIFY
2026-08-26 21:15:26,801 | INFO | edward.autonomous.controller | step_completed sequence=3 type=VERIFY instrument=NEW
2026-08-26 21:15:26,801 | INFO | edward.autonomous.controller | cycle_completed status=COMPLETED actions=1 steps=3 reason=AUTONOMOUS_CYCLE_COMPLETED
2026-08-26 21:15:26,804 | INFO | edward.autonomous.controller | candidate_cycle_started candidates=1
2026-08-26 21:15:26,804 | INFO | edward.autonomous.opportunity | decision instrument=DECISION_NEW decision=BUY status=VALID opportunity_score=90.0 strategy_score=85.0 reasons=BUY_CONDITIONS_MET
2026-08-26 21:15:26,804 | INFO | edward.autonomous.opportunity | opportunity_approved instrument=DECISION_NEW score=90.0 risk=10 expected_return=15 target=10000
2026-08-26 21:15:26,804 | INFO | edward.autonomous.opportunity | opportunity_cycle_completed candidates=1 approved=1
2026-08-26 21:15:26,804 | INFO | edward.autonomous.controller | candidate_cycle_decisions completed=1 approved=1
2026-08-26 21:15:26,805 | INFO | edward.autonomous.controller | cycle_started budget_total=20000 reserve=2000 invested=0 free_cash=18000 positions=0 opportunities=1
2026-08-26 21:15:26,805 | INFO | edward.autonomous.controller | allocation_completed actions=1 action_types=OPEN
2026-08-26 21:15:26,805 | INFO | edward.autonomous.controller | action_planning action=OPEN instrument=DECISION_NEW source=None target_value=10000 score_advantage=90.0 return_improvement=15 risk_improvement=-10 reasons=FREE_SLOT,TOP_OPPORTUNITY
2026-08-26 21:15:26,805 | INFO | edward.autonomous.controller | reallocation_plan action=OPEN instrument=DECISION_NEW allowed=True steps=3 reasons=OPEN
2026-08-26 21:15:26,805 | INFO | edward.autonomous.controller | step_started sequence=1 type=BUY instrument=DECISION_NEW value=10000 source=None reasons=FREE_SLOT,TOP_OPPORTUNITY
2026-08-26 21:15:26,805 | INFO | edward.autonomous.controller | step_completed sequence=1 type=BUY instrument=DECISION_NEW
2026-08-26 21:15:26,805 | INFO | edward.autonomous.controller | step_started sequence=2 type=PROTECT instrument=DECISION_NEW value=10000 source=None reasons=PROTECTION_REQUIRED
2026-08-26 21:15:26,805 | INFO | edward.autonomous.controller | step_completed sequence=2 type=PROTECT instrument=DECISION_NEW
2026-08-26 21:15:26,805 | INFO | edward.autonomous.controller | step_started sequence=3 type=VERIFY instrument=DECISION_NEW value=10000 source=None reasons=PROTECTION_VERIFY
2026-08-26 21:15:26,805 | INFO | edward.autonomous.controller | step_completed sequence=3 type=VERIFY instrument=DECISION_NEW
2026-08-26 21:15:26,806 | INFO | edward.autonomous.controller | cycle_completed status=COMPLETED actions=1 steps=3 reason=AUTONOMOUS_CYCLE_COMPLETED
2026-08-26 21:15:26,809 | INFO | edward.autonomous.controller | cycle_started budget_total=20000 reserve=2000 invested=0 free_cash=18000 positions=0 opportunities=1
2026-08-26 21:15:26,809 | INFO | edward.autonomous.controller | allocation_completed actions=1 action_types=OPEN
2026-08-26 21:15:26,809 | INFO | edward.autonomous.controller | action_planning action=OPEN instrument=NEW source=None target_value=10000 score_advantage=90 return_improvement=12 risk_improvement=-10 reasons=FREE_SLOT,TOP_OPPORTUNITY
2026-08-26 21:15:26,810 | INFO | edward.autonomous.controller | reallocation_plan action=OPEN instrument=NEW allowed=True steps=3 reasons=OPEN
2026-08-26 21:15:26,810 | INFO | edward.autonomous.controller | step_started sequence=1 type=BUY instrument=NEW value=10000 source=None reasons=FREE_SLOT,TOP_OPPORTUNITY
2026-08-26 21:15:26,810 | INFO | edward.autonomous.controller | step_completed sequence=1 type=BUY instrument=NEW
2026-08-26 21:15:26,810 | INFO | edward.autonomous.controller | step_started sequence=2 type=PROTECT instrument=NEW value=10000 source=None reasons=PROTECTION_REQUIRED
2026-08-26 21:15:26,810 | ERROR | edward.autonomous.controller | step_failed sequence=2 type=PROTECT instrument=NEW reason=STEP_EXECUTION_FAILED
2026-08-26 21:15:26,810 | WARNING | edward.autonomous.controller | cycle_blocked stage=EXECUTION instrument=NEW sequence=2
2026-08-26 21:15:26,813 | INFO | edward.autonomous.controller | cycle_started budget_total=20000 reserve=2000 invested=0 free_cash=18000 positions=1 opportunities=0
2026-08-26 21:15:26,813 | INFO | edward.autonomous.controller | allocation_completed actions=0 action_types=
2026-08-26 21:15:26,813 | INFO | edward.autonomous.controller | cycle_completed status=COMPLETED reason=NO_ACTION_REQUIRED
2026-08-26 21:15:26,829 | INFO | edward.autonomous.controller | cycle_started budget_total=100000 reserve=10000 invested=0 free_cash=90000 positions=0 opportunities=1
2026-08-26 21:15:26,830 | INFO | edward.autonomous.controller | allocation_completed actions=1 action_types=OPEN
2026-08-26 21:15:26,830 | INFO | edward.autonomous.controller | action_planning action=OPEN instrument=NEW source=None target_value=20000 score_advantage=90 return_improvement=20 risk_improvement=-10 reasons=FREE_SLOT,TOP_OPPORTUNITY
2026-08-26 21:15:26,830 | INFO | edward.autonomous.controller | reallocation_plan action=OPEN instrument=NEW allowed=True steps=3 reasons=OPEN
2026-08-26 21:15:26,831 | INFO | edward.autonomous.controller | step_started sequence=1 type=BUY instrument=NEW value=20000 source=None reasons=FREE_SLOT,TOP_OPPORTUNITY
2026-08-26 21:15:26,831 | INFO | edward.autonomous.controller | step_completed sequence=1 type=BUY instrument=NEW
2026-08-26 21:15:26,831 | INFO | edward.autonomous.controller | step_started sequence=2 type=PROTECT instrument=NEW value=20000 source=None reasons=PROTECTION_REQUIRED
2026-08-26 21:15:26,831 | INFO | edward.autonomous.controller | step_completed sequence=2 type=PROTECT instrument=NEW
2026-08-26 21:15:26,831 | INFO | edward.autonomous.controller | step_started sequence=3 type=VERIFY instrument=NEW value=20000 source=None reasons=PROTECTION_VERIFY
2026-08-26 21:15:26,831 | INFO | edward.autonomous.controller | step_completed sequence=3 type=VERIFY instrument=NEW
2026-08-26 21:15:26,831 | INFO | edward.autonomous.controller | cycle_completed status=COMPLETED actions=1 steps=3 reason=AUTONOMOUS_CYCLE_COMPLETED
2026-08-26 21:15:26,843 | INFO | edward.autonomous.dry_run | dry_run sequence=1 action=BUY instrument_uid=SBER quantity=3 status=SIMULATED
2026-08-26 21:15:26,844 | INFO | edward.autonomous.dry_run | dry_run sequence=2 action=VERIFY instrument_uid=SBER quantity=3 status=VERIFIED
2026-08-26 21:15:26,847 | INFO | edward.autonomous.live_account | live_snapshot_started account=ACC
2026-08-26 21:15:26,848 | INFO | edward.autonomous.live_account | live_snapshot_completed account=ACC currency=RUB portfolio=40000 cash=30000 blocked=0 invested=10000 positions=1
2026-08-26 21:15:26,851 | INFO | edward.autonomous.live_account | live_snapshot_started account=ACC
2026-08-26 21:15:26,851 | WARNING | edward.autonomous.live_account | live_position_unenriched account=ACC instrument=SEC1
2026-08-26 21:15:26,851 | INFO | edward.autonomous.live_account | live_snapshot_completed account=ACC currency=RUB portfolio=40000 cash=30000 blocked=0 invested=10000 positions=0
2026-08-26 21:15:26,855 | INFO | edward.autonomous.live_account | live_snapshot_started account=ACC
2026-08-26 21:15:26,856 | INFO | edward.autonomous.live_account | live_snapshot_completed account=ACC currency=RUB portfolio=40000 cash=30000 blocked=0 invested=10000 positions=1
2026-08-26 21:15:26,856 | INFO | edward.autonomous.live_account | live_budget_built account=ACC total=40000 reserve=2000 invested=10000 free_cash=28000
2026-08-26 21:15:26,860 | INFO | edward.autonomous.live_cycle | live_snapshot_started account_id=ACC
2026-08-26 21:15:26,861 | INFO | edward.autonomous.planning | planning_started account_capital=100000 invested=10000 free_cash=90000 slots=5 reserve_pct=10
2026-08-26 21:15:26,861 | INFO | edward.autonomous.planning | planning_completed planning_budget=90000.00 reserve=10000.00 slots=5 target_position_value=18000.00
2026-08-26 21:15:26,861 | INFO | edward.autonomous.planning | trading_budget_built total=100000 reserve=10000.00 invested=10000 free_cash=80000.00
2026-08-26 21:15:26,861 | INFO | edward.autonomous.live_cycle | live_snapshot_completed account_id=ACC portfolio=100000 cash=90000 securities=10000 positions=1 slots=5 planning_budget=90000.00 target_position_value=18000.00
2026-08-26 21:15:26,865 | INFO | edward.autonomous.opportunity | decision instrument=TEST decision=BUY status=VALID opportunity_score=90.0 strategy_score=85.0 reasons=BUY_CONDITIONS_MET
2026-08-26 21:15:26,866 | INFO | edward.autonomous.opportunity | opportunity_approved instrument=TEST score=90.0 risk=12 expected_return=18 target=20000
2026-08-26 21:15:26,866 | INFO | edward.autonomous.opportunity | opportunity_cycle_completed candidates=1 approved=1
2026-08-26 21:15:26,869 | INFO | edward.autonomous.opportunity | decision instrument=TEST decision=PASS status=VALID opportunity_score=30.0 strategy_score=85.0 reasons=OPPORTUNITY_TOO_LOW
2026-08-26 21:15:26,870 | INFO | edward.autonomous.opportunity | opportunity_rejected instrument=TEST decision=PASS status=VALID reasons=OPPORTUNITY_TOO_LOW
2026-08-26 21:15:26,870 | INFO | edward.autonomous.opportunity | opportunity_cycle_completed candidates=1 approved=0
2026-08-26 21:15:26,870 | INFO | edward.autonomous.opportunity | decision instrument=TEST decision=PASS status=VALID opportunity_score=30.0 strategy_score=85.0 reasons=OPPORTUNITY_TOO_LOW
2026-08-26 21:15:26,870 | INFO | edward.autonomous.opportunity | opportunity_rejected instrument=TEST decision=PASS status=VALID reasons=OPPORTUNITY_TOO_LOW
2026-08-26 21:15:26,870 | INFO | edward.autonomous.opportunity | opportunity_cycle_completed candidates=1 approved=0
2026-08-26 21:15:26,873 | INFO | edward.autonomous.ranking | opportunity_ranking_completed candidates=3 top=B
2026-08-26 21:15:26,876 | INFO | edward.autonomous.ranking | opportunity_ranking_completed candidates=2 top=A
2026-08-26 21:15:26,880 | INFO | edward.autonomous.planning | planning_started account_capital=1324799.71 invested=54465.50 free_cash=1270334.21 slots=5 reserve_pct=0
2026-08-26 21:15:26,880 | INFO | edward.autonomous.planning | planning_completed planning_budget=1324799.71 reserve=0.00 slots=5 target_position_value=264959.942
2026-08-26 21:15:26,883 | INFO | edward.autonomous.planning | planning_started account_capital=100000 invested=20000 free_cash=80000 slots=4 reserve_pct=10
2026-08-26 21:15:26,883 | INFO | edward.autonomous.planning | planning_completed planning_budget=90000.00 reserve=10000.00 slots=4 target_position_value=22500.00
2026-08-26 21:15:26,889 | INFO | edward.autonomous.planning | planning_started account_capital=100000 invested=0 free_cash=100000 slots=5 reserve_pct=0
2026-08-26 21:15:26,889 | INFO | edward.autonomous.planning | planning_completed planning_budget=100000.00 reserve=0.00 slots=5 target_position_value=20000.00
2026-08-26 21:15:26,889 | INFO | edward.autonomous.planning | allocation_policy_built max_positions=5 max_position_value=20000.00 min_position_value=500 replacement_advantage=10 return_improvement=2
2026-08-26 21:15:26,973 | INFO | edward.autonomous.universe | universe_scan_started instruments=5
2026-08-26 21:15:26,973 | INFO | edward.autonomous.universe | universe_eligible instrument=1 ticker=AAA candles=1
2026-08-26 21:15:26,974 | INFO | edward.autonomous.universe | universe_scan_completed total=5 eligible=1 rejected=4
2026-08-26 21:15:26,977 | INFO | edward.autonomous.universe | universe_scan_started instruments=1
2026-08-26 21:15:26,978 | INFO | edward.autonomous.universe | universe_eligible instrument=1 ticker=AAA candles=1
2026-08-26 21:15:26,978 | INFO | edward.autonomous.universe | universe_scan_completed total=1 eligible=1 rejected=0
2026-08-26 21:15:26,981 | INFO | edward.autonomous.universe | universe_scan_started instruments=2
2026-08-26 21:15:26,982 | WARNING | edward.autonomous.universe | universe_candles_failed instrument=1 error=gateway failure
2026-08-26 21:15:26,982 | INFO | edward.autonomous.universe | universe_eligible instrument=2 ticker=BBB candles=1
2026-08-26 21:15:26,982 | INFO | edward.autonomous.universe | universe_scan_completed total=2 eligible=1 rejected=1
2026-08-26 21:21:47,798 | INFO | edward.autonomous.live_analysis | live_analysis_started instrument=uid ticker=TEST profile=medium_term
2026-08-26 21:21:47,801 | INFO | edward.autonomous.live_analysis | live_candles_loaded instrument=uid candles=420
2026-08-26 21:21:48,203 | INFO | edward.autonomous.live_analysis | analysis_completed instrument=uid score=0.0 recommendation=None confidence=N/A regime=Trend
2026-08-26 21:21:48,204 | INFO | edward.autonomous.opportunity | decision instrument=UNKNOWN decision=PASS status=VALID opportunity_score=0.0 strategy_score=0.0 reasons=RISK_FAIL
2026-08-26 21:21:48,204 | INFO | edward.autonomous.opportunity | opportunity_rejected instrument=UNKNOWN decision=PASS status=VALID reasons=RISK_FAIL
2026-08-26 21:21:48,204 | INFO | edward.autonomous.opportunity | opportunity_cycle_completed candidates=1 approved=0
2026-08-26 21:21:48,204 | INFO | edward.autonomous.live_analysis | live_analysis_decision instrument=uid decision=PASS status=VALID reasons=RISK_FAIL
2026-08-26 21:22:00,339 | INFO | edward.autonomous.controller | cycle_started budget_total=20000 reserve=2000 invested=0 free_cash=18000 positions=0 opportunities=1
2026-08-26 21:22:00,339 | INFO | edward.autonomous.controller | allocation_completed actions=1 action_types=OPEN
2026-08-26 21:22:00,339 | INFO | edward.autonomous.controller | action_planning action=OPEN instrument=NEW source=None target_value=10000 score_advantage=90 return_improvement=12 risk_improvement=-10 reasons=FREE_SLOT,TOP_OPPORTUNITY
2026-08-26 21:22:00,339 | INFO | edward.autonomous.controller | reallocation_plan action=OPEN instrument=NEW allowed=True steps=3 reasons=OPEN
2026-08-26 21:22:00,339 | INFO | edward.autonomous.controller | step_started sequence=1 type=BUY instrument=NEW value=10000 source=None reasons=FREE_SLOT,TOP_OPPORTUNITY
2026-08-26 21:22:00,339 | INFO | edward.autonomous.controller | step_completed sequence=1 type=BUY instrument=NEW
2026-08-26 21:22:00,339 | INFO | edward.autonomous.controller | step_started sequence=2 type=PROTECT instrument=NEW value=10000 source=None reasons=PROTECTION_REQUIRED
2026-08-26 21:22:00,339 | INFO | edward.autonomous.controller | step_completed sequence=2 type=PROTECT instrument=NEW
2026-08-26 21:22:00,339 | INFO | edward.autonomous.controller | step_started sequence=3 type=VERIFY instrument=NEW value=10000 source=None reasons=PROTECTION_VERIFY
2026-08-26 21:22:00,339 | INFO | edward.autonomous.controller | step_completed sequence=3 type=VERIFY instrument=NEW
2026-08-26 21:22:00,339 | INFO | edward.autonomous.controller | cycle_completed status=COMPLETED actions=1 steps=3 reason=AUTONOMOUS_CYCLE_COMPLETED
2026-08-26 21:22:00,341 | INFO | edward.autonomous.controller | candidate_cycle_started candidates=1
2026-08-26 21:22:00,342 | INFO | edward.autonomous.opportunity | decision instrument=DECISION_NEW decision=BUY status=VALID opportunity_score=90.0 strategy_score=85.0 reasons=BUY_CONDITIONS_MET
2026-08-26 21:22:00,342 | INFO | edward.autonomous.opportunity | opportunity_approved instrument=DECISION_NEW score=90.0 risk=10 expected_return=15 target=10000
2026-08-26 21:22:00,342 | INFO | edward.autonomous.opportunity | opportunity_cycle_completed candidates=1 approved=1
2026-08-26 21:22:00,342 | INFO | edward.autonomous.controller | candidate_cycle_decisions completed=1 approved=1
2026-08-26 21:22:00,342 | INFO | edward.autonomous.controller | cycle_started budget_total=20000 reserve=2000 invested=0 free_cash=18000 positions=0 opportunities=1
2026-08-26 21:22:00,342 | INFO | edward.autonomous.controller | allocation_completed actions=1 action_types=OPEN
2026-08-26 21:22:00,342 | INFO | edward.autonomous.controller | action_planning action=OPEN instrument=DECISION_NEW source=None target_value=10000 score_advantage=90.0 return_improvement=15 risk_improvement=-10 reasons=FREE_SLOT,TOP_OPPORTUNITY
2026-08-26 21:22:00,342 | INFO | edward.autonomous.controller | reallocation_plan action=OPEN instrument=DECISION_NEW allowed=True steps=3 reasons=OPEN
2026-08-26 21:22:00,342 | INFO | edward.autonomous.controller | step_started sequence=1 type=BUY instrument=DECISION_NEW value=10000 source=None reasons=FREE_SLOT,TOP_OPPORTUNITY
2026-08-26 21:22:00,342 | INFO | edward.autonomous.controller | step_completed sequence=1 type=BUY instrument=DECISION_NEW
2026-08-26 21:22:00,343 | INFO | edward.autonomous.controller | step_started sequence=2 type=PROTECT instrument=DECISION_NEW value=10000 source=None reasons=PROTECTION_REQUIRED
2026-08-26 21:22:00,343 | INFO | edward.autonomous.controller | step_completed sequence=2 type=PROTECT instrument=DECISION_NEW
2026-08-26 21:22:00,343 | INFO | edward.autonomous.controller | step_started sequence=3 type=VERIFY instrument=DECISION_NEW value=10000 source=None reasons=PROTECTION_VERIFY
2026-08-26 21:22:00,343 | INFO | edward.autonomous.controller | step_completed sequence=3 type=VERIFY instrument=DECISION_NEW
2026-08-26 21:22:00,343 | INFO | edward.autonomous.controller | cycle_completed status=COMPLETED actions=1 steps=3 reason=AUTONOMOUS_CYCLE_COMPLETED
2026-08-26 21:22:00,345 | INFO | edward.autonomous.controller | cycle_started budget_total=20000 reserve=2000 invested=0 free_cash=18000 positions=0 opportunities=1
2026-08-26 21:22:00,345 | INFO | edward.autonomous.controller | allocation_completed actions=1 action_types=OPEN
2026-08-26 21:22:00,345 | INFO | edward.autonomous.controller | action_planning action=OPEN instrument=NEW source=None target_value=10000 score_advantage=90 return_improvement=12 risk_improvement=-10 reasons=FREE_SLOT,TOP_OPPORTUNITY
2026-08-26 21:22:00,345 | INFO | edward.autonomous.controller | reallocation_plan action=OPEN instrument=NEW allowed=True steps=3 reasons=OPEN
2026-08-26 21:22:00,345 | INFO | edward.autonomous.controller | step_started sequence=1 type=BUY instrument=NEW value=10000 source=None reasons=FREE_SLOT,TOP_OPPORTUNITY
2026-08-26 21:22:00,346 | INFO | edward.autonomous.controller | step_completed sequence=1 type=BUY instrument=NEW
2026-08-26 21:22:00,346 | INFO | edward.autonomous.controller | step_started sequence=2 type=PROTECT instrument=NEW value=10000 source=None reasons=PROTECTION_REQUIRED
2026-08-26 21:22:00,346 | ERROR | edward.autonomous.controller | step_failed sequence=2 type=PROTECT instrument=NEW reason=STEP_EXECUTION_FAILED
2026-08-26 21:22:00,346 | WARNING | edward.autonomous.controller | cycle_blocked stage=EXECUTION instrument=NEW sequence=2
2026-08-26 21:22:00,348 | INFO | edward.autonomous.controller | cycle_started budget_total=20000 reserve=2000 invested=0 free_cash=18000 positions=1 opportunities=0
2026-08-26 21:22:00,348 | INFO | edward.autonomous.controller | allocation_completed actions=0 action_types=
2026-08-26 21:22:00,349 | INFO | edward.autonomous.controller | cycle_completed status=COMPLETED reason=NO_ACTION_REQUIRED
2026-08-26 21:22:00,359 | INFO | edward.autonomous.controller | cycle_started budget_total=100000 reserve=10000 invested=0 free_cash=90000 positions=0 opportunities=1
2026-08-26 21:22:00,359 | INFO | edward.autonomous.controller | allocation_completed actions=1 action_types=OPEN
2026-08-26 21:22:00,359 | INFO | edward.autonomous.controller | action_planning action=OPEN instrument=NEW source=None target_value=20000 score_advantage=90 return_improvement=20 risk_improvement=-10 reasons=FREE_SLOT,TOP_OPPORTUNITY
2026-08-26 21:22:00,359 | INFO | edward.autonomous.controller | reallocation_plan action=OPEN instrument=NEW allowed=True steps=3 reasons=OPEN
2026-08-26 21:22:00,359 | INFO | edward.autonomous.controller | step_started sequence=1 type=BUY instrument=NEW value=20000 source=None reasons=FREE_SLOT,TOP_OPPORTUNITY
2026-08-26 21:22:00,359 | INFO | edward.autonomous.controller | step_completed sequence=1 type=BUY instrument=NEW
2026-08-26 21:22:00,359 | INFO | edward.autonomous.controller | step_started sequence=2 type=PROTECT instrument=NEW value=20000 source=None reasons=PROTECTION_REQUIRED
2026-08-26 21:22:00,359 | INFO | edward.autonomous.controller | step_completed sequence=2 type=PROTECT instrument=NEW
2026-08-26 21:22:00,359 | INFO | edward.autonomous.controller | step_started sequence=3 type=VERIFY instrument=NEW value=20000 source=None reasons=PROTECTION_VERIFY
2026-08-26 21:22:00,359 | INFO | edward.autonomous.controller | step_completed sequence=3 type=VERIFY instrument=NEW
2026-08-26 21:22:00,359 | INFO | edward.autonomous.controller | cycle_completed status=COMPLETED actions=1 steps=3 reason=AUTONOMOUS_CYCLE_COMPLETED
2026-08-26 21:22:00,369 | INFO | edward.autonomous.universe | universe_scan_started instruments=1
2026-08-26 21:22:00,369 | INFO | edward.autonomous.universe | universe_eligible instrument=UID ticker=TEST candles=1
2026-08-26 21:22:00,369 | INFO | edward.autonomous.universe | universe_scan_completed total=1 eligible=1 rejected=0
2026-08-26 21:22:00,371 | INFO | edward.autonomous.dry_run | dry_run sequence=1 action=BUY instrument_uid=SBER quantity=3 status=SIMULATED
2026-08-26 21:22:00,371 | INFO | edward.autonomous.dry_run | dry_run sequence=2 action=VERIFY instrument_uid=SBER quantity=3 status=VERIFIED
2026-08-26 21:22:00,374 | INFO | edward.autonomous.live_account | live_snapshot_started account=ACC
2026-08-26 21:22:00,374 | INFO | edward.autonomous.live_account | live_snapshot_completed account=ACC currency=RUB portfolio=40000 cash=30000 blocked=0 invested=10000 positions=1
2026-08-26 21:22:00,376 | INFO | edward.autonomous.live_account | live_snapshot_started account=ACC
2026-08-26 21:22:00,376 | WARNING | edward.autonomous.live_account | live_position_unenriched account=ACC instrument=SEC1
2026-08-26 21:22:00,376 | INFO | edward.autonomous.live_account | live_snapshot_completed account=ACC currency=RUB portfolio=40000 cash=30000 blocked=0 invested=10000 positions=0
2026-08-26 21:22:00,379 | INFO | edward.autonomous.live_account | live_snapshot_started account=ACC
2026-08-26 21:22:00,379 | INFO | edward.autonomous.live_account | live_snapshot_completed account=ACC currency=RUB portfolio=40000 cash=30000 blocked=0 invested=10000 positions=1
2026-08-26 21:22:00,379 | INFO | edward.autonomous.live_account | live_budget_built account=ACC total=40000 reserve=2000 invested=10000 free_cash=28000
2026-08-26 21:22:00,381 | INFO | edward.autonomous.live_cycle | live_snapshot_started account_id=ACC
2026-08-26 21:22:00,381 | INFO | edward.autonomous.planning | planning_started account_capital=100000 invested=10000 free_cash=90000 slots=5 reserve_pct=10
2026-08-26 21:22:00,381 | INFO | edward.autonomous.planning | planning_completed planning_budget=90000.00 reserve=10000.00 slots=5 target_position_value=18000.00
2026-08-26 21:22:00,381 | INFO | edward.autonomous.planning | trading_budget_built total=100000 reserve=10000.00 invested=10000 cash=90000 free_cash=80000.00
2026-08-26 21:22:00,382 | INFO | edward.autonomous.live_cycle | live_snapshot_completed account_id=ACC portfolio=100000 cash=90000 securities=10000 positions=1 slots=5 planning_budget=90000.00 target_position_value=18000.00
2026-08-26 21:22:00,384 | INFO | edward.autonomous.opportunity | decision instrument=TEST decision=BUY status=VALID opportunity_score=90.0 strategy_score=85.0 reasons=BUY_CONDITIONS_MET
2026-08-26 21:22:00,384 | INFO | edward.autonomous.opportunity | opportunity_approved instrument=TEST score=90.0 risk=12 expected_return=18 target=20000
2026-08-26 21:22:00,384 | INFO | edward.autonomous.opportunity | opportunity_cycle_completed candidates=1 approved=1
2026-08-26 21:22:00,385 | INFO | edward.autonomous.opportunity | decision instrument=TEST decision=PASS status=VALID opportunity_score=30.0 strategy_score=85.0 reasons=OPPORTUNITY_TOO_LOW
2026-08-26 21:22:00,385 | INFO | edward.autonomous.opportunity | opportunity_rejected instrument=TEST decision=PASS status=VALID reasons=OPPORTUNITY_TOO_LOW
2026-08-26 21:22:00,386 | INFO | edward.autonomous.opportunity | opportunity_cycle_completed candidates=1 approved=0
2026-08-26 21:22:00,386 | INFO | edward.autonomous.opportunity | decision instrument=TEST decision=PASS status=VALID opportunity_score=30.0 strategy_score=85.0 reasons=OPPORTUNITY_TOO_LOW
2026-08-26 21:22:00,386 | INFO | edward.autonomous.opportunity | opportunity_rejected instrument=TEST decision=PASS status=VALID reasons=OPPORTUNITY_TOO_LOW
2026-08-26 21:22:00,386 | INFO | edward.autonomous.opportunity | opportunity_cycle_completed candidates=1 approved=0
2026-08-26 21:22:00,387 | INFO | edward.autonomous.ranking | opportunity_ranking_completed candidates=3 top=B
2026-08-26 21:22:00,389 | INFO | edward.autonomous.ranking | opportunity_ranking_completed candidates=2 top=A
2026-08-26 21:22:00,390 | INFO | edward.autonomous.planning | planning_started account_capital=1324799.71 invested=54465.50 free_cash=1270334.21 slots=5 reserve_pct=0
2026-08-26 21:22:00,391 | INFO | edward.autonomous.planning | planning_completed planning_budget=1324799.71 reserve=0.00 slots=5 target_position_value=264959.942
2026-08-26 21:22:00,392 | INFO | edward.autonomous.planning | planning_started account_capital=100000 invested=20000 free_cash=80000 slots=4 reserve_pct=10
2026-08-26 21:22:00,392 | INFO | edward.autonomous.planning | planning_completed planning_budget=90000.00 reserve=10000.00 slots=4 target_position_value=22500.00
2026-08-26 21:22:00,396 | INFO | edward.autonomous.planning | planning_started account_capital=100000 invested=0 free_cash=100000 slots=5 reserve_pct=0
2026-08-26 21:22:00,396 | INFO | edward.autonomous.planning | planning_completed planning_budget=100000.00 reserve=0.00 slots=5 target_position_value=20000.00
2026-08-26 21:22:00,396 | INFO | edward.autonomous.planning | allocation_policy_built max_positions=5 max_position_value=20000.00 min_position_value=500 replacement_advantage=10 return_improvement=2
2026-08-26 21:22:00,436 | INFO | edward.autonomous.universe | universe_scan_started instruments=5
2026-08-26 21:22:00,436 | INFO | edward.autonomous.universe | universe_eligible instrument=1 ticker=AAA candles=1
2026-08-26 21:22:00,436 | INFO | edward.autonomous.universe | universe_scan_completed total=5 eligible=1 rejected=4
2026-08-26 21:22:00,437 | INFO | edward.autonomous.universe | universe_scan_started instruments=1
2026-08-26 21:22:00,438 | INFO | edward.autonomous.universe | universe_scan_completed total=1 eligible=0 rejected=1
2026-08-26 21:22:00,564 | INFO | edward.autonomous.universe | universe_scan_started instruments=2
2026-08-26 21:22:00,565 | WARNING | edward.autonomous.universe | universe_candles_failed instrument=1 error=gateway failure
2026-08-26 21:22:00,565 | INFO | edward.autonomous.universe | universe_eligible instrument=2 ticker=BBB candles=1
2026-08-26 21:22:00,565 | INFO | edward.autonomous.universe | universe_scan_completed total=2 eligible=1 rejected=1
2026-08-26 21:24:04,393 | INFO | edward.autonomous.live_analysis | live_analysis_started instrument=uid ticker=TEST profile=medium_term
2026-08-26 21:24:04,397 | INFO | edward.autonomous.live_analysis | live_candles_loaded instrument=uid candles=420
2026-08-26 21:24:04,759 | INFO | edward.autonomous.live_analysis | analysis_completed instrument=uid score=0.0 recommendation=None confidence=N/A regime=Trend
2026-08-26 21:24:04,759 | INFO | edward.autonomous.opportunity | decision instrument=UNKNOWN decision=PASS status=VALID opportunity_score=0.0 strategy_score=0.0 reasons=RISK_FAIL
2026-08-26 21:24:04,759 | INFO | edward.autonomous.opportunity | opportunity_rejected instrument=UNKNOWN decision=PASS status=VALID reasons=RISK_FAIL
2026-08-26 21:24:04,759 | INFO | edward.autonomous.opportunity | opportunity_cycle_completed candidates=1 approved=0
2026-08-26 21:24:04,759 | INFO | edward.autonomous.live_analysis | live_analysis_decision instrument=uid decision=PASS status=VALID reasons=RISK_FAIL
2026-08-26 21:24:21,102 | INFO | edward.autonomous.controller | cycle_started budget_total=20000 reserve=2000 invested=0 free_cash=18000 positions=0 opportunities=1
2026-08-26 21:24:21,103 | INFO | edward.autonomous.controller | allocation_completed actions=1 action_types=OPEN
2026-08-26 21:24:21,103 | INFO | edward.autonomous.controller | action_planning action=OPEN instrument=NEW source=None target_value=10000 score_advantage=90 return_improvement=12 risk_improvement=-10 reasons=FREE_SLOT,TOP_OPPORTUNITY
2026-08-26 21:24:21,103 | INFO | edward.autonomous.controller | reallocation_plan action=OPEN instrument=NEW allowed=True steps=3 reasons=OPEN
2026-08-26 21:24:21,103 | INFO | edward.autonomous.controller | step_started sequence=1 type=BUY instrument=NEW value=10000 source=None reasons=FREE_SLOT,TOP_OPPORTUNITY
2026-08-26 21:24:21,103 | INFO | edward.autonomous.controller | step_completed sequence=1 type=BUY instrument=NEW
2026-08-26 21:24:21,103 | INFO | edward.autonomous.controller | step_started sequence=2 type=PROTECT instrument=NEW value=10000 source=None reasons=PROTECTION_REQUIRED
2026-08-26 21:24:21,104 | INFO | edward.autonomous.controller | step_completed sequence=2 type=PROTECT instrument=NEW
2026-08-26 21:24:21,104 | INFO | edward.autonomous.controller | step_started sequence=3 type=VERIFY instrument=NEW value=10000 source=None reasons=PROTECTION_VERIFY
2026-08-26 21:24:21,104 | INFO | edward.autonomous.controller | step_completed sequence=3 type=VERIFY instrument=NEW
2026-08-26 21:24:21,104 | INFO | edward.autonomous.controller | cycle_completed status=COMPLETED actions=1 steps=3 reason=AUTONOMOUS_CYCLE_COMPLETED
2026-08-26 21:24:21,107 | INFO | edward.autonomous.controller | candidate_cycle_started candidates=1
2026-08-26 21:24:21,108 | INFO | edward.autonomous.opportunity | decision instrument=DECISION_NEW decision=BUY status=VALID opportunity_score=90.0 strategy_score=85.0 reasons=BUY_CONDITIONS_MET
2026-08-26 21:24:21,108 | INFO | edward.autonomous.opportunity | opportunity_approved instrument=DECISION_NEW score=90.0 risk=10 expected_return=15 target=10000
2026-08-26 21:24:21,108 | INFO | edward.autonomous.opportunity | opportunity_cycle_completed candidates=1 approved=1
2026-08-26 21:24:21,108 | INFO | edward.autonomous.controller | candidate_cycle_decisions completed=1 approved=1
2026-08-26 21:24:21,108 | INFO | edward.autonomous.controller | cycle_started budget_total=20000 reserve=2000 invested=0 free_cash=18000 positions=0 opportunities=1
2026-08-26 21:24:21,108 | INFO | edward.autonomous.controller | allocation_completed actions=1 action_types=OPEN
2026-08-26 21:24:21,108 | INFO | edward.autonomous.controller | action_planning action=OPEN instrument=DECISION_NEW source=None target_value=10000 score_advantage=90.0 return_improvement=15 risk_improvement=-10 reasons=FREE_SLOT,TOP_OPPORTUNITY
2026-08-26 21:24:21,109 | INFO | edward.autonomous.controller | reallocation_plan action=OPEN instrument=DECISION_NEW allowed=True steps=3 reasons=OPEN
2026-08-26 21:24:21,109 | INFO | edward.autonomous.controller | step_started sequence=1 type=BUY instrument=DECISION_NEW value=10000 source=None reasons=FREE_SLOT,TOP_OPPORTUNITY
2026-08-26 21:24:21,109 | INFO | edward.autonomous.controller | step_completed sequence=1 type=BUY instrument=DECISION_NEW
2026-08-26 21:24:21,109 | INFO | edward.autonomous.controller | step_started sequence=2 type=PROTECT instrument=DECISION_NEW value=10000 source=None reasons=PROTECTION_REQUIRED
2026-08-26 21:24:21,109 | INFO | edward.autonomous.controller | step_completed sequence=2 type=PROTECT instrument=DECISION_NEW
2026-08-26 21:24:21,109 | INFO | edward.autonomous.controller | step_started sequence=3 type=VERIFY instrument=DECISION_NEW value=10000 source=None reasons=PROTECTION_VERIFY
2026-08-26 21:24:21,109 | INFO | edward.autonomous.controller | step_completed sequence=3 type=VERIFY instrument=DECISION_NEW
2026-08-26 21:24:21,109 | INFO | edward.autonomous.controller | cycle_completed status=COMPLETED actions=1 steps=3 reason=AUTONOMOUS_CYCLE_COMPLETED
2026-08-26 21:24:21,113 | INFO | edward.autonomous.controller | cycle_started budget_total=20000 reserve=2000 invested=0 free_cash=18000 positions=0 opportunities=1
2026-08-26 21:24:21,114 | INFO | edward.autonomous.controller | allocation_completed actions=1 action_types=OPEN
2026-08-26 21:24:21,114 | INFO | edward.autonomous.controller | action_planning action=OPEN instrument=NEW source=None target_value=10000 score_advantage=90 return_improvement=12 risk_improvement=-10 reasons=FREE_SLOT,TOP_OPPORTUNITY
2026-08-26 21:24:21,114 | INFO | edward.autonomous.controller | reallocation_plan action=OPEN instrument=NEW allowed=True steps=3 reasons=OPEN
2026-08-26 21:24:21,114 | INFO | edward.autonomous.controller | step_started sequence=1 type=BUY instrument=NEW value=10000 source=None reasons=FREE_SLOT,TOP_OPPORTUNITY
2026-08-26 21:24:21,114 | INFO | edward.autonomous.controller | step_completed sequence=1 type=BUY instrument=NEW
2026-08-26 21:24:21,114 | INFO | edward.autonomous.controller | step_started sequence=2 type=PROTECT instrument=NEW value=10000 source=None reasons=PROTECTION_REQUIRED
2026-08-26 21:24:21,115 | ERROR | edward.autonomous.controller | step_failed sequence=2 type=PROTECT instrument=NEW reason=STEP_EXECUTION_FAILED
2026-08-26 21:24:21,115 | WARNING | edward.autonomous.controller | cycle_blocked stage=EXECUTION instrument=NEW sequence=2
2026-08-26 21:24:21,119 | INFO | edward.autonomous.controller | cycle_started budget_total=20000 reserve=2000 invested=0 free_cash=18000 positions=1 opportunities=0
2026-08-26 21:24:21,119 | INFO | edward.autonomous.controller | allocation_completed actions=0 action_types=
2026-08-26 21:24:21,119 | INFO | edward.autonomous.controller | cycle_completed status=COMPLETED reason=NO_ACTION_REQUIRED
2026-08-26 21:24:21,136 | INFO | edward.autonomous.controller | cycle_started budget_total=100000 reserve=10000 invested=0 free_cash=90000 positions=0 opportunities=1
2026-08-26 21:24:21,137 | INFO | edward.autonomous.controller | allocation_completed actions=1 action_types=OPEN
2026-08-26 21:24:21,137 | INFO | edward.autonomous.controller | action_planning action=OPEN instrument=NEW source=None target_value=20000 score_advantage=90 return_improvement=20 risk_improvement=-10 reasons=FREE_SLOT,TOP_OPPORTUNITY
2026-08-26 21:24:21,137 | INFO | edward.autonomous.controller | reallocation_plan action=OPEN instrument=NEW allowed=True steps=3 reasons=OPEN
2026-08-26 21:24:21,137 | INFO | edward.autonomous.controller | step_started sequence=1 type=BUY instrument=NEW value=20000 source=None reasons=FREE_SLOT,TOP_OPPORTUNITY
2026-08-26 21:24:21,137 | INFO | edward.autonomous.controller | step_completed sequence=1 type=BUY instrument=NEW
2026-08-26 21:24:21,138 | INFO | edward.autonomous.controller | step_started sequence=2 type=PROTECT instrument=NEW value=20000 source=None reasons=PROTECTION_REQUIRED
2026-08-26 21:24:21,138 | INFO | edward.autonomous.controller | step_completed sequence=2 type=PROTECT instrument=NEW
2026-08-26 21:24:21,138 | INFO | edward.autonomous.controller | step_started sequence=3 type=VERIFY instrument=NEW value=20000 source=None reasons=PROTECTION_VERIFY
2026-08-26 21:24:21,138 | INFO | edward.autonomous.controller | step_completed sequence=3 type=VERIFY instrument=NEW
2026-08-26 21:24:21,138 | INFO | edward.autonomous.controller | cycle_completed status=COMPLETED actions=1 steps=3 reason=AUTONOMOUS_CYCLE_COMPLETED
2026-08-26 21:24:21,155 | INFO | edward.autonomous.universe | universe_scan_started instruments=1
2026-08-26 21:24:21,156 | INFO | edward.autonomous.universe | universe_eligible instrument=UID ticker=TEST candles=1
2026-08-26 21:24:21,156 | INFO | edward.autonomous.universe | universe_scan_completed total=1 eligible=1 rejected=0
2026-08-26 21:24:21,159 | INFO | edward.autonomous.dry_run | dry_run sequence=1 action=BUY instrument_uid=SBER quantity=3 status=SIMULATED
2026-08-26 21:24:21,159 | INFO | edward.autonomous.dry_run | dry_run sequence=2 action=VERIFY instrument_uid=SBER quantity=3 status=VERIFIED
2026-08-26 21:24:21,163 | INFO | edward.autonomous.live_account | live_snapshot_started account=ACC
2026-08-26 21:24:21,164 | INFO | edward.autonomous.live_account | live_snapshot_completed account=ACC currency=RUB portfolio=40000 cash=30000 blocked=0 invested=10000 positions=1
2026-08-26 21:24:21,169 | INFO | edward.autonomous.live_account | live_snapshot_started account=ACC
2026-08-26 21:24:21,169 | WARNING | edward.autonomous.live_account | live_position_unenriched account=ACC instrument=SEC1
2026-08-26 21:24:21,170 | INFO | edward.autonomous.live_account | live_snapshot_completed account=ACC currency=RUB portfolio=40000 cash=30000 blocked=0 invested=10000 positions=0
2026-08-26 21:24:21,173 | INFO | edward.autonomous.live_account | live_snapshot_started account=ACC
2026-08-26 21:24:21,173 | INFO | edward.autonomous.live_account | live_snapshot_completed account=ACC currency=RUB portfolio=40000 cash=30000 blocked=0 invested=10000 positions=1
2026-08-26 21:24:21,173 | INFO | edward.autonomous.live_account | live_budget_built account=ACC total=40000 reserve=2000 invested=10000 free_cash=28000
2026-08-26 21:24:21,177 | INFO | edward.autonomous.live_cycle | live_snapshot_started account_id=ACC
2026-08-26 21:24:21,178 | INFO | edward.autonomous.planning | planning_started account_capital=100000 invested=10000 free_cash=90000 slots=5 reserve_pct=10
2026-08-26 21:24:21,178 | INFO | edward.autonomous.planning | planning_completed planning_budget=90000.00 reserve=10000.00 slots=5 target_position_value=18000.00
2026-08-26 21:24:21,178 | INFO | edward.autonomous.planning | trading_budget_built total=100000 reserve=10000.00 invested=10000 cash=90000 free_cash=80000.00
2026-08-26 21:24:21,178 | INFO | edward.autonomous.live_cycle | live_snapshot_completed account_id=ACC portfolio=100000 cash=90000 securities=10000 positions=1 slots=5 planning_budget=90000.00 target_position_value=18000.00
2026-08-26 21:24:21,184 | INFO | edward.autonomous.opportunity | decision instrument=TEST decision=BUY status=VALID opportunity_score=90.0 strategy_score=85.0 reasons=BUY_CONDITIONS_MET
2026-08-26 21:24:21,184 | INFO | edward.autonomous.opportunity | opportunity_approved instrument=TEST score=90.0 risk=12 expected_return=18 target=20000
2026-08-26 21:24:21,185 | INFO | edward.autonomous.opportunity | opportunity_cycle_completed candidates=1 approved=1
2026-08-26 21:24:21,189 | INFO | edward.autonomous.opportunity | decision instrument=TEST decision=PASS status=VALID opportunity_score=30.0 strategy_score=85.0 reasons=OPPORTUNITY_TOO_LOW
2026-08-26 21:24:21,189 | INFO | edward.autonomous.opportunity | opportunity_rejected instrument=TEST decision=PASS status=VALID reasons=OPPORTUNITY_TOO_LOW
2026-08-26 21:24:21,189 | INFO | edward.autonomous.opportunity | opportunity_cycle_completed candidates=1 approved=0
2026-08-26 21:24:21,190 | INFO | edward.autonomous.opportunity | decision instrument=TEST decision=PASS status=VALID opportunity_score=30.0 strategy_score=85.0 reasons=OPPORTUNITY_TOO_LOW
2026-08-26 21:24:21,190 | INFO | edward.autonomous.opportunity | opportunity_rejected instrument=TEST decision=PASS status=VALID reasons=OPPORTUNITY_TOO_LOW
2026-08-26 21:24:21,190 | INFO | edward.autonomous.opportunity | opportunity_cycle_completed candidates=1 approved=0
2026-08-26 21:24:21,193 | INFO | edward.autonomous.ranking | opportunity_ranking_completed candidates=3 top=B
2026-08-26 21:24:21,197 | INFO | edward.autonomous.ranking | opportunity_ranking_completed candidates=2 top=A
2026-08-26 21:24:21,201 | INFO | edward.autonomous.planning | planning_started account_capital=1324799.71 invested=54465.50 free_cash=1270334.21 slots=5 reserve_pct=0
2026-08-26 21:24:21,202 | INFO | edward.autonomous.planning | planning_completed planning_budget=1324799.71 reserve=0.00 slots=5 target_position_value=264959.942
2026-08-26 21:24:21,204 | INFO | edward.autonomous.planning | planning_started account_capital=100000 invested=20000 free_cash=80000 slots=4 reserve_pct=10
2026-08-26 21:24:21,205 | INFO | edward.autonomous.planning | planning_completed planning_budget=90000.00 reserve=10000.00 slots=4 target_position_value=22500.00
2026-08-26 21:24:21,210 | INFO | edward.autonomous.planning | planning_started account_capital=100000 invested=0 free_cash=100000 slots=5 reserve_pct=0
2026-08-26 21:24:21,210 | INFO | edward.autonomous.planning | planning_completed planning_budget=100000.00 reserve=0.00 slots=5 target_position_value=20000.00
2026-08-26 21:24:21,210 | INFO | edward.autonomous.planning | allocation_policy_built max_positions=5 max_position_value=20000.00 min_position_value=500 replacement_advantage=10 return_improvement=2
2026-08-26 21:24:21,306 | INFO | edward.autonomous.universe | universe_scan_started instruments=5
2026-08-26 21:24:21,307 | INFO | edward.autonomous.universe | universe_eligible instrument=1 ticker=AAA candles=1
2026-08-26 21:24:21,307 | INFO | edward.autonomous.universe | universe_scan_completed total=5 eligible=1 rejected=4
2026-08-26 21:24:21,311 | INFO | edward.autonomous.universe | universe_scan_started instruments=1
2026-08-26 21:24:21,311 | INFO | edward.autonomous.universe | universe_eligible instrument=1 ticker=AAA candles=1
2026-08-26 21:24:21,312 | INFO | edward.autonomous.universe | universe_scan_completed total=1 eligible=1 rejected=0
2026-08-26 21:24:21,316 | INFO | edward.autonomous.universe | universe_scan_started instruments=2
2026-08-26 21:24:21,316 | WARNING | edward.autonomous.universe | universe_candles_failed instrument=1 error=gateway failure
2026-08-26 21:24:21,317 | INFO | edward.autonomous.universe | universe_eligible instrument=2 ticker=BBB candles=1
2026-08-26 21:24:21,317 | INFO | edward.autonomous.universe | universe_scan_completed total=2 eligible=1 rejected=1
2026-08-26 21:24:44,716 | INFO | edward.autonomous.live_cycle | live_snapshot_started account_id=d69985a1-c8b0-4cb3-a297-b9446694c417
2026-08-26 21:24:44,839 | INFO | edward.autonomous.planning | planning_started account_capital=1270334.206275 invested=0 free_cash=1270334.206275 slots=5 reserve_pct=0
2026-08-26 21:24:44,839 | INFO | edward.autonomous.planning | planning_completed planning_budget=1270334.206275 reserve=0.00 slots=5 target_position_value=254066.841255
2026-08-26 21:24:44,839 | INFO | edward.autonomous.planning | trading_budget_built total=1270334.206275 reserve=0.00 invested=0 cash=1270334.206275 free_cash=1270334.206275
2026-08-26 21:24:44,839 | INFO | edward.autonomous.live_cycle | live_snapshot_completed account_id=d69985a1-c8b0-4cb3-a297-b9446694c417 portfolio=1270334.206275 cash=1270334.206275 securities=0 positions=6 slots=5 planning_budget=1270334.206275 target_position_value=254066.841255
2026-08-26 21:24:55,868 | INFO | edward.autonomous.live_cycle | live_snapshot_started account_id=d69985a1-c8b0-4cb3-a297-b9446694c417
2026-08-26 21:30:02,871 | INFO | edward.autonomous.live_analysis | live_analysis_started instrument=uid ticker=TEST profile=medium_term
2026-08-26 21:30:02,873 | INFO | edward.autonomous.live_analysis | live_candles_loaded instrument=uid candles=420
2026-08-26 21:30:03,230 | INFO | edward.autonomous.live_analysis | analysis_completed instrument=uid score=0.0 recommendation=None confidence=N/A regime=Trend
2026-08-26 21:30:03,230 | INFO | edward.autonomous.opportunity | decision instrument=UNKNOWN decision=PASS status=VALID opportunity_score=0.0 strategy_score=0.0 reasons=RISK_FAIL
2026-08-26 21:30:03,230 | INFO | edward.autonomous.opportunity | opportunity_rejected instrument=UNKNOWN decision=PASS status=VALID reasons=RISK_FAIL
2026-08-26 21:30:03,230 | INFO | edward.autonomous.opportunity | opportunity_cycle_completed candidates=1 approved=0
2026-08-26 21:30:03,230 | INFO | edward.autonomous.live_analysis | live_analysis_decision instrument=uid decision=PASS status=VALID reasons=RISK_FAIL
2026-08-26 21:30:15,729 | INFO | edward.autonomous.controller | cycle_started budget_total=20000 reserve=2000 invested=0 free_cash=18000 positions=0 opportunities=1
2026-08-26 21:30:15,730 | INFO | edward.autonomous.controller | allocation_completed actions=1 action_types=OPEN
2026-08-26 21:30:15,730 | INFO | edward.autonomous.controller | action_planning action=OPEN instrument=NEW source=None target_value=10000 score_advantage=90 return_improvement=12 risk_improvement=-10 reasons=FREE_SLOT,TOP_OPPORTUNITY
2026-08-26 21:30:15,730 | INFO | edward.autonomous.controller | reallocation_plan action=OPEN instrument=NEW allowed=True steps=3 reasons=OPEN
2026-08-26 21:30:15,730 | INFO | edward.autonomous.controller | step_started sequence=1 type=BUY instrument=NEW value=10000 source=None reasons=FREE_SLOT,TOP_OPPORTUNITY
2026-08-26 21:30:15,730 | INFO | edward.autonomous.controller | step_completed sequence=1 type=BUY instrument=NEW
2026-08-26 21:30:15,730 | INFO | edward.autonomous.controller | step_started sequence=2 type=PROTECT instrument=NEW value=10000 source=None reasons=PROTECTION_REQUIRED
2026-08-26 21:30:15,730 | INFO | edward.autonomous.controller | step_completed sequence=2 type=PROTECT instrument=NEW
2026-08-26 21:30:15,730 | INFO | edward.autonomous.controller | step_started sequence=3 type=VERIFY instrument=NEW value=10000 source=None reasons=PROTECTION_VERIFY
2026-08-26 21:30:15,730 | INFO | edward.autonomous.controller | step_completed sequence=3 type=VERIFY instrument=NEW
2026-08-26 21:30:15,730 | INFO | edward.autonomous.controller | cycle_completed status=COMPLETED actions=1 steps=3 reason=AUTONOMOUS_CYCLE_COMPLETED
2026-08-26 21:30:15,733 | INFO | edward.autonomous.controller | candidate_cycle_started candidates=1
2026-08-26 21:30:15,733 | INFO | edward.autonomous.opportunity | decision instrument=DECISION_NEW decision=BUY status=VALID opportunity_score=90.0 strategy_score=85.0 reasons=BUY_CONDITIONS_MET
2026-08-26 21:30:15,733 | INFO | edward.autonomous.opportunity | opportunity_approved instrument=DECISION_NEW score=90.0 risk=10 expected_return=15 target=10000
2026-08-26 21:30:15,733 | INFO | edward.autonomous.opportunity | opportunity_cycle_completed candidates=1 approved=1
2026-08-26 21:30:15,733 | INFO | edward.autonomous.controller | candidate_cycle_decisions completed=1 approved=1
2026-08-26 21:30:15,734 | INFO | edward.autonomous.controller | cycle_started budget_total=20000 reserve=2000 invested=0 free_cash=18000 positions=0 opportunities=1
2026-08-26 21:30:15,734 | INFO | edward.autonomous.controller | allocation_completed actions=1 action_types=OPEN
2026-08-26 21:30:15,734 | INFO | edward.autonomous.controller | action_planning action=OPEN instrument=DECISION_NEW source=None target_value=10000 score_advantage=90.0 return_improvement=15 risk_improvement=-10 reasons=FREE_SLOT,TOP_OPPORTUNITY
2026-08-26 21:30:15,734 | INFO | edward.autonomous.controller | reallocation_plan action=OPEN instrument=DECISION_NEW allowed=True steps=3 reasons=OPEN
2026-08-26 21:30:15,734 | INFO | edward.autonomous.controller | step_started sequence=1 type=BUY instrument=DECISION_NEW value=10000 source=None reasons=FREE_SLOT,TOP_OPPORTUNITY
2026-08-26 21:30:15,734 | INFO | edward.autonomous.controller | step_completed sequence=1 type=BUY instrument=DECISION_NEW
2026-08-26 21:30:15,734 | INFO | edward.autonomous.controller | step_started sequence=2 type=PROTECT instrument=DECISION_NEW value=10000 source=None reasons=PROTECTION_REQUIRED
2026-08-26 21:30:15,734 | INFO | edward.autonomous.controller | step_completed sequence=2 type=PROTECT instrument=DECISION_NEW
2026-08-26 21:30:15,734 | INFO | edward.autonomous.controller | step_started sequence=3 type=VERIFY instrument=DECISION_NEW value=10000 source=None reasons=PROTECTION_VERIFY
2026-08-26 21:30:15,734 | INFO | edward.autonomous.controller | step_completed sequence=3 type=VERIFY instrument=DECISION_NEW
2026-08-26 21:30:15,735 | INFO | edward.autonomous.controller | cycle_completed status=COMPLETED actions=1 steps=3 reason=AUTONOMOUS_CYCLE_COMPLETED
2026-08-26 21:30:15,736 | INFO | edward.autonomous.controller | cycle_started budget_total=20000 reserve=2000 invested=0 free_cash=18000 positions=0 opportunities=1
2026-08-26 21:30:15,736 | INFO | edward.autonomous.controller | allocation_completed actions=1 action_types=OPEN
2026-08-26 21:30:15,736 | INFO | edward.autonomous.controller | action_planning action=OPEN instrument=NEW source=None target_value=10000 score_advantage=90 return_improvement=12 risk_improvement=-10 reasons=FREE_SLOT,TOP_OPPORTUNITY
2026-08-26 21:30:15,736 | INFO | edward.autonomous.controller | reallocation_plan action=OPEN instrument=NEW allowed=True steps=3 reasons=OPEN
2026-08-26 21:30:15,736 | INFO | edward.autonomous.controller | step_started sequence=1 type=BUY instrument=NEW value=10000 source=None reasons=FREE_SLOT,TOP_OPPORTUNITY
2026-08-26 21:30:15,736 | INFO | edward.autonomous.controller | step_completed sequence=1 type=BUY instrument=NEW
2026-08-26 21:30:15,736 | INFO | edward.autonomous.controller | step_started sequence=2 type=PROTECT instrument=NEW value=10000 source=None reasons=PROTECTION_REQUIRED
2026-08-26 21:30:15,736 | ERROR | edward.autonomous.controller | step_failed sequence=2 type=PROTECT instrument=NEW reason=STEP_EXECUTION_FAILED
2026-08-26 21:30:15,736 | WARNING | edward.autonomous.controller | cycle_blocked stage=EXECUTION instrument=NEW sequence=2
2026-08-26 21:30:15,738 | INFO | edward.autonomous.controller | cycle_started budget_total=20000 reserve=2000 invested=0 free_cash=18000 positions=1 opportunities=0
2026-08-26 21:30:15,738 | INFO | edward.autonomous.controller | allocation_completed actions=0 action_types=
2026-08-26 21:30:15,738 | INFO | edward.autonomous.controller | cycle_completed status=COMPLETED reason=NO_ACTION_REQUIRED
2026-08-26 21:30:15,744 | INFO | edward.autonomous.controller | cycle_started budget_total=100000 reserve=10000 invested=0 free_cash=90000 positions=0 opportunities=1
2026-08-26 21:30:15,744 | INFO | edward.autonomous.controller | allocation_completed actions=1 action_types=OPEN
2026-08-26 21:30:15,744 | INFO | edward.autonomous.controller | action_planning action=OPEN instrument=NEW source=None target_value=20000 score_advantage=90 return_improvement=20 risk_improvement=-10 reasons=FREE_SLOT,TOP_OPPORTUNITY
2026-08-26 21:30:15,744 | INFO | edward.autonomous.controller | reallocation_plan action=OPEN instrument=NEW allowed=True steps=3 reasons=OPEN
2026-08-26 21:30:15,745 | INFO | edward.autonomous.controller | step_started sequence=1 type=BUY instrument=NEW value=20000 source=None reasons=FREE_SLOT,TOP_OPPORTUNITY
2026-08-26 21:30:15,745 | INFO | edward.autonomous.controller | step_completed sequence=1 type=BUY instrument=NEW
2026-08-26 21:30:15,745 | INFO | edward.autonomous.controller | step_started sequence=2 type=PROTECT instrument=NEW value=20000 source=None reasons=PROTECTION_REQUIRED
2026-08-26 21:30:15,745 | INFO | edward.autonomous.controller | step_completed sequence=2 type=PROTECT instrument=NEW
2026-08-26 21:30:15,745 | INFO | edward.autonomous.controller | step_started sequence=3 type=VERIFY instrument=NEW value=20000 source=None reasons=PROTECTION_VERIFY
2026-08-26 21:30:15,745 | INFO | edward.autonomous.controller | step_completed sequence=3 type=VERIFY instrument=NEW
2026-08-26 21:30:15,745 | INFO | edward.autonomous.controller | cycle_completed status=COMPLETED actions=1 steps=3 reason=AUTONOMOUS_CYCLE_COMPLETED
2026-08-26 21:30:15,753 | INFO | edward.autonomous.universe | universe_scan_started instruments=1
2026-08-26 21:30:15,753 | INFO | edward.autonomous.universe | universe_eligible instrument=UID ticker=TEST candles=1
2026-08-26 21:30:15,753 | INFO | edward.autonomous.universe | universe_scan_completed total=1 eligible=1 rejected=0
2026-08-26 21:30:15,755 | INFO | edward.autonomous.dry_run | dry_run sequence=1 action=BUY instrument_uid=SBER quantity=3 status=SIMULATED
2026-08-26 21:30:15,755 | INFO | edward.autonomous.dry_run | dry_run sequence=2 action=VERIFY instrument_uid=SBER quantity=3 status=VERIFIED
2026-08-26 21:30:15,756 | INFO | edward.autonomous.live_account | live_snapshot_started account=ACC
2026-08-26 21:30:15,756 | INFO | edward.autonomous.live_account | live_snapshot_completed account=ACC currency=RUB portfolio=40000 cash=30000 blocked=0 invested=10000 positions=1
2026-08-26 21:30:15,758 | INFO | edward.autonomous.live_account | live_snapshot_started account=ACC
2026-08-26 21:30:15,758 | WARNING | edward.autonomous.live_account | live_position_unenriched account=ACC instrument=SEC1
2026-08-26 21:30:15,758 | INFO | edward.autonomous.live_account | live_snapshot_completed account=ACC currency=RUB portfolio=40000 cash=30000 blocked=0 invested=10000 positions=0
2026-08-26 21:30:15,759 | INFO | edward.autonomous.live_account | live_snapshot_started account=ACC
2026-08-26 21:30:15,759 | INFO | edward.autonomous.live_account | live_snapshot_completed account=ACC currency=RUB portfolio=40000 cash=30000 blocked=0 invested=10000 positions=1
2026-08-26 21:30:15,759 | INFO | edward.autonomous.live_account | live_budget_built account=ACC total=40000 reserve=2000 invested=10000 free_cash=28000
2026-08-26 21:30:15,761 | INFO | edward.autonomous.live_cycle | live_snapshot_started account_id=ACC
2026-08-26 21:30:15,761 | INFO | edward.autonomous.planning | planning_started account_capital=100000 invested=10000 free_cash=90000 slots=5 reserve_pct=10
2026-08-26 21:30:15,762 | INFO | edward.autonomous.planning | planning_completed planning_budget=90000.00 reserve=10000.00 slots=5 target_position_value=18000.00
2026-08-26 21:30:15,762 | INFO | edward.autonomous.planning | trading_budget_built total=100000 reserve=10000.00 invested=10000 cash=90000 free_cash=80000.00
2026-08-26 21:30:15,762 | INFO | edward.autonomous.live_cycle | live_snapshot_completed account_id=ACC portfolio=100000 cash=90000 securities=10000 positions=1 slots=5 planning_budget=90000.00 target_position_value=18000.00
2026-08-26 21:30:15,764 | INFO | edward.autonomous.live_cycle | live_snapshot_started account_id=ACC
2026-08-26 21:30:15,765 | INFO | edward.autonomous.planning | planning_started account_capital=1427013.206275 invested=156679 free_cash=1270334.206275 slots=5 reserve_pct=0
2026-08-26 21:30:15,765 | INFO | edward.autonomous.planning | planning_completed planning_budget=1427013.206275 reserve=0.00 slots=5 target_position_value=285402.641255
2026-08-26 21:30:15,765 | INFO | edward.autonomous.planning | trading_budget_built total=1427013.206275 reserve=0.00 invested=156679 cash=1270334.206275 free_cash=1270334.206275
2026-08-26 21:30:15,765 | INFO | edward.autonomous.live_cycle | live_snapshot_completed account_id=ACC portfolio=1427013.206275 cash=1270334.206275 securities=156679 positions=5 slots=5 planning_budget=1427013.206275 target_position_value=285402.641255
2026-08-26 21:30:15,888 | INFO | edward.autonomous.opportunity | decision instrument=TEST decision=BUY status=VALID opportunity_score=90.0 strategy_score=85.0 reasons=BUY_CONDITIONS_MET
2026-08-26 21:30:15,889 | INFO | edward.autonomous.opportunity | opportunity_approved instrument=TEST score=90.0 risk=12 expected_return=18 target=20000
2026-08-26 21:30:15,889 | INFO | edward.autonomous.opportunity | opportunity_cycle_completed candidates=1 approved=1
2026-08-26 21:30:15,890 | INFO | edward.autonomous.opportunity | decision instrument=TEST decision=PASS status=VALID opportunity_score=30.0 strategy_score=85.0 reasons=OPPORTUNITY_TOO_LOW
2026-08-26 21:30:15,890 | INFO | edward.autonomous.opportunity | opportunity_rejected instrument=TEST decision=PASS status=VALID reasons=OPPORTUNITY_TOO_LOW
2026-08-26 21:30:15,890 | INFO | edward.autonomous.opportunity | opportunity_cycle_completed candidates=1 approved=0
2026-08-26 21:30:15,890 | INFO | edward.autonomous.opportunity | decision instrument=TEST decision=PASS status=VALID opportunity_score=30.0 strategy_score=85.0 reasons=OPPORTUNITY_TOO_LOW
2026-08-26 21:30:15,890 | INFO | edward.autonomous.opportunity | opportunity_rejected instrument=TEST decision=PASS status=VALID reasons=OPPORTUNITY_TOO_LOW
2026-08-26 21:30:15,890 | INFO | edward.autonomous.opportunity | opportunity_cycle_completed candidates=1 approved=0
2026-08-26 21:30:15,892 | INFO | edward.autonomous.ranking | opportunity_ranking_completed candidates=3 top=B
2026-08-26 21:30:15,893 | INFO | edward.autonomous.ranking | opportunity_ranking_completed candidates=2 top=A
2026-08-26 21:30:15,894 | INFO | edward.autonomous.planning | planning_started account_capital=1324799.71 invested=54465.50 free_cash=1270334.21 slots=5 reserve_pct=0
2026-08-26 21:30:15,894 | INFO | edward.autonomous.planning | planning_completed planning_budget=1324799.71 reserve=0.00 slots=5 target_position_value=264959.942
2026-08-26 21:30:15,895 | INFO | edward.autonomous.planning | planning_started account_capital=100000 invested=20000 free_cash=80000 slots=4 reserve_pct=10
2026-08-26 21:30:15,895 | INFO | edward.autonomous.planning | planning_completed planning_budget=90000.00 reserve=10000.00 slots=4 target_position_value=22500.00
2026-08-26 21:30:15,898 | INFO | edward.autonomous.planning | planning_started account_capital=100000 invested=0 free_cash=100000 slots=5 reserve_pct=0
2026-08-26 21:30:15,898 | INFO | edward.autonomous.planning | planning_completed planning_budget=100000.00 reserve=0.00 slots=5 target_position_value=20000.00
2026-08-26 21:30:15,898 | INFO | edward.autonomous.planning | allocation_policy_built max_positions=5 max_position_value=20000.00 min_position_value=500 replacement_advantage=10 return_improvement=2
2026-08-26 21:30:15,935 | INFO | edward.autonomous.universe | universe_scan_started instruments=5
2026-08-26 21:30:15,959 | INFO | edward.autonomous.universe | universe_eligible instrument=1 ticker=AAA candles=1
2026-08-26 21:30:15,959 | INFO | edward.autonomous.universe | universe_scan_completed total=5 eligible=1 rejected=4
2026-08-26 21:30:15,961 | INFO | edward.autonomous.universe | universe_scan_started instruments=1
2026-08-26 21:30:15,961 | INFO | edward.autonomous.universe | universe_eligible instrument=1 ticker=AAA candles=1
2026-08-26 21:30:15,961 | INFO | edward.autonomous.universe | universe_scan_completed total=1 eligible=1 rejected=0
2026-08-26 21:30:15,964 | INFO | edward.autonomous.universe | universe_scan_started instruments=2
2026-08-26 21:30:15,965 | WARNING | edward.autonomous.universe | universe_candles_failed instrument=1 error=gateway failure
2026-08-26 21:30:15,965 | INFO | edward.autonomous.universe | universe_eligible instrument=2 ticker=BBB candles=1
2026-08-26 21:30:15,965 | INFO | edward.autonomous.universe | universe_scan_completed total=2 eligible=1 rejected=1
2026-08-26 21:31:36,058 | INFO | edward.autonomous.live_analysis | live_analysis_started instrument=uid ticker=TEST profile=medium_term
2026-08-26 21:31:36,060 | INFO | edward.autonomous.live_analysis | live_candles_loaded instrument=uid candles=420
2026-08-26 21:31:36,447 | INFO | edward.autonomous.live_analysis | analysis_completed instrument=uid score=0.0 recommendation=None confidence=N/A regime=Trend
2026-08-26 21:31:36,447 | INFO | edward.autonomous.opportunity | decision instrument=UNKNOWN decision=PASS status=VALID opportunity_score=0.0 strategy_score=0.0 reasons=RISK_FAIL
2026-08-26 21:31:36,447 | INFO | edward.autonomous.opportunity | opportunity_rejected instrument=UNKNOWN decision=PASS status=VALID reasons=RISK_FAIL
2026-08-26 21:31:36,447 | INFO | edward.autonomous.opportunity | opportunity_cycle_completed candidates=1 approved=0
2026-08-26 21:31:36,447 | INFO | edward.autonomous.live_analysis | live_analysis_decision instrument=uid decision=PASS status=VALID reasons=RISK_FAIL
2026-08-26 21:31:49,594 | INFO | edward.autonomous.controller | cycle_started budget_total=20000 reserve=2000 invested=0 free_cash=18000 positions=0 opportunities=1
2026-08-26 21:31:49,594 | INFO | edward.autonomous.controller | allocation_completed actions=1 action_types=OPEN
2026-08-26 21:31:49,594 | INFO | edward.autonomous.controller | action_planning action=OPEN instrument=NEW source=None target_value=10000 score_advantage=90 return_improvement=12 risk_improvement=-10 reasons=FREE_SLOT,TOP_OPPORTUNITY
2026-08-26 21:31:49,595 | INFO | edward.autonomous.controller | reallocation_plan action=OPEN instrument=NEW allowed=True steps=3 reasons=OPEN
2026-08-26 21:31:49,595 | INFO | edward.autonomous.controller | step_started sequence=1 type=BUY instrument=NEW value=10000 source=None reasons=FREE_SLOT,TOP_OPPORTUNITY
2026-08-26 21:31:49,595 | INFO | edward.autonomous.controller | step_completed sequence=1 type=BUY instrument=NEW
2026-08-26 21:31:49,595 | INFO | edward.autonomous.controller | step_started sequence=2 type=PROTECT instrument=NEW value=10000 source=None reasons=PROTECTION_REQUIRED
2026-08-26 21:31:49,595 | INFO | edward.autonomous.controller | step_completed sequence=2 type=PROTECT instrument=NEW
2026-08-26 21:31:49,595 | INFO | edward.autonomous.controller | step_started sequence=3 type=VERIFY instrument=NEW value=10000 source=None reasons=PROTECTION_VERIFY
2026-08-26 21:31:49,595 | INFO | edward.autonomous.controller | step_completed sequence=3 type=VERIFY instrument=NEW
2026-08-26 21:31:49,595 | INFO | edward.autonomous.controller | cycle_completed status=COMPLETED actions=1 steps=3 reason=AUTONOMOUS_CYCLE_COMPLETED
2026-08-26 21:31:49,598 | INFO | edward.autonomous.controller | candidate_cycle_started candidates=1
2026-08-26 21:31:49,598 | INFO | edward.autonomous.opportunity | decision instrument=DECISION_NEW decision=BUY status=VALID opportunity_score=90.0 strategy_score=85.0 reasons=BUY_CONDITIONS_MET
2026-08-26 21:31:49,598 | INFO | edward.autonomous.opportunity | opportunity_approved instrument=DECISION_NEW score=90.0 risk=10 expected_return=15 target=10000
2026-08-26 21:31:49,598 | INFO | edward.autonomous.opportunity | opportunity_cycle_completed candidates=1 approved=1
2026-08-26 21:31:49,599 | INFO | edward.autonomous.controller | candidate_cycle_decisions completed=1 approved=1
2026-08-26 21:31:49,599 | INFO | edward.autonomous.controller | cycle_started budget_total=20000 reserve=2000 invested=0 free_cash=18000 positions=0 opportunities=1
2026-08-26 21:31:49,599 | INFO | edward.autonomous.controller | allocation_completed actions=1 action_types=OPEN
2026-08-26 21:31:49,599 | INFO | edward.autonomous.controller | action_planning action=OPEN instrument=DECISION_NEW source=None target_value=10000 score_advantage=90.0 return_improvement=15 risk_improvement=-10 reasons=FREE_SLOT,TOP_OPPORTUNITY
2026-08-26 21:31:49,599 | INFO | edward.autonomous.controller | reallocation_plan action=OPEN instrument=DECISION_NEW allowed=True steps=3 reasons=OPEN
2026-08-26 21:31:49,599 | INFO | edward.autonomous.controller | step_started sequence=1 type=BUY instrument=DECISION_NEW value=10000 source=None reasons=FREE_SLOT,TOP_OPPORTUNITY
2026-08-26 21:31:49,599 | INFO | edward.autonomous.controller | step_completed sequence=1 type=BUY instrument=DECISION_NEW
2026-08-26 21:31:49,599 | INFO | edward.autonomous.controller | step_started sequence=2 type=PROTECT instrument=DECISION_NEW value=10000 source=None reasons=PROTECTION_REQUIRED
2026-08-26 21:31:49,599 | INFO | edward.autonomous.controller | step_completed sequence=2 type=PROTECT instrument=DECISION_NEW
2026-08-26 21:31:49,600 | INFO | edward.autonomous.controller | step_started sequence=3 type=VERIFY instrument=DECISION_NEW value=10000 source=None reasons=PROTECTION_VERIFY
2026-08-26 21:31:49,600 | INFO | edward.autonomous.controller | step_completed sequence=3 type=VERIFY instrument=DECISION_NEW
2026-08-26 21:31:49,600 | INFO | edward.autonomous.controller | cycle_completed status=COMPLETED actions=1 steps=3 reason=AUTONOMOUS_CYCLE_COMPLETED
2026-08-26 21:31:49,602 | INFO | edward.autonomous.controller | cycle_started budget_total=20000 reserve=2000 invested=0 free_cash=18000 positions=0 opportunities=1
2026-08-26 21:31:49,603 | INFO | edward.autonomous.controller | allocation_completed actions=1 action_types=OPEN
2026-08-26 21:31:49,603 | INFO | edward.autonomous.controller | action_planning action=OPEN instrument=NEW source=None target_value=10000 score_advantage=90 return_improvement=12 risk_improvement=-10 reasons=FREE_SLOT,TOP_OPPORTUNITY
2026-08-26 21:31:49,603 | INFO | edward.autonomous.controller | reallocation_plan action=OPEN instrument=NEW allowed=True steps=3 reasons=OPEN
2026-08-26 21:31:49,603 | INFO | edward.autonomous.controller | step_started sequence=1 type=BUY instrument=NEW value=10000 source=None reasons=FREE_SLOT,TOP_OPPORTUNITY
2026-08-26 21:31:49,603 | INFO | edward.autonomous.controller | step_completed sequence=1 type=BUY instrument=NEW
2026-08-26 21:31:49,604 | INFO | edward.autonomous.controller | step_started sequence=2 type=PROTECT instrument=NEW value=10000 source=None reasons=PROTECTION_REQUIRED
2026-08-26 21:31:49,604 | ERROR | edward.autonomous.controller | step_failed sequence=2 type=PROTECT instrument=NEW reason=STEP_EXECUTION_FAILED
2026-08-26 21:31:49,604 | WARNING | edward.autonomous.controller | cycle_blocked stage=EXECUTION instrument=NEW sequence=2
2026-08-26 21:31:49,607 | INFO | edward.autonomous.controller | cycle_started budget_total=20000 reserve=2000 invested=0 free_cash=18000 positions=1 opportunities=0
2026-08-26 21:31:49,607 | INFO | edward.autonomous.controller | allocation_completed actions=0 action_types=
2026-08-26 21:31:49,607 | INFO | edward.autonomous.controller | cycle_completed status=COMPLETED reason=NO_ACTION_REQUIRED
2026-08-26 21:31:49,621 | INFO | edward.autonomous.controller | cycle_started budget_total=100000 reserve=10000 invested=0 free_cash=90000 positions=0 opportunities=1
2026-08-26 21:31:49,621 | INFO | edward.autonomous.controller | allocation_completed actions=1 action_types=OPEN
2026-08-26 21:31:49,621 | INFO | edward.autonomous.controller | action_planning action=OPEN instrument=NEW source=None target_value=20000 score_advantage=90 return_improvement=20 risk_improvement=-10 reasons=FREE_SLOT,TOP_OPPORTUNITY
2026-08-26 21:31:49,621 | INFO | edward.autonomous.controller | reallocation_plan action=OPEN instrument=NEW allowed=True steps=3 reasons=OPEN
2026-08-26 21:31:49,622 | INFO | edward.autonomous.controller | step_started sequence=1 type=BUY instrument=NEW value=20000 source=None reasons=FREE_SLOT,TOP_OPPORTUNITY
2026-08-26 21:31:49,622 | INFO | edward.autonomous.controller | step_completed sequence=1 type=BUY instrument=NEW
2026-08-26 21:31:49,622 | INFO | edward.autonomous.controller | step_started sequence=2 type=PROTECT instrument=NEW value=20000 source=None reasons=PROTECTION_REQUIRED
2026-08-26 21:31:49,622 | INFO | edward.autonomous.controller | step_completed sequence=2 type=PROTECT instrument=NEW
2026-08-26 21:31:49,622 | INFO | edward.autonomous.controller | step_started sequence=3 type=VERIFY instrument=NEW value=20000 source=None reasons=PROTECTION_VERIFY
2026-08-26 21:31:49,622 | INFO | edward.autonomous.controller | step_completed sequence=3 type=VERIFY instrument=NEW
2026-08-26 21:31:49,622 | INFO | edward.autonomous.controller | cycle_completed status=COMPLETED actions=1 steps=3 reason=AUTONOMOUS_CYCLE_COMPLETED
2026-08-26 21:31:49,635 | INFO | edward.autonomous.universe | universe_scan_started instruments=1
2026-08-26 21:31:49,635 | INFO | edward.autonomous.universe | universe_eligible instrument=UID ticker=TEST candles=1
2026-08-26 21:31:49,635 | INFO | edward.autonomous.universe | universe_scan_completed total=1 eligible=1 rejected=0
2026-08-26 21:31:49,638 | INFO | edward.autonomous.dry_run | dry_run sequence=1 action=BUY instrument_uid=SBER quantity=3 status=SIMULATED
2026-08-26 21:31:49,638 | INFO | edward.autonomous.dry_run | dry_run sequence=2 action=VERIFY instrument_uid=SBER quantity=3 status=VERIFIED
2026-08-26 21:31:49,640 | INFO | edward.autonomous.live_account | live_snapshot_started account=ACC
2026-08-26 21:31:49,641 | INFO | edward.autonomous.live_account | live_snapshot_completed account=ACC currency=RUB portfolio=40000 cash=30000 blocked=0 invested=10000 positions=1
2026-08-26 21:31:49,644 | INFO | edward.autonomous.live_account | live_snapshot_started account=ACC
2026-08-26 21:31:49,644 | WARNING | edward.autonomous.live_account | live_position_unenriched account=ACC instrument=SEC1
2026-08-26 21:31:49,644 | INFO | edward.autonomous.live_account | live_snapshot_completed account=ACC currency=RUB portfolio=40000 cash=30000 blocked=0 invested=10000 positions=0
2026-08-26 21:31:49,647 | INFO | edward.autonomous.live_account | live_snapshot_started account=ACC
2026-08-26 21:31:49,647 | INFO | edward.autonomous.live_account | live_snapshot_completed account=ACC currency=RUB portfolio=40000 cash=30000 blocked=0 invested=10000 positions=1
2026-08-26 21:31:49,648 | INFO | edward.autonomous.live_account | live_budget_built account=ACC total=40000 reserve=2000 invested=10000 free_cash=28000
2026-08-26 21:31:49,651 | INFO | edward.autonomous.live_cycle | live_snapshot_started account_id=ACC
2026-08-26 21:31:49,652 | INFO | edward.autonomous.planning | planning_started account_capital=100000 invested=10000 free_cash=90000 slots=5 reserve_pct=10
2026-08-26 21:31:49,652 | INFO | edward.autonomous.planning | planning_completed planning_budget=90000.00 reserve=10000.00 slots=5 target_position_value=18000.00
2026-08-26 21:31:49,652 | INFO | edward.autonomous.planning | trading_budget_built total=100000 reserve=10000.00 invested=10000 cash=90000 free_cash=80000.00
2026-08-26 21:31:49,652 | INFO | edward.autonomous.live_cycle | live_snapshot_completed account_id=ACC portfolio=100000 cash=90000 securities=10000 positions=1 slots=5 planning_budget=90000.00 target_position_value=18000.00
2026-08-26 21:31:49,656 | INFO | edward.autonomous.live_cycle | live_snapshot_started account_id=ACC
2026-08-26 21:31:49,656 | INFO | edward.autonomous.planning | planning_started account_capital=1427013.206275 invested=156679 free_cash=1270334.206275 slots=5 reserve_pct=0
2026-08-26 21:31:49,657 | INFO | edward.autonomous.planning | planning_completed planning_budget=1427013.206275 reserve=0.00 slots=5 target_position_value=285402.641255
2026-08-26 21:31:49,657 | INFO | edward.autonomous.planning | trading_budget_built total=1427013.206275 reserve=0.00 invested=156679 cash=1270334.206275 free_cash=1270334.206275
2026-08-26 21:31:49,657 | INFO | edward.autonomous.live_cycle | live_snapshot_completed account_id=ACC portfolio=1427013.206275 cash=1270334.206275 securities=156679 positions=5 slots=5 planning_budget=1427013.206275 target_position_value=285402.641255
2026-08-26 21:31:49,662 | INFO | edward.autonomous.opportunity | decision instrument=TEST decision=BUY status=VALID opportunity_score=90.0 strategy_score=85.0 reasons=BUY_CONDITIONS_MET
2026-08-26 21:31:49,663 | INFO | edward.autonomous.opportunity | opportunity_approved instrument=TEST score=90.0 risk=12 expected_return=18 target=20000
2026-08-26 21:31:49,663 | INFO | edward.autonomous.opportunity | opportunity_cycle_completed candidates=1 approved=1
2026-08-26 21:31:49,667 | INFO | edward.autonomous.opportunity | decision instrument=TEST decision=PASS status=VALID opportunity_score=30.0 strategy_score=85.0 reasons=OPPORTUNITY_TOO_LOW
2026-08-26 21:31:49,667 | INFO | edward.autonomous.opportunity | opportunity_rejected instrument=TEST decision=PASS status=VALID reasons=OPPORTUNITY_TOO_LOW
2026-08-26 21:31:49,667 | INFO | edward.autonomous.opportunity | opportunity_cycle_completed candidates=1 approved=0
2026-08-26 21:31:49,667 | INFO | edward.autonomous.opportunity | decision instrument=TEST decision=PASS status=VALID opportunity_score=30.0 strategy_score=85.0 reasons=OPPORTUNITY_TOO_LOW
2026-08-26 21:31:49,667 | INFO | edward.autonomous.opportunity | opportunity_rejected instrument=TEST decision=PASS status=VALID reasons=OPPORTUNITY_TOO_LOW
2026-08-26 21:31:49,667 | INFO | edward.autonomous.opportunity | opportunity_cycle_completed candidates=1 approved=0
2026-08-26 21:31:49,671 | INFO | edward.autonomous.ranking | opportunity_ranking_completed candidates=3 top=B
2026-08-26 21:31:49,673 | INFO | edward.autonomous.ranking | opportunity_ranking_completed candidates=2 top=A
2026-08-26 21:31:49,675 | INFO | edward.autonomous.planning | planning_started account_capital=1324799.71 invested=54465.50 free_cash=1270334.21 slots=5 reserve_pct=0
2026-08-26 21:31:49,676 | INFO | edward.autonomous.planning | planning_completed planning_budget=1324799.71 reserve=0.00 slots=5 target_position_value=264959.942
2026-08-26 21:31:49,678 | INFO | edward.autonomous.planning | planning_started account_capital=100000 invested=20000 free_cash=80000 slots=4 reserve_pct=10
2026-08-26 21:31:49,678 | INFO | edward.autonomous.planning | planning_completed planning_budget=90000.00 reserve=10000.00 slots=4 target_position_value=22500.00
2026-08-26 21:31:49,685 | INFO | edward.autonomous.planning | planning_started account_capital=100000 invested=0 free_cash=100000 slots=5 reserve_pct=0
2026-08-26 21:31:49,685 | INFO | edward.autonomous.planning | planning_completed planning_budget=100000.00 reserve=0.00 slots=5 target_position_value=20000.00
2026-08-26 21:31:49,685 | INFO | edward.autonomous.planning | allocation_policy_built max_positions=5 max_position_value=20000.00 min_position_value=500 replacement_advantage=10 return_improvement=2
2026-08-26 21:31:49,755 | INFO | edward.autonomous.universe | universe_scan_started instruments=5
2026-08-26 21:31:49,755 | INFO | edward.autonomous.universe | universe_eligible instrument=1 ticker=AAA candles=1
2026-08-26 21:31:49,755 | INFO | edward.autonomous.universe | universe_scan_completed total=5 eligible=1 rejected=4
2026-08-26 21:31:49,758 | INFO | edward.autonomous.universe | universe_scan_started instruments=1
2026-08-26 21:31:49,758 | INFO | edward.autonomous.universe | universe_eligible instrument=1 ticker=AAA candles=1
2026-08-26 21:31:49,758 | INFO | edward.autonomous.universe | universe_scan_completed total=1 eligible=1 rejected=0
2026-08-26 21:31:49,760 | INFO | edward.autonomous.universe | universe_scan_started instruments=2
2026-08-26 21:31:49,760 | WARNING | edward.autonomous.universe | universe_candles_failed instrument=1 error=gateway failure
2026-08-26 21:31:49,761 | INFO | edward.autonomous.universe | universe_eligible instrument=2 ticker=BBB candles=1
2026-08-26 21:31:49,761 | INFO | edward.autonomous.universe | universe_scan_completed total=2 eligible=1 rejected=1
2026-08-26 21:33:05,431 | INFO | edward.autonomous.live_cycle | live_snapshot_started account_id=d69985a1-c8b0-4cb3-a297-b9446694c417
2026-08-26 21:33:05,561 | INFO | edward.autonomous.planning | planning_started account_capital=1270334.206275 invested=0 free_cash=1270334.206275 slots=5 reserve_pct=0
2026-08-26 21:33:05,561 | INFO | edward.autonomous.planning | planning_completed planning_budget=1270334.206275 reserve=0.00 slots=5 target_position_value=254066.841255
2026-08-26 21:33:05,561 | INFO | edward.autonomous.planning | trading_budget_built total=1270334.206275 reserve=0.00 invested=0 cash=1270334.206275 free_cash=1270334.206275
2026-08-26 21:33:05,561 | INFO | edward.autonomous.live_cycle | live_snapshot_completed account_id=d69985a1-c8b0-4cb3-a297-b9446694c417 portfolio=1270334.206275 cash=1270334.206275 securities=0 positions=5 slots=5 planning_budget=1270334.206275 target_position_value=254066.841255
2026-08-26 21:33:13,732 | INFO | edward.autonomous.market_cycle | market_cycle_started account_id=d69985a1-c8b0-4cb3-a297-b9446694c417 profile=medium_term history_days=730
2026-08-26 21:33:13,732 | INFO | edward.autonomous.live_cycle | live_snapshot_started account_id=d69985a1-c8b0-4cb3-a297-b9446694c417
2026-08-26 21:33:13,832 | INFO | edward.autonomous.planning | planning_started account_capital=1270334.206275 invested=0 free_cash=1270334.206275 slots=5 reserve_pct=0
2026-08-26 21:33:13,832 | INFO | edward.autonomous.planning | planning_completed planning_budget=1270334.206275 reserve=0.00 slots=5 target_position_value=254066.841255
2026-08-26 21:33:13,832 | INFO | edward.autonomous.planning | trading_budget_built total=1270334.206275 reserve=0.00 invested=0 cash=1270334.206275 free_cash=1270334.206275
2026-08-26 21:33:13,832 | INFO | edward.autonomous.live_cycle | live_snapshot_completed account_id=d69985a1-c8b0-4cb3-a297-b9446694c417 portfolio=1270334.206275 cash=1270334.206275 securities=0 positions=5 slots=5 planning_budget=1270334.206275 target_position_value=254066.841255
2026-08-26 21:33:13,833 | INFO | edward.autonomous.market_cycle | account_snapshot capital=1270334.206275 cash=1270334.206275 securities=0 planning_budget=1270334.206275 slots=5
2026-08-26 21:33:15,695 | INFO | edward.autonomous.universe | universe_scan_started instruments=1921
2026-08-26 21:33:16,174 | WARNING | edward.autonomous.universe | universe_candles_failed instrument=784f9e60-4214-4730-ba21-ddb2dd677a8f error=_get_candles() takes 2 positional arguments but 5 were given
2026-08-26 21:33:16,466 | WARNING | edward.autonomous.universe | universe_candles_failed instrument=104c0979-1f16-4e13-9787-dc767814c4a6 error=_get_candles() takes 2 positional arguments but 5 were given
2026-08-26 21:33:16,870 | WARNING | edward.autonomous.universe | universe_candles_failed instrument=a2284e69-0e1e-4fdd-8cc9-5d991d936b90 error=_get_candles() takes 2 positional arguments but 5 were given
2026-08-26 21:33:17,276 | WARNING | edward.autonomous.universe | universe_candles_failed instrument=ef832fa3-1d62-4a18-b3ca-776d76a29cb1 error=_get_candles() takes 2 positional arguments but 5 were given
2026-08-26 21:33:17,696 | WARNING | edward.autonomous.universe | universe_candles_failed instrument=e9139ddd-bf3c-4d03-a94f-ffdf7234c6be error=_get_candles() takes 2 positional arguments but 5 were given
2026-08-26 21:33:18,080 | WARNING | edward.autonomous.universe | universe_candles_failed instrument=43666aea-a4df-46e1-a815-e5eccbc1fb3f error=_get_candles() takes 2 positional arguments but 5 were given
2026-08-26 21:33:18,583 | WARNING | edward.autonomous.universe | universe_candles_failed instrument=b125d6c0-e90b-49be-8b75-f7e1990250a0 error=_get_candles() takes 2 positional arguments but 5 were given
2026-08-26 21:33:18,834 | WARNING | edward.autonomous.universe | universe_candles_failed instrument=54e856d4-ba8a-4365-8fd1-245a8888b306 error=_get_candles() takes 2 positional arguments but 5 were given
2026-08-26 21:33:18,969 | WARNING | edward.autonomous.universe | universe_candles_failed instrument=b71bd174-c72c-41b0-a66f-5f9073e0d1f5 error=_get_candles() takes 2 positional arguments but 5 were given
2026-08-26 21:33:19,149 | WARNING | edward.autonomous.universe | universe_candles_failed instrument=56452fa0-1e58-457e-bb41-90acaabf0767 error=_get_candles() takes 2 positional arguments but 5 were given
2026-08-26 21:33:19,317 | WARNING | edward.autonomous.universe | universe_candles_failed instrument=ca845f68-6c43-44bc-b584-330d2a1e5eb7 error=_get_candles() takes 2 positional arguments but 5 were given
2026-08-26 21:33:19,483 | WARNING | edward.autonomous.universe | universe_candles_failed instrument=0f3165ef-3b53-4bc0-a4c8-19d0016b0b6d error=_get_candles() takes 2 positional arguments but 5 were given
2026-08-26 21:33:19,721 | WARNING | edward.autonomous.universe | universe_candles_failed instrument=3879e073-f27a-4e2f-9a97-97475b25194d error=_get_candles() takes 2 positional arguments but 5 were given
2026-08-26 21:33:19,932 | WARNING | edward.autonomous.universe | universe_candles_failed instrument=b993e814-9986-4434-ae88-b086066714a0 error=_get_candles() takes 2 positional arguments but 5 were given
2026-08-26 21:33:20,131 | WARNING | edward.autonomous.universe | universe_candles_failed instrument=48bd9002-43be-4528-abf4-dc8135ad4550 error=_get_candles() takes 2 positional arguments but 5 were given
2026-08-26 21:33:20,282 | WARNING | edward.autonomous.universe | universe_candles_failed instrument=df35ac3e-3d77-454f-b446-cdbb9d867b02 error=_get_candles() takes 2 positional arguments but 5 were given
2026-08-26 21:33:20,483 | WARNING | edward.autonomous.universe | universe_candles_failed instrument=0d28c01b-f841-4e89-9c92-0ee23d12883a error=_get_candles() takes 2 positional arguments but 5 were given
2026-08-26 21:33:20,678 | WARNING | edward.autonomous.universe | universe_candles_failed instrument=01fd2cc9-489c-4756-b267-72c3ccc61b8f error=_get_candles() takes 2 positional arguments but 5 were given
2026-08-26 21:33:20,862 | WARNING | edward.autonomous.universe | universe_candles_failed instrument=2c69924a-fcf4-4d3c-8c02-02cd665f554d error=_get_candles() takes 2 positional arguments but 5 were given
2026-08-26 21:33:21,034 | WARNING | edward.autonomous.universe | universe_candles_failed instrument=c4304c3c-4106-47ea-aabc-e1ae39930791 error=_get_candles() takes 2 positional arguments but 5 were given
2026-08-26 21:33:21,217 | WARNING | edward.autonomous.universe | universe_candles_failed instrument=16bb8ed3-2cb1-4d89-8f04-afe0b34e21d0 error=_get_candles() takes 2 positional arguments but 5 were given
2026-08-26 21:33:21,444 | WARNING | edward.autonomous.universe | universe_candles_failed instrument=330a4507-03f9-4f8d-8303-492ba09cccba error=_get_candles() takes 2 positional arguments but 5 were given
2026-08-26 21:33:21,623 | WARNING | edward.autonomous.universe | universe_candles_failed instrument=f866872b-8f68-4b6e-930f-749fe9aa79c0 error=_get_candles() takes 2 positional arguments but 5 were given
2026-08-26 21:33:21,793 | WARNING | edward.autonomous.universe | universe_candles_failed instrument=d0b3723c-35f8-497c-97f7-345bbcfbf1e1 error=_get_candles() takes 2 positional arguments but 5 were given
2026-08-26 21:33:21,999 | WARNING | edward.autonomous.universe | universe_candles_failed instrument=0102d253-5095-499c-934e-5a5fd6fce00d error=_get_candles() takes 2 positional arguments but 5 were given
2026-08-26 21:33:22,171 | WARNING | edward.autonomous.universe | universe_candles_failed instrument=2bd81af0-b389-4638-ac9b-35a9938be0cc error=_get_candles() takes 2 positional arguments but 5 were given
2026-08-26 21:33:22,333 | WARNING | edward.autonomous.universe | universe_candles_failed instrument=275f75e0-c3ee-4e53-ac3a-2268a404d5fa error=_get_candles() takes 2 positional arguments but 5 were given
2026-08-26 21:33:22,539 | WARNING | edward.autonomous.universe | universe_candles_failed instrument=30817fea-20e6-4fee-ab1f-d20fc1a1bb72 error=_get_candles() takes 2 positional arguments but 5 were given
2026-08-26 21:33:22,734 | WARNING | edward.autonomous.universe | universe_candles_failed instrument=3f692296-eee8-4854-a905-019d6377961f error=_get_candles() takes 2 positional arguments but 5 were given
2026-08-26 21:33:22,903 | WARNING | edward.autonomous.universe | universe_candles_failed instrument=88468f6c-c67a-4fb4-a006-53eed803883c error=_get_candles() takes 2 positional arguments but 5 were given
2026-08-26 21:33:23,089 | WARNING | edward.autonomous.universe | universe_candles_failed instrument=464c9ca5-2ba5-4b66-90e2-005f30bff134 error=_get_candles() takes 2 positional arguments but 5 were given
2026-08-26 21:33:23,253 | WARNING | edward.autonomous.universe | universe_candles_failed instrument=c53f1d8f-78e0-46e5-ac31-fdc08f05c8e2 error=_get_candles() takes 2 positional arguments but 5 were given
2026-08-26 21:33:23,494 | WARNING | edward.autonomous.universe | universe_candles_failed instrument=e3e10315-c9e8-452a-9113-2f14805679ce error=_get_candles() takes 2 positional arguments but 5 were given
2026-08-26 21:33:23,658 | WARNING | edward.autonomous.universe | universe_candles_failed instrument=a257d925-305e-43e2-a9d5-1174c1190dee error=_get_candles() takes 2 positional arguments but 5 were given
2026-08-26 21:33:23,880 | WARNING | edward.autonomous.universe | universe_candles_failed instrument=05cd89b6-b99d-42cc-a77c-a4e9eb84168e error=_get_candles() takes 2 positional arguments but 5 were given
2026-08-26 21:33:24,076 | WARNING | edward.autonomous.universe | universe_candles_failed instrument=02eda274-10c4-4815-8e02-a8ee7eaf485b error=_get_candles() takes 2 positional arguments but 5 were given
2026-08-26 21:33:24,265 | WARNING | edward.autonomous.universe | universe_candles_failed instrument=2ce7103b-d526-4c71-87be-0bd3f49a8b51 error=_get_candles() takes 2 positional arguments but 5 were given
2026-08-26 21:33:24,454 | WARNING | edward.autonomous.universe | universe_candles_failed instrument=41133bf9-9b9d-4d28-8864-9160b57871d1 error=_get_candles() takes 2 positional arguments but 5 were given
2026-08-26 21:33:24,652 | WARNING | edward.autonomous.universe | universe_candles_failed instrument=653d47e9-dbd4-407a-a1c3-47f897df4694 error=_get_candles() takes 2 positional arguments but 5 were given
2026-08-26 21:33:24,867 | WARNING | edward.autonomous.universe | universe_candles_failed instrument=aac2b935-3d94-4030-83a1-f7acdd9b05a5 error=_get_candles() takes 2 positional arguments but 5 were given
2026-08-26 21:33:25,081 | WARNING | edward.autonomous.universe | universe_candles_failed instrument=d8de3aca-92e5-4135-8f1d-c3d545cbc041 error=_get_candles() takes 2 positional arguments but 5 were given
2026-08-26 21:33:25,306 | WARNING | edward.autonomous.universe | universe_candles_failed instrument=e79f65d6-1bd0-42c6-943e-5060bbeabc45 error=_get_candles() takes 2 positional arguments but 5 were given
2026-08-26 21:33:25,462 | WARNING | edward.autonomous.universe | universe_candles_failed instrument=703e944b-d4e6-4697-bea5-844c2c8be554 error=_get_candles() takes 2 positional arguments but 5 were given
2026-08-26 21:33:25,670 | WARNING | edward.autonomous.universe | universe_candles_failed instrument=c35cfe95-ad55-44ab-84d4-2e9754bb55b4 error=_get_candles() takes 2 positional arguments but 5 were given
2026-08-26 21:33:25,846 | WARNING | edward.autonomous.universe | universe_candles_failed instrument=700671c4-624e-43d0-8377-95de3956b111 error=_get_candles() takes 2 positional arguments but 5 were given
2026-08-26 21:33:25,995 | WARNING | edward.autonomous.universe | universe_candles_failed instrument=1214a841-5a72-42ac-b911-5c05a7eaa48e error=_get_candles() takes 2 positional arguments but 5 were given
2026-08-26 21:33:26,162 | WARNING | edward.autonomous.universe | universe_candles_failed instrument=0f446a59-c78e-44fc-8235-7b097096769a error=_get_candles() takes 2 positional arguments but 5 were given
2026-08-26 21:33:26,330 | WARNING | edward.autonomous.universe | universe_candles_failed instrument=f4da07c8-dfc5-44f8-989d-c45d85027aad error=_get_candles() takes 2 positional arguments but 5 were given
2026-08-26 21:33:26,500 | WARNING | edward.autonomous.universe | universe_candles_failed instrument=9b9a584e-448f-40da-9ba8-353b44ad697a error=_get_candles() takes 2 positional arguments but 5 were given
2026-08-26 21:33:26,677 | WARNING | edward.autonomous.universe | universe_candles_failed instrument=edc6b309-746d-4697-9752-b7697b0ba38a error=_get_candles() takes 2 positional arguments but 5 were given
2026-08-26 21:33:26,863 | WARNING | edward.autonomous.universe | universe_candles_failed instrument=578506fc-187d-488c-a10e-2651530da4b9 error=_get_candles() takes 2 positional arguments but 5 were given
2026-08-26 21:33:27,029 | WARNING | edward.autonomous.universe | universe_candles_failed instrument=76558b5d-9875-4c92-82ca-44f2d0b39e1b error=_get_candles() takes 2 positional arguments but 5 were given
2026-08-26 21:33:27,227 | WARNING | edward.autonomous.universe | universe_candles_failed instrument=231e5e27-9956-47e7-ad50-6e802e4a92ed error=_get_candles() takes 2 positional arguments but 5 were given
2026-08-26 21:33:27,432 | WARNING | edward.autonomous.universe | universe_candles_failed instrument=17017bf0-ed5c-47be-8fae-c0cedbfabe32 error=_get_candles() takes 2 positional arguments but 5 were given
2026-08-26 21:33:27,638 | WARNING | edward.autonomous.universe | universe_candles_failed instrument=d61f5ab1-ec03-4dc8-9f10-2f746b0a20c1 error=_get_candles() takes 2 positional arguments but 5 were given
2026-08-26 21:33:27,823 | WARNING | edward.autonomous.universe | universe_candles_failed instrument=a797f14a-8513-4b84-b15e-a3b98dc4cc00 error=_get_candles() takes 2 positional arguments but 5 were given
2026-08-26 21:33:28,031 | WARNING | edward.autonomous.universe | universe_candles_failed instrument=32822b7c-b13c-45df-b1af-cb6e3d676399 error=_get_candles() takes 2 positional arguments but 5 were given
2026-08-26 21:33:28,225 | WARNING | edward.autonomous.universe | universe_candles_failed instrument=5a6c9d26-10db-4a21-9c0e-2b7b063c69f8 error=_get_candles() takes 2 positional arguments but 5 were given
2026-08-26 21:33:28,418 | WARNING | edward.autonomous.universe | universe_candles_failed instrument=8be64b53-a46b-451c-8152-1c871f122d5b error=_get_candles() takes 2 positional arguments but 5 were given
2026-08-26 21:33:28,591 | WARNING | edward.autonomous.universe | universe_candles_failed instrument=7fad3575-99ca-4b36-807c-9c7c37e64b29 error=_get_candles() takes 2 positional arguments but 5 were given
2026-08-26 21:33:28,760 | WARNING | edward.autonomous.universe | universe_candles_failed instrument=3c899002-e8f5-42fd-b617-4bc2f31e6767 error=_get_candles() takes 2 positional arguments but 5 were given
2026-08-26 21:33:28,916 | WARNING | edward.autonomous.universe | universe_candles_failed instrument=8d83880d-722a-45cd-b4e3-1a7c95112ed5 error=_get_candles() takes 2 positional arguments but 5 were given
2026-08-26 21:33:29,095 | WARNING | edward.autonomous.universe | universe_candles_failed instrument=1037b19b-46f4-4ebf-bb87-53401f8d2148 error=_get_candles() takes 2 positional arguments but 5 were given
2026-08-26 21:33:29,327 | WARNING | edward.autonomous.universe | universe_candles_failed instrument=459a1a0a-0253-465a-bd4e-afaaf5e670b0 error=_get_candles() takes 2 positional arguments but 5 were given
2026-08-26 21:33:29,502 | WARNING | edward.autonomous.universe | universe_candles_failed instrument=5e1c2634-afc4-4e50-ad6d-f78fc14a539a error=_get_candles() takes 2 positional arguments but 5 were given
2026-08-26 21:33:29,711 | WARNING | edward.autonomous.universe | universe_candles_failed instrument=7e13d581-bbbf-41bb-89c9-e2c4a85a9bde error=_get_candles() takes 2 positional arguments but 5 were given
2026-08-26 21:33:29,902 | WARNING | edward.autonomous.universe | universe_candles_failed instrument=813fac1c-eb17-4ccb-9ec3-72a80814fc85 error=_get_candles() takes 2 positional arguments but 5 were given
2026-08-26 21:33:30,072 | WARNING | edward.autonomous.universe | universe_candles_failed instrument=806938cd-172e-477f-b00c-c8e731cfafa7 error=_get_candles() takes 2 positional arguments but 5 were given
2026-08-26 21:33:30,233 | WARNING | edward.autonomous.universe | universe_candles_failed instrument=b24fa6a8-b700-4afb-8e24-2c7ed5e4888e error=_get_candles() takes 2 positional arguments but 5 were given
2026-08-26 21:33:30,428 | WARNING | edward.autonomous.universe | universe_candles_failed instrument=3240b205-4718-47d2-8650-8bdc89533fd8 error=_get_candles() takes 2 positional arguments but 5 were given
2026-08-26 21:33:30,599 | WARNING | edward.autonomous.universe | universe_candles_failed instrument=9ec09704-0912-4ab8-9ebf-3fdad6fd3944 error=_get_candles() takes 2 positional arguments but 5 were given
2026-08-26 21:33:30,746 | WARNING | edward.autonomous.universe | universe_candles_failed instrument=6bffd7f3-4c01-495b-9a4d-e1f8c9e1774f error=_get_candles() takes 2 positional arguments but 5 were given
2026-08-26 21:33:30,903 | WARNING | edward.autonomous.universe | universe_candles_failed instrument=1ffe1bff-d7b7-4b04-b482-34dc9cc0a4ba error=_get_candles() takes 2 positional arguments but 5 were given
2026-08-26 21:33:31,108 | WARNING | edward.autonomous.universe | universe_candles_failed instrument=45609688-b63e-42dd-88a0-9d30c423c5e5 error=_get_candles() takes 2 positional arguments but 5 were given
2026-08-26 21:33:31,287 | WARNING | edward.autonomous.universe | universe_candles_failed instrument=03d5e771-fc10-438e-8892-85a40733612d error=_get_candles() takes 2 positional arguments but 5 were given
2026-08-26 21:33:31,462 | WARNING | edward.autonomous.universe | universe_candles_failed instrument=fd417230-19cf-4e7b-9623-f7c9ca18ec6b error=_get_candles() takes 2 positional arguments but 5 were given
2026-08-26 21:33:31,612 | WARNING | edward.autonomous.universe | universe_candles_failed instrument=02b2ea14-3c4b-47e8-9548-45a8dbcc8f8a error=_get_candles() takes 2 positional arguments but 5 were given
2026-08-26 21:33:31,799 | WARNING | edward.autonomous.universe | universe_candles_failed instrument=1b64e38a-49ad-4f4d-a4d3-b34184899352 error=_get_candles() takes 2 positional arguments but 5 were given
2026-08-26 21:33:31,956 | WARNING | edward.autonomous.universe | universe_candles_failed instrument=e2bd2eba-75de-4127-b39c-2f2dbe3866c3 error=_get_candles() takes 2 positional arguments but 5 were given
2026-08-26 21:33:32,124 | WARNING | edward.autonomous.universe | universe_candles_failed instrument=87db07bc-0e02-4e29-90bb-05e8ef791d7b error=_get_candles() takes 2 positional arguments but 5 were given
2026-08-26 21:33:32,318 | WARNING | edward.autonomous.universe | universe_candles_failed instrument=e0e1ee47-d3e6-43d9-9755-44dcc18ab271 error=_get_candles() takes 2 positional arguments but 5 were given
2026-08-26 21:33:32,523 | WARNING | edward.autonomous.universe | universe_candles_failed instrument=8ec4edb6-b779-4e3c-9146-b11210174d51 error=_get_candles() takes 2 positional arguments but 5 were given
2026-08-26 21:33:32,707 | WARNING | edward.autonomous.universe | universe_candles_failed instrument=c05fd0a1-0c8e-4bc3-bf9e-43e364d278ef error=_get_candles() takes 2 positional arguments but 5 were given
2026-08-26 21:33:32,893 | WARNING | edward.autonomous.universe | universe_candles_failed instrument=538a1b13-df23-4449-8302-e8adbc25daf4 error=_get_candles() takes 2 positional arguments but 5 were given
2026-08-26 21:33:33,053 | WARNING | edward.autonomous.universe | universe_candles_failed instrument=c3746fd5-ac02-419a-8893-827775cfb2c8 error=_get_candles() takes 2 positional arguments but 5 were given
2026-08-26 21:33:33,287 | WARNING | edward.autonomous.universe | universe_candles_failed instrument=49b8a647-e740-4c29-b390-4d1d6829d13a error=_get_candles() takes 2 positional arguments but 5 were given
2026-08-26 21:33:33,487 | WARNING | edward.autonomous.universe | universe_candles_failed instrument=c961e321-503a-442c-8c4a-5dce95d75513 error=_get_candles() takes 2 positional arguments but 5 were given
2026-08-26 21:33:33,673 | WARNING | edward.autonomous.universe | universe_candles_failed instrument=f8f1de0d-5a5f-47e9-8ecb-00bec8f8351f error=_get_candles() takes 2 positional arguments but 5 were given
2026-08-26 21:33:33,857 | WARNING | edward.autonomous.universe | universe_candles_failed instrument=879b2e35-edfb-42f4-baa0-8a00cf1edaac error=_get_candles() takes 2 positional arguments but 5 were given
2026-08-26 21:33:34,030 | WARNING | edward.autonomous.universe | universe_candles_failed instrument=a6121478-943f-4eae-bc2a-bab5c771dd4a error=_get_candles() takes 2 positional arguments but 5 were given
2026-08-26 21:33:34,298 | WARNING | edward.autonomous.universe | universe_candles_failed instrument=93e0d4c6-45c9-4399-9e0b-dc2f2ff101c7 error=_get_candles() takes 2 positional arguments but 5 were given
2026-08-26 21:33:34,448 | WARNING | edward.autonomous.universe | universe_candles_failed instrument=f26aade9-d33a-4cdf-867e-1c18c753e63a error=_get_candles() takes 2 positional arguments but 5 were given
2026-08-26 21:33:34,667 | WARNING | edward.autonomous.universe | universe_candles_failed instrument=3fe80143-1313-42eb-9884-5d68b39e265e error=_get_candles() takes 2 positional arguments but 5 were given
2026-08-26 21:33:34,852 | WARNING | edward.autonomous.universe | universe_candles_failed instrument=b9dff600-4ca6-4fa9-ba91-df2126548ccc error=_get_candles() takes 2 positional arguments but 5 were given
2026-08-26 21:33:35,075 | WARNING | edward.autonomous.universe | universe_candles_failed instrument=4d813ab1-8bc9-4670-89ea-12bfbab6017d error=_get_candles() takes 2 positional arguments but 5 were given
2026-08-26 21:33:35,279 | WARNING | edward.autonomous.universe | universe_candles_failed instrument=e3312603-d109-443a-86b5-329eede6c853 error=_get_candles() takes 2 positional arguments but 5 were given
2026-08-26 21:33:35,467 | WARNING | edward.autonomous.universe | universe_candles_failed instrument=e6123145-9665-43e0-8413-cd61b8aa9b13 error=_get_candles() takes 2 positional arguments but 5 were given
2026-08-26 21:33:35,641 | WARNING | edward.autonomous.universe | universe_candles_failed instrument=97015e2f-adae-4133-9ce0-cd79015d13a2 error=_get_candles() takes 2 positional arguments but 5 were given
2026-08-26 21:33:35,826 | WARNING | edward.autonomous.universe | universe_candles_failed instrument=c74fc209-54e2-4ba6-a7a9-9e0d24299184 error=_get_candles() takes 2 positional arguments but 5 were given
2026-08-26 21:33:36,005 | WARNING | edward.autonomous.universe | universe_candles_failed instrument=1c181853-2fd6-4a20-a1c6-cb923a7c7919 error=_get_candles() takes 2 positional arguments but 5 were given
2026-08-26 21:33:36,195 | WARNING | edward.autonomous.universe | universe_candles_failed instrument=962e2a95-02a9-4171-abd7-aa198dbe643a error=_get_candles() takes 2 positional arguments but 5 were given
2026-08-26 21:33:36,357 | WARNING | edward.autonomous.universe | universe_candles_failed instrument=1e19953d-01c6-4ecd-a5f4-53ae3ed44029 error=_get_candles() takes 2 positional arguments but 5 were given
2026-08-26 21:33:36,547 | WARNING | edward.autonomous.universe | universe_candles_failed instrument=02bdfa7c-ae6c-4cbd-9784-f3457dfdcedc error=_get_candles() takes 2 positional arguments but 5 were given
2026-08-26 21:33:36,733 | WARNING | edward.autonomous.universe | universe_candles_failed instrument=a57d3a52-63d5-417b-b66d-c6114587f0ea error=_get_candles() takes 2 positional arguments but 5 were given
2026-08-26 21:33:36,922 | WARNING | edward.autonomous.universe | universe_candles_failed instrument=6fdba807-39e5-41d8-a272-ca2e7e35223d error=_get_candles() takes 2 positional arguments but 5 were given
2026-08-26 21:33:37,160 | WARNING | edward.autonomous.universe | universe_candles_failed instrument=c6fd4e8e-5bb4-4f8a-9727-5d8dddff2e7d error=_get_candles() takes 2 positional arguments but 5 were given
2026-08-26 21:33:37,338 | WARNING | edward.autonomous.universe | universe_candles_failed instrument=de08affe-4fbd-454e-9fd1-46a81b23f870 error=_get_candles() takes 2 positional arguments but 5 were given
2026-08-26 21:33:37,516 | WARNING | edward.autonomous.universe | universe_candles_failed instrument=14d147b9-d977-438a-80c0-441e5589da30 error=_get_candles() takes 2 positional arguments but 5 were given
2026-08-26 21:33:37,686 | WARNING | edward.autonomous.universe | universe_candles_failed instrument=9ba367af-dfbd-4d9c-8730-4b1d5a47756e error=_get_candles() takes 2 positional arguments but 5 were given
2026-08-26 21:33:38,379 | WARNING | edward.autonomous.universe | universe_candles_failed instrument=8a23dd3b-04bb-41f3-a531-1bc3c08deecf error=_get_candles() takes 2 positional arguments but 5 were given
2026-08-26 21:33:38,545 | WARNING | edward.autonomous.universe | universe_candles_failed instrument=b5e26096-d013-48e4-b2a9-2f38b6090feb error=_get_candles() takes 2 positional arguments but 5 were given
2026-08-26 21:33:38,729 | WARNING | edward.autonomous.universe | universe_candles_failed instrument=05dbfebd-6bc4-4645-8f21-dcf05476999d error=_get_candles() takes 2 positional arguments but 5 were given
2026-08-26 21:33:38,901 | WARNING | edward.autonomous.universe | universe_candles_failed instrument=bba7a33f-48a8-4788-8469-3a9f5d668e0a error=_get_candles() takes 2 positional arguments but 5 were given
2026-08-26 21:33:39,086 | WARNING | edward.autonomous.universe | universe_candles_failed instrument=62560f05-3fd0-4d65-88f0-a27f249cc6de error=_get_candles() takes 2 positional arguments but 5 were given
2026-08-26 21:33:39,268 | WARNING | edward.autonomous.universe | universe_candles_failed instrument=e268b9d4-7c8c-44b4-b2b2-11c0d55155e8 error=_get_candles() takes 2 positional arguments but 5 were given
2026-08-26 21:33:39,483 | WARNING | edward.autonomous.universe | universe_candles_failed instrument=2ff42bea-3ea9-4af9-a06e-19fe0874b7a1 error=_get_candles() takes 2 positional arguments but 5 were given
2026-08-26 21:33:39,654 | WARNING | edward.autonomous.universe | universe_candles_failed instrument=55371b1f-8f7c-4c12-9d93-386fae5ec12a error=_get_candles() takes 2 positional arguments but 5 were given
2026-08-26 21:33:39,814 | WARNING | edward.autonomous.universe | universe_candles_failed instrument=435107a9-a262-4a31-8a9b-2ee6f81c1184 error=_get_candles() takes 2 positional arguments but 5 were given
2026-08-26 21:33:40,008 | WARNING | edward.autonomous.universe | universe_candles_failed instrument=6eeb0c40-1a7f-4b57-aeee-a3dbb3846b80 error=_get_candles() takes 2 positional arguments but 5 were given
2026-08-26 21:33:40,180 | WARNING | edward.autonomous.universe | universe_candles_failed instrument=7e58375b-01a1-4a98-850d-0f352eb078af error=_get_candles() takes 2 positional arguments but 5 were given
2026-08-26 21:33:40,331 | WARNING | edward.autonomous.universe | universe_candles_failed instrument=5f858c64-ba9a-4d66-86bf-73b5880cf30f error=_get_candles() takes 2 positional arguments but 5 were given
2026-08-26 21:33:40,489 | WARNING | edward.autonomous.universe | universe_candles_failed instrument=0bdca049-f06d-4a27-b46c-f89236a44727 error=_get_candles() takes 2 positional arguments but 5 were given
2026-08-26 21:33:40,643 | WARNING | edward.autonomous.universe | universe_candles_failed instrument=509edd0c-129c-4ee2-934d-7f6246126da1 error=_get_candles() takes 2 positional arguments but 5 were given
2026-08-26 21:33:40,807 | WARNING | edward.autonomous.universe | universe_candles_failed instrument=664921c5-b552-47a6-9ced-8735a3c6ca8a error=_get_candles() takes 2 positional arguments but 5 were given
2026-08-26 21:33:40,969 | WARNING | edward.autonomous.universe | universe_candles_failed instrument=1c5fd815-eb3e-41b1-a5b7-9cc7c905bd78 error=_get_candles() takes 2 positional arguments but 5 were given
2026-08-26 21:33:41,117 | WARNING | edward.autonomous.universe | universe_candles_failed instrument=98fc1318-6990-4147-b0d1-b10999326461 error=_get_candles() takes 2 positional arguments but 5 were given
2026-08-26 21:33:41,334 | WARNING | edward.autonomous.universe | universe_candles_failed instrument=53b67587-96eb-4b41-8e0c-d2e3c0bdd234 error=_get_candles() takes 2 positional arguments but 5 were given
2026-08-26 21:33:41,500 | WARNING | edward.autonomous.universe | universe_candles_failed instrument=2113c648-6459-49c5-bdfc-3c608d2afaa0 error=_get_candles() takes 2 positional arguments but 5 were given
2026-08-26 21:33:41,708 | WARNING | edward.autonomous.universe | universe_candles_failed instrument=10620843-28ce-44e8-80c2-f26ceb1bd3e1 error=_get_candles() takes 2 positional arguments but 5 were given
2026-08-26 21:33:41,906 | WARNING | edward.autonomous.universe | universe_candles_failed instrument=deab934f-7e5e-4467-a465-3624c1110e7b error=_get_candles() takes 2 positional arguments but 5 were given
2026-08-26 21:33:42,066 | WARNING | edward.autonomous.universe | universe_candles_failed instrument=ab29b599-4cb4-4b57-9c17-02b140708bf7 error=_get_candles() takes 2 positional arguments but 5 were given
2026-08-26 21:33:42,235 | WARNING | edward.autonomous.universe | universe_candles_failed instrument=2ca51950-2047-4090-b6ba-6ecd486291a2 error=_get_candles() takes 2 positional arguments but 5 were given
2026-08-26 21:33:42,454 | WARNING | edward.autonomous.universe | universe_candles_failed instrument=e027aaaa-cb20-4d48-be23-6d2d4b0edfb8 error=_get_candles() takes 2 positional arguments but 5 were given
2026-08-26 21:33:42,610 | WARNING | edward.autonomous.universe | universe_candles_failed instrument=4744e309-4b10-48c7-8dc8-c6ad1ccf5c3b error=_get_candles() takes 2 positional arguments but 5 were given
2026-08-26 21:33:42,790 | WARNING | edward.autonomous.universe | universe_candles_failed instrument=1fae90d9-fb73-4c28-bdc0-11f47f991a05 error=_get_candles() takes 2 positional arguments but 5 were given
2026-08-26 21:33:42,970 | WARNING | edward.autonomous.universe | universe_candles_failed instrument=75e003c2-ca14-4980-8d7b-e82ec6b6ffe1 error=_get_candles() takes 2 positional arguments but 5 were given
2026-08-26 21:33:43,211 | WARNING | edward.autonomous.universe | universe_candles_failed instrument=9b5f01f6-b836-45e4-af1b-e23cbab34507 error=_get_candles() takes 2 positional arguments but 5 were given
2026-08-26 21:33:43,407 | WARNING | edward.autonomous.universe | universe_candles_failed instrument=40ca6061-9acc-40ec-9571-4c41b10730d9 error=_get_candles() takes 2 positional arguments but 5 were given
2026-08-26 21:33:43,607 | WARNING | edward.autonomous.universe | universe_candles_failed instrument=0b9afb23-280f-4fda-a7ad-816994959c6b error=_get_candles() takes 2 positional arguments but 5 were given
2026-08-26 21:33:43,833 | WARNING | edward.autonomous.universe | universe_candles_failed instrument=cfb50a23-2465-497e-bc7e-e4f0e042cf3d error=_get_candles() takes 2 positional arguments but 5 were given
2026-08-26 21:33:44,007 | WARNING | edward.autonomous.universe | universe_candles_failed instrument=e53026a3-5585-478a-8ae7-59698864f681 error=_get_candles() takes 2 positional arguments but 5 were given
2026-08-26 21:33:44,209 | WARNING | edward.autonomous.universe | universe_candles_failed instrument=76721c1c-52a9-4b45-987e-d075f651f1b1 error=_get_candles() takes 2 positional arguments but 5 were given
2026-08-26 21:33:44,394 | WARNING | edward.autonomous.universe | universe_candles_failed instrument=9b5366b0-2a2e-4074-ace6-d844fefee42b error=_get_candles() takes 2 positional arguments but 5 were given
2026-08-26 21:33:44,575 | WARNING | edward.autonomous.universe | universe_candles_failed instrument=1fbecbbc-ef32-448c-b4fe-b0037795ba01 error=_get_candles() takes 2 positional arguments but 5 were given
2026-08-26 21:33:44,737 | WARNING | edward.autonomous.universe | universe_candles_failed instrument=b8c992db-6cb8-449e-8602-bb4252a28ea4 error=_get_candles() takes 2 positional arguments but 5 were given
2026-08-26 21:33:44,937 | WARNING | edward.autonomous.universe | universe_candles_failed instrument=fbc2eb4e-997e-4654-a1b1-4055e238bd00 error=_get_candles() takes 2 positional arguments but 5 were given
2026-08-26 21:33:45,157 | WARNING | edward.autonomous.universe | universe_candles_failed instrument=9978b56f-782a-4a80-a4b1-a48cbecfd194 error=_get_candles() takes 2 positional arguments but 5 were given
2026-08-26 21:33:45,330 | WARNING | edward.autonomous.universe | universe_candles_failed instrument=2fa1d15e-236c-4e4e-8155-f740badfece6 error=_get_candles() takes 2 positional arguments but 5 were given
2026-08-26 21:33:45,499 | WARNING | edward.autonomous.universe | universe_candles_failed instrument=7e669c8c-ed3e-4f86-a255-8af223f9b824 error=_get_candles() takes 2 positional arguments but 5 were given
2026-08-26 21:33:45,676 | WARNING | edward.autonomous.universe | universe_candles_failed instrument=efdb54d3-2f92-44da-b7a3-8849e96039f6 error=_get_candles() takes 2 positional arguments but 5 were given
2026-08-26 21:33:45,857 | WARNING | edward.autonomous.universe | universe_candles_failed instrument=205b66cd-fa09-4fbd-85c3-46eefc9eff40 error=_get_candles() takes 2 positional arguments but 5 were given
2026-08-26 21:33:46,034 | WARNING | edward.autonomous.universe | universe_candles_failed instrument=7132b1c9-ee26-4464-b5b5-1046264b61d9 error=_get_candles() takes 2 positional arguments but 5 were given
2026-08-26 21:33:46,180 | WARNING | edward.autonomous.universe | universe_candles_failed instrument=8e2b0325-0292-4654-8a18-4f63ed3b0e09 error=_get_candles() takes 2 positional arguments but 5 were given
2026-08-26 21:33:46,373 | WARNING | edward.autonomous.universe | universe_candles_failed instrument=f06a87cb-6a2f-42be-85ea-6698d3a62037 error=_get_candles() takes 2 positional arguments but 5 were given
2026-08-26 21:33:46,577 | WARNING | edward.autonomous.universe | universe_candles_failed instrument=a5776620-1e2f-47ea-bbd6-06d8e4a236d8 error=_get_candles() takes 2 positional arguments but 5 were given
2026-08-26 21:33:46,726 | WARNING | edward.autonomous.universe | universe_candles_failed instrument=2a3ac153-f5fb-4f6d-af66-38a8d2b2eacb error=_get_candles() takes 2 positional arguments but 5 were given
2026-08-26 21:33:46,904 | WARNING | edward.autonomous.universe | universe_candles_failed instrument=9a41ec6e-edf0-4863-9ec0-fb3a5c6811e2 error=_get_candles() takes 2 positional arguments but 5 were given
2026-08-26 21:33:47,080 | WARNING | edward.autonomous.universe | universe_candles_failed instrument=21423d2d-9009-4d37-9325-883b368d13ae error=_get_candles() takes 2 positional arguments but 5 were given
2026-08-26 21:33:47,238 | WARNING | edward.autonomous.universe | universe_candles_failed instrument=caa615ad-99c1-499c-b592-56368f2ebd66 error=_get_candles() takes 2 positional arguments but 5 were given
2026-08-26 21:33:47,446 | WARNING | edward.autonomous.universe | universe_candles_failed instrument=15dc2120-29d2-48b8-87c0-da1d95255f68 error=_get_candles() takes 2 positional arguments but 5 were given
2026-08-26 21:33:47,617 | WARNING | edward.autonomous.universe | universe_candles_failed instrument=cf07cbaa-5ef6-41f1-abc3-8d12d4bc6edf error=_get_candles() takes 2 positional arguments but 5 were given
2026-08-26 21:33:47,783 | WARNING | edward.autonomous.universe | universe_candles_failed instrument=cbdf1d32-5758-490e-a2b1-780eaa79bdf7 error=_get_candles() takes 2 positional arguments but 5 were given
2026-08-26 21:33:48,002 | WARNING | edward.autonomous.universe | universe_candles_failed instrument=18fb3421-7637-48f1-b5b5-20a454e1af5b error=_get_candles() takes 2 positional arguments but 5 were given
2026-08-26 21:33:48,182 | WARNING | edward.autonomous.universe | universe_candles_failed instrument=d69ebc99-fafb-4f82-af9c-b52aa49da613 error=_get_candles() takes 2 positional arguments but 5 were given
2026-08-26 21:33:48,367 | WARNING | edward.autonomous.universe | universe_candles_failed instrument=9bb7b964-285f-43c6-ba61-1dc829f25e30 error=_get_candles() takes 2 positional arguments but 5 were given
2026-08-26 21:33:48,525 | WARNING | edward.autonomous.universe | universe_candles_failed instrument=1a7766fb-3aa9-4b20-8817-b9b7607c0e7b error=_get_candles() takes 2 positional arguments but 5 were given
2026-08-26 21:33:48,718 | WARNING | edward.autonomous.universe | universe_candles_failed instrument=cd8063ad-73ad-4b31-bd0d-93138d9e99a2 error=_get_candles() takes 2 positional arguments but 5 were given
2026-08-26 21:33:48,886 | WARNING | edward.autonomous.universe | universe_candles_failed instrument=aeb8e3c7-b547-4073-b9cd-575590e1576d error=_get_candles() takes 2 positional arguments but 5 were given
2026-08-26 21:33:49,090 | WARNING | edward.autonomous.universe | universe_candles_failed instrument=88e130e8-5b68-4b05-b9ae-baf32f5a3f21 error=_get_candles() takes 2 positional arguments but 5 were given
2026-08-26 21:33:49,318 | WARNING | edward.autonomous.universe | universe_candles_failed instrument=ffac99ad-bafa-430e-9750-e77a43176ede error=_get_candles() takes 2 positional arguments but 5 were given
2026-08-26 21:33:49,495 | WARNING | edward.autonomous.universe | universe_candles_failed instrument=b4d1ec34-82ef-4a47-a639-67a8ab8b683e error=_get_candles() takes 2 positional arguments but 5 were given
2026-08-26 21:33:49,651 | WARNING | edward.autonomous.universe | universe_candles_failed instrument=4d8209f9-3b75-437d-ad5f-2906d56f27e9 error=_get_candles() takes 2 positional arguments but 5 were given
2026-08-26 21:33:49,849 | WARNING | edward.autonomous.universe | universe_candles_failed instrument=786c1d68-0864-4804-b3ca-2166766cd917 error=_get_candles() takes 2 positional arguments but 5 were given
2026-08-26 21:33:50,019 | WARNING | edward.autonomous.universe | universe_candles_failed instrument=51be1fe4-9fe1-4626-9400-6cd1fb6286c5 error=_get_candles() takes 2 positional arguments but 5 were given
2026-08-26 21:33:50,202 | WARNING | edward.autonomous.universe | universe_candles_failed instrument=45fb6af4-9076-4268-b038-ab7f37d15ab2 error=_get_candles() takes 2 positional arguments but 5 were given
2026-08-26 21:33:50,412 | WARNING | edward.autonomous.universe | universe_candles_failed instrument=1b3363dd-8c0e-4d67-abf2-0666ce5a23f5 error=_get_candles() takes 2 positional arguments but 5 were given
2026-08-26 21:33:50,596 | WARNING | edward.autonomous.universe | universe_candles_failed instrument=019029c2-6634-4536-a980-389575e09b74 error=_get_candles() takes 2 positional arguments but 5 were given
2026-08-26 21:33:50,786 | WARNING | edward.autonomous.universe | universe_candles_failed instrument=2dfbc1fd-b92a-436e-b011-928c79e805f2 error=_get_candles() takes 2 positional arguments but 5 were given
2026-08-26 21:33:50,989 | WARNING | edward.autonomous.universe | universe_candles_failed instrument=88c3b1dd-cf86-48b6-b479-464ce1149472 error=_get_candles() takes 2 positional arguments but 5 were given
2026-08-26 21:33:51,215 | WARNING | edward.autonomous.universe | universe_candles_failed instrument=f93377cf-2944-47bb-a90f-25359d2f133c error=_get_candles() takes 2 positional arguments but 5 were given
2026-08-26 21:33:51,409 | WARNING | edward.autonomous.universe | universe_candles_failed instrument=47dc8658-0d02-4429-b75e-02bdf465c22f error=_get_candles() takes 2 positional arguments but 5 were given
2026-08-26 21:33:51,588 | WARNING | edward.autonomous.universe | universe_candles_failed instrument=0964acd0-e2cb-4810-a177-ef4ad8856ff0 error=_get_candles() takes 2 positional arguments but 5 were given
2026-08-26 21:33:51,799 | WARNING | edward.autonomous.universe | universe_candles_failed instrument=0da66728-6c30-44c4-9264-df8fac2467ee error=_get_candles() takes 2 positional arguments but 5 were given
2026-08-26 21:33:51,968 | WARNING | edward.autonomous.universe | universe_candles_failed instrument=69e56041-ddab-4151-9832-e0a1e9f83a42 error=_get_candles() takes 2 positional arguments but 5 were given
2026-08-26 21:33:52,174 | WARNING | edward.autonomous.universe | universe_candles_failed instrument=b83ab195-dcd2-4d44-b9bf-27fa294f19a0 error=_get_candles() takes 2 positional arguments but 5 were given
2026-08-26 21:33:52,342 | WARNING | edward.autonomous.universe | universe_candles_failed instrument=3d83aedf-b48f-4791-9370-c0569170a82d error=_get_candles() takes 2 positional arguments but 5 were given
2026-08-26 21:33:52,514 | WARNING | edward.autonomous.universe | universe_candles_failed instrument=eb05ebd4-a216-434b-bddd-69531f120ec9 error=_get_candles() takes 2 positional arguments but 5 were given
2026-08-26 21:33:52,709 | WARNING | edward.autonomous.universe | universe_candles_failed instrument=3d8f2777-4a11-4713-af60-8038d11e66fa error=_get_candles() takes 2 positional arguments but 5 were given
2026-08-26 21:33:52,872 | WARNING | edward.autonomous.universe | universe_candles_failed instrument=d614f6be-89a7-4fda-86f4-580f8d7463ae error=_get_candles() takes 2 positional arguments but 5 were given
2026-08-26 21:33:53,031 | WARNING | edward.autonomous.universe | universe_candles_failed instrument=ee64af27-d3f9-4a9a-a50a-7143c6087371 error=_get_candles() takes 2 positional arguments but 5 were given
2026-08-26 21:33:53,227 | WARNING | edward.autonomous.universe | universe_candles_failed instrument=241dc583-9e35-4b58-8bee-632691c8b4b8 error=_get_candles() takes 2 positional arguments but 5 were given
2026-08-26 21:33:53,392 | WARNING | edward.autonomous.universe | universe_candles_failed instrument=ebfda284-4291-4337-9dfb-f55610d0a907 error=_get_candles() takes 2 positional arguments but 5 were given
2026-08-26 21:33:53,594 | WARNING | edward.autonomous.universe | universe_candles_failed instrument=926fdfbf-4b07-47c9-8928-f49858ca33f2 error=_get_candles() takes 2 positional arguments but 5 were given
2026-08-26 21:33:53,825 | WARNING | edward.autonomous.universe | universe_candles_failed instrument=278d9ccc-4dde-484e-bf79-49ce8f733470 error=_get_candles() takes 2 positional arguments but 5 were given
2026-08-26 21:33:53,983 | WARNING | edward.autonomous.universe | universe_candles_failed instrument=ab1f751e-15b2-4c74-802c-1b3e8638c394 error=_get_candles() takes 2 positional arguments but 5 were given
2026-08-26 21:33:54,192 | WARNING | edward.autonomous.universe | universe_candles_failed instrument=6891e539-6070-4ba6-99c0-7eb1df9c816e error=_get_candles() takes 2 positional arguments but 5 were given
2026-08-26 21:33:54,404 | WARNING | edward.autonomous.universe | universe_candles_failed instrument=fa6aae10-b8d5-48c8-bbfd-d320d925d096 error=_get_candles() takes 2 positional arguments but 5 were given
2026-08-26 21:33:54,606 | WARNING | edward.autonomous.universe | universe_candles_failed instrument=fb46349d-a7ef-413b-917f-edec1a1529cc error=_get_candles() takes 2 positional arguments but 5 were given
2026-08-26 21:33:54,783 | WARNING | edward.autonomous.universe | universe_candles_failed instrument=bc21fb4f-8838-4355-8697-fb0d8fc809c8 error=_get_candles() takes 2 positional arguments but 5 were given
2026-08-26 21:33:54,991 | WARNING | edward.autonomous.universe | universe_candles_failed instrument=69f5da81-80c7-4c12-85dc-3bb7524c4a35 error=_get_candles() takes 2 positional arguments but 5 were given
2026-08-26 21:33:55,291 | WARNING | edward.autonomous.universe | universe_candles_failed instrument=b2db7bb1-6f04-4c3c-b910-fb7fd8aab52d error=_get_candles() takes 2 positional arguments but 5 were given
2026-08-26 21:33:55,508 | WARNING | edward.autonomous.universe | universe_candles_failed instrument=bd685d6d-715f-499b-a50d-3b47c04a65a6 error=_get_candles() takes 2 positional arguments but 5 were given
2026-08-26 21:33:55,717 | WARNING | edward.autonomous.universe | universe_candles_failed instrument=09c5f10f-b671-4acc-bc17-db491a1a66eb error=_get_candles() takes 2 positional arguments but 5 were given
2026-08-26 21:33:55,915 | WARNING | edward.autonomous.universe | universe_candles_failed instrument=e1b089f3-9bf1-44c3-897f-25e9f591bebc error=_get_candles() takes 2 positional arguments but 5 were given
2026-08-26 21:33:56,085 | WARNING | edward.autonomous.universe | universe_candles_failed instrument=414928c5-2ae2-4dff-9420-5f1c85146a99 error=_get_candles() takes 2 positional arguments but 5 were given
2026-08-26 21:33:56,271 | WARNING | edward.autonomous.universe | universe_candles_failed instrument=3112d684-216c-4409-ab73-4316e8582f81 error=_get_candles() takes 2 positional arguments but 5 were given
2026-08-26 21:33:56,468 | WARNING | edward.autonomous.universe | universe_candles_failed instrument=e3f629fd-367b-4dbd-922c-4a4c130c70ab error=_get_candles() takes 2 positional arguments but 5 were given
2026-08-26 21:33:56,640 | WARNING | edward.autonomous.universe | universe_candles_failed instrument=0c275361-5f48-4138-a592-6da7d275075d error=_get_candles() takes 2 positional arguments but 5 were given
2026-08-26 21:33:56,831 | WARNING | edward.autonomous.universe | universe_candles_failed instrument=641576a5-9abd-47fa-99c5-7380c8890355 error=_get_candles() takes 2 positional arguments but 5 were given
2026-08-26 21:33:56,998 | WARNING | edward.autonomous.universe | universe_candles_failed instrument=f1374f83-7934-41f7-a210-097ed5beecd5 error=_get_candles() takes 2 positional arguments but 5 were given
2026-08-26 21:33:57,187 | WARNING | edward.autonomous.universe | universe_candles_failed instrument=c09c1942-68a1-40c3-97e3-3a91ac08efe5 error=_get_candles() takes 2 positional arguments but 5 were given
2026-08-26 21:33:57,355 | WARNING | edward.autonomous.universe | universe_candles_failed instrument=335cb2e2-6922-42a3-803b-60024cf79ce1 error=_get_candles() takes 2 positional arguments but 5 were given
2026-08-26 21:33:57,533 | WARNING | edward.autonomous.universe | universe_candles_failed instrument=7de75794-a27f-4d81-a39b-492345813822 error=_get_candles() takes 2 positional arguments but 5 were given
2026-08-26 21:33:57,729 | WARNING | edward.autonomous.universe | universe_candles_failed instrument=4c5774d2-a1c6-4069-860b-3a93db0b4931 error=_get_candles() takes 2 positional arguments but 5 were given
2026-08-26 21:33:57,910 | WARNING | edward.autonomous.universe | universe_candles_failed instrument=0a55e045-e9a6-42d2-ac55-29674634af2f error=_get_candles() takes 2 positional arguments but 5 were given
2026-08-26 21:33:58,089 | WARNING | edward.autonomous.universe | universe_candles_failed instrument=1c69e020-f3b1-455c-affa-45f8b8049234 error=_get_candles() takes 2 positional arguments but 5 were given
2026-08-26 21:33:58,265 | WARNING | edward.autonomous.universe | universe_candles_failed instrument=97b4c319-1a9e-4550-a9f1-c39b489713ba error=_get_candles() takes 2 positional arguments but 5 were given
2026-08-26 21:33:58,436 | WARNING | edward.autonomous.universe | universe_candles_failed instrument=f1b89b92-51e2-4db5-89df-17c228aa41fd error=_get_candles() takes 2 positional arguments but 5 were given
2026-08-26 21:33:58,613 | WARNING | edward.autonomous.universe | universe_candles_failed instrument=cf1c6158-a303-43ac-89eb-9b1db8f96043 error=_get_candles() takes 2 positional arguments but 5 were given
2026-08-26 21:33:58,792 | WARNING | edward.autonomous.universe | universe_candles_failed instrument=d6461eb6-6557-4993-8d26-6202a1820667 error=_get_candles() takes 2 positional arguments but 5 were given
2026-08-26 21:33:58,985 | WARNING | edward.autonomous.universe | universe_candles_failed instrument=1c0d371b-1b75-4185-8877-45da35cbd692 error=_get_candles() takes 2 positional arguments but 5 were given
2026-08-26 21:33:59,172 | WARNING | edward.autonomous.universe | universe_candles_failed instrument=5a4b9636-2445-43db-a298-9dada56ba3e8 error=_get_candles() takes 2 positional arguments but 5 were given
2026-08-26 21:33:59,343 | WARNING | edward.autonomous.universe | universe_candles_failed instrument=1ed313a9-c6d6-4359-9cf2-e2d7011de00e error=_get_candles() takes 2 positional arguments but 5 were given
2026-08-26 21:33:59,503 | WARNING | edward.autonomous.universe | universe_candles_failed instrument=80a39145-b2f7-46f5-9ef0-1478baafb0a6 error=_get_candles() takes 2 positional arguments but 5 were given
2026-08-26 21:33:59,696 | WARNING | edward.autonomous.universe | universe_candles_failed instrument=3058acbe-11f6-4bcc-9a70-238e70c2c588 error=_get_candles() takes 2 positional arguments but 5 were given
2026-08-26 21:33:59,891 | WARNING | edward.autonomous.universe | universe_candles_failed instrument=71e9e3f7-60b6-4ec5-ae49-d4eba51d648e error=_get_candles() takes 2 positional arguments but 5 were given
2026-08-26 21:34:00,071 | WARNING | edward.autonomous.universe | universe_candles_failed instrument=eb4ba863-e85f-4f80-8c29-f2627938ee58 error=_get_candles() takes 2 positional arguments but 5 were given
2026-08-26 21:34:00,266 | WARNING | edward.autonomous.universe | universe_candles_failed instrument=1936e51c-d914-4171-ac66-6390a605cb5b error=_get_candles() takes 2 positional arguments but 5 were given
2026-08-26 21:34:00,435 | WARNING | edward.autonomous.universe | universe_candles_failed instrument=cd3affd4-3b50-43fd-b008-518f54108d59 error=_get_candles() takes 2 positional arguments but 5 were given
2026-08-26 21:34:00,621 | WARNING | edward.autonomous.universe | universe_candles_failed instrument=0d53d29a-3794-41c6-ba72-556d46bacb46 error=_get_candles() takes 2 positional arguments but 5 were given
2026-08-26 21:34:00,789 | WARNING | edward.autonomous.universe | universe_candles_failed instrument=c190ff1f-1447-4227-b543-316332699ca5 error=_get_candles() takes 2 positional arguments but 5 were given
2026-08-26 21:34:00,989 | WARNING | edward.autonomous.universe | universe_candles_failed instrument=5f1e6b0a-4413-489c-b336-40b43730eaf5 error=_get_candles() takes 2 positional arguments but 5 were given
2026-08-26 21:34:01,152 | WARNING | edward.autonomous.universe | universe_candles_failed instrument=aae786d8-e8f4-4428-91bb-cffa39ad01e4 error=_get_candles() takes 2 positional arguments but 5 were given
2026-08-26 21:34:01,337 | WARNING | edward.autonomous.universe | universe_candles_failed instrument=303100b7-4c5c-4fea-8834-d0b675855527 error=_get_candles() takes 2 positional arguments but 5 were given
2026-08-26 21:34:01,539 | WARNING | edward.autonomous.universe | universe_candles_failed instrument=e79680ec-c32b-4b14-bf6f-8ef6e143a41b error=_get_candles() takes 2 positional arguments but 5 were given
2026-08-26 21:34:01,695 | WARNING | edward.autonomous.universe | universe_candles_failed instrument=31defde8-cdc3-42bb-96bd-e2b42e825b62 error=_get_candles() takes 2 positional arguments but 5 were given
2026-08-26 21:34:01,857 | WARNING | edward.autonomous.universe | universe_candles_failed instrument=6e24431b-12fc-423b-b566-f2919ebd5a53 error=_get_candles() takes 2 positional arguments but 5 were given
2026-08-26 21:34:02,049 | WARNING | edward.autonomous.universe | universe_candles_failed instrument=ba9b6eb4-614c-4be8-bdba-dd86cdfece64 error=_get_candles() takes 2 positional arguments but 5 were given
2026-08-26 21:34:02,274 | WARNING | edward.autonomous.universe | universe_candles_failed instrument=c7485564-ed92-45fd-a724-1214aa202904 error=_get_candles() takes 2 positional arguments but 5 were given
2026-08-26 21:34:02,488 | WARNING | edward.autonomous.universe | universe_candles_failed instrument=c0545aeb-b6b1-4ccb-b37e-3eaa427b4717 error=_get_candles() takes 2 positional arguments but 5 were given
2026-08-26 21:34:02,676 | WARNING | edward.autonomous.universe | universe_candles_failed instrument=9e69afb6-4561-4fc2-b63b-b181e3f9ecdc error=_get_candles() takes 2 positional arguments but 5 were given
2026-08-26 21:34:02,873 | WARNING | edward.autonomous.universe | universe_candles_failed instrument=161eb0d0-aaac-4451-b374-f5d0eeb1b508 error=_get_candles() takes 2 positional arguments but 5 were given
2026-08-26 21:34:03,033 | WARNING | edward.autonomous.universe | universe_candles_failed instrument=974077c4-d893-4058-9314-8f1b64a444b8 error=_get_candles() takes 2 positional arguments but 5 were given
2026-08-26 21:34:03,288 | WARNING | edward.autonomous.universe | universe_candles_failed instrument=11bc2246-6fde-4478-93f1-4ab90ceb4a51 error=_get_candles() takes 2 positional arguments but 5 were given
2026-08-26 21:34:03,471 | WARNING | edward.autonomous.universe | universe_candles_failed instrument=210ef34f-e815-47a2-85c9-d2a033fc642f error=_get_candles() takes 2 positional arguments but 5 were given
2026-08-26 21:34:03,685 | WARNING | edward.autonomous.universe | universe_candles_failed instrument=7b1e51e2-9de2-47d6-bf3d-ab502ee54df8 error=_get_candles() takes 2 positional arguments but 5 were given
2026-08-26 21:34:03,884 | WARNING | edward.autonomous.universe | universe_candles_failed instrument=e71d6238-71ea-400c-9451-edc7b3338a2a error=_get_candles() takes 2 positional arguments but 5 were given
2026-08-26 21:34:04,067 | WARNING | edward.autonomous.universe | universe_candles_failed instrument=7bedd86b-478d-4742-a28c-29d27f8dbc7d error=_get_candles() takes 2 positional arguments but 5 were given
2026-08-26 21:34:04,255 | WARNING | edward.autonomous.universe | universe_candles_failed instrument=698d1493-f1f7-4eff-a4d1-2e509c77bfb8 error=_get_candles() takes 2 positional arguments but 5 were given
2026-08-26 21:34:04,426 | WARNING | edward.autonomous.universe | universe_candles_failed instrument=5fdf1499-288c-4b0e-8d4a-10c5f5fefb57 error=_get_candles() takes 2 positional arguments but 5 were given
2026-08-26 21:34:04,617 | WARNING | edward.autonomous.universe | universe_candles_failed instrument=b135075c-3a05-42cf-8f55-86674d63a49d error=_get_candles() takes 2 positional arguments but 5 were given
2026-08-26 21:34:04,784 | WARNING | edward.autonomous.universe | universe_candles_failed instrument=02cfdf61-6298-4c0f-a9ca-9cabc82afaf3 error=_get_candles() takes 2 positional arguments but 5 were given
2026-08-26 21:34:04,970 | WARNING | edward.autonomous.universe | universe_candles_failed instrument=df58ca03-aed0-4e1c-97fb-54a01dfb539e error=_get_candles() takes 2 positional arguments but 5 were given
2026-08-26 21:34:05,160 | WARNING | edward.autonomous.universe | universe_candles_failed instrument=4dc99cf8-cb71-4dca-a74d-f70483f4d7a7 error=_get_candles() takes 2 positional arguments but 5 were given
2026-08-26 21:34:05,357 | WARNING | edward.autonomous.universe | universe_candles_failed instrument=5d06ba3a-408a-410e-aea1-41d1adf81db3 error=_get_candles() takes 2 positional arguments but 5 were given
2026-08-26 21:34:05,529 | WARNING | edward.autonomous.universe | universe_candles_failed instrument=42f11771-17c4-45d2-8fc5-153585b5c187 error=_get_candles() takes 2 positional arguments but 5 were given
2026-08-26 21:34:05,705 | WARNING | edward.autonomous.universe | universe_candles_failed instrument=84f328c2-3584-4f65-9534-b59356ad07a4 error=_get_candles() takes 2 positional arguments but 5 were given
2026-08-26 21:34:05,883 | WARNING | edward.autonomous.universe | universe_candles_failed instrument=b4959236-ef80-4eec-a5e0-44cc423b6ab0 error=_get_candles() takes 2 positional arguments but 5 were given
2026-08-26 21:34:06,079 | WARNING | edward.autonomous.universe | universe_candles_failed instrument=93ed8e88-2de2-4aec-a920-3384d24ecb2a error=_get_candles() takes 2 positional arguments but 5 were given
2026-08-26 21:34:06,300 | WARNING | edward.autonomous.universe | universe_candles_failed instrument=d74daf58-22c3-4e44-8ada-471e404fb795 error=_get_candles() takes 2 positional arguments but 5 were given
2026-08-26 21:34:06,470 | WARNING | edward.autonomous.universe | universe_candles_failed instrument=c1a3c440-f51c-4a75-a400-42a2a74f5f2b error=_get_candles() takes 2 positional arguments but 5 were given
2026-08-26 21:34:06,643 | WARNING | edward.autonomous.universe | universe_candles_failed instrument=9e16009b-ec7a-499a-b0ce-9d75f9b69117 error=_get_candles() takes 2 positional arguments but 5 were given
2026-08-26 21:34:06,833 | WARNING | edward.autonomous.universe | universe_candles_failed instrument=2d98aa0a-dfdb-42e9-8762-9db3eab40152 error=_get_candles() takes 2 positional arguments but 5 were given
2026-08-26 21:34:07,026 | WARNING | edward.autonomous.universe | universe_candles_failed instrument=714e76ab-03f2-4a77-b523-d9714dc04c6c error=_get_candles() takes 2 positional arguments but 5 were given
2026-08-26 21:34:07,231 | WARNING | edward.autonomous.universe | universe_candles_failed instrument=b8d26943-a3c1-465a-8c58-518466e2ab26 error=_get_candles() takes 2 positional arguments but 5 were given
2026-08-26 21:34:07,390 | WARNING | edward.autonomous.universe | universe_candles_failed instrument=c41a8e78-e4ee-4aa1-869a-9eff103b260a error=_get_candles() takes 2 positional arguments but 5 were given
2026-08-26 21:34:07,567 | WARNING | edward.autonomous.universe | universe_candles_failed instrument=fe427a08-8878-493d-b4cf-8ba65dfb8454 error=_get_candles() takes 2 positional arguments but 5 were given
2026-08-26 21:34:07,647 | INFO | edward.autonomous.universe | universe_scan_completed total=1921 eligible=0 rejected=1921
2026-08-26 21:34:07,651 | INFO | edward.autonomous.market_cycle | universe_result eligible=0 rejected=1921
2026-08-26 21:34:07,651 | INFO | edward.autonomous.market_cycle | universe_rejected instrument=f8e85601-10e3-4af6-a44b-b7d2ca3f7f62 ticker=SLM reason=BUY_NOT_AVAILABLE detail=
2026-08-26 21:34:07,652 | INFO | edward.autonomous.market_cycle | universe_rejected instrument=98da7119-dc33-4567-ae41-1944f6f49334 ticker=ACLS reason=BUY_NOT_AVAILABLE detail=
2026-08-26 21:34:07,652 | INFO | edward.autonomous.market_cycle | universe_rejected instrument=784f9e60-4214-4730-ba21-ddb2dd677a8f ticker=VLHZ reason=CANDLES_UNAVAILABLE detail=_get_candles() takes 2 positional arguments but 5 were given
2026-08-26 21:34:07,652 | INFO | edward.autonomous.market_cycle | universe_rejected instrument=fb4f9c78-ba9a-4733-be60-50d6eacea5e0 ticker=RELY reason=BUY_NOT_AVAILABLE detail=
2026-08-26 21:34:07,652 | INFO | edward.autonomous.market_cycle | universe_rejected instrument=2de14a4a-d4f9-4e0a-9039-625e3ab128b4 ticker=MDT reason=BUY_NOT_AVAILABLE detail=
2026-08-26 21:34:07,652 | INFO | edward.autonomous.market_cycle | universe_rejected instrument=104c0979-1f16-4e13-9787-dc767814c4a6 ticker=KBSB reason=CANDLES_UNAVAILABLE detail=_get_candles() takes 2 positional arguments but 5 were given
2026-08-26 21:34:07,652 | INFO | edward.autonomous.market_cycle | universe_rejected instrument=a2284e69-0e1e-4fdd-8cc9-5d991d936b90 ticker=RZSB reason=CANDLES_UNAVAILABLE detail=_get_candles() takes 2 positional arguments but 5 were given
2026-08-26 21:34:07,652 | INFO | edward.autonomous.market_cycle | universe_rejected instrument=cd960c45-ed30-4236-8b2b-f42cf31e17ed ticker=NCNO reason=BUY_NOT_AVAILABLE detail=
2026-08-26 21:34:07,652 | INFO | edward.autonomous.market_cycle | universe_rejected instrument=34501480-fdd6-4fc7-b3d5-712f77f5896e ticker=APH reason=BUY_NOT_AVAILABLE detail=
2026-08-26 21:34:07,652 | INFO | edward.autonomous.market_cycle | universe_rejected instrument=a36e3012-035d-4ae2-be22-341d8a5901e2 ticker=AVT reason=BUY_NOT_AVAILABLE detail=
2026-08-26 21:34:07,652 | INFO | edward.autonomous.market_cycle | universe_rejected instrument=70a38674-b8f6-456e-a312-85848126a71a ticker=DPZ reason=BUY_NOT_AVAILABLE detail=
2026-08-26 21:34:07,652 | INFO | edward.autonomous.market_cycle | universe_rejected instrument=1c7d3822-7da8-4545-a0bf-2210d51da8bc ticker=IP reason=BUY_NOT_AVAILABLE detail=
2026-08-26 21:34:07,652 | INFO | edward.autonomous.market_cycle | universe_rejected instrument=0cc152c1-9c2a-4e23-a74b-65d3be8127da ticker=KEX reason=BUY_NOT_AVAILABLE detail=
2026-08-26 21:34:07,652 | INFO | edward.autonomous.market_cycle | universe_rejected instrument=43e8b1cb-c463-40e5-b93a-51776a73126f ticker=EPC reason=BUY_NOT_AVAILABLE detail=
2026-08-26 21:34:07,652 | INFO | edward.autonomous.market_cycle | universe_rejected instrument=2cc17414-637c-485a-a187-0371d7d9c06a ticker=WGO reason=BUY_NOT_AVAILABLE detail=
2026-08-26 21:34:07,652 | INFO | edward.autonomous.market_cycle | universe_rejected instrument=d5a4d59d-95be-4869-a382-c528261acbb3 ticker=MLAB reason=BUY_NOT_AVAILABLE detail=
2026-08-26 21:34:07,652 | INFO | edward.autonomous.market_cycle | universe_rejected instrument=d3abd90c-0ab3-4ea0-9d5e-c75a48b609f0 ticker=ETD reason=BUY_NOT_AVAILABLE detail=
2026-08-26 21:34:07,652 | INFO | edward.autonomous.market_cycle | universe_rejected instrument=ce4f9b0f-1918-495c-ae94-8c1fe5cdf655 ticker=OGN reason=BUY_NOT_AVAILABLE detail=
2026-08-26 21:34:07,652 | INFO | edward.autonomous.market_cycle | universe_rejected instrument=02416f52-5a61-4701-88f6-03f978da7ae4 ticker=BMY reason=BUY_NOT_AVAILABLE detail=
2026-08-26 21:34:07,652 | INFO | edward.autonomous.market_cycle | universe_rejected instrument=ddcce5ee-8f79-4d4b-aabd-9014e865a304 ticker=WTW reason=BUY_NOT_AVAILABLE detail=
2026-08-26 21:34:07,652 | INFO | edward.autonomous.market_cycle | universe_rejected instrument=a16bcbde-db7c-4c96-bd26-760d6bce9f53 ticker=APLE reason=BUY_NOT_AVAILABLE detail=
2026-08-26 21:34:07,653 | INFO | edward.autonomous.market_cycle | universe_rejected instrument=6a41745f-eb22-46b5-a22f-f4d6ec160a4f ticker=CHE reason=BUY_NOT_AVAILABLE detail=
2026-08-26 21:34:07,653 | INFO | edward.autonomous.market_cycle | universe_rejected instrument=e154d6a4-c839-4e7f-95af-271cec71bd5e ticker=PZZA reason=BUY_NOT_AVAILABLE detail=
2026-08-26 21:34:07,653 | INFO | edward.autonomous.market_cycle | universe_rejected instrument=ef832fa3-1d62-4a18-b3ca-776d76a29cb1 ticker=KCHEP reason=CANDLES_UNAVAILABLE detail=_get_candles() takes 2 positional arguments but 5 were given
2026-08-26 21:34:07,653 | INFO | edward.autonomous.market_cycle | universe_rejected instrument=67c2069f-9da8-44b9-a524-508d10d6a8b9 ticker=DDS reason=BUY_NOT_AVAILABLE detail=
2026-08-26 21:34:07,653 | INFO | edward.autonomous.market_cycle | universe_rejected instrument=be1ad2d5-4374-4e4e-9a30-0ecf2be54625 ticker=RH reason=BUY_NOT_AVAILABLE detail=
2026-08-26 21:34:07,653 | INFO | edward.autonomous.market_cycle | universe_rejected instrument=9723cd40-a247-4a04-8068-51fd74b3d5d9 ticker=CNH reason=BUY_NOT_AVAILABLE detail=
2026-08-26 21:34:07,653 | INFO | edward.autonomous.market_cycle | universe_rejected instrument=7ed63b51-c9d2-49c1-a21c-54397f1f0fb5 ticker=IRM reason=BUY_NOT_AVAILABLE detail=
2026-08-26 21:34:07,653 | INFO | edward.autonomous.market_cycle | universe_rejected instrument=29215ae2-9d6c-450d-96e4-5627c69e3129 ticker=FATE reason=BUY_NOT_AVAILABLE detail=
2026-08-26 21:34:07,653 | INFO | edward.autonomous.market_cycle | universe_rejected instrument=bf2c1f6e-2e76-4335-97d5-37e374db292e ticker=WSO reason=BUY_NOT_AVAILABLE detail=
2026-08-26 21:34:07,653 | INFO | edward.autonomous.market_cycle | universe_rejected instrument=95d9f627-6b0c-4a73-b85a-5b3828b1a63e ticker=6690 reason=BUY_NOT_AVAILABLE detail=
2026-08-26 21:34:07,653 | INFO | edward.autonomous.market_cycle | universe_rejected instrument=78b68cd0-c01f-4223-8f23-51d1af6d1e43 ticker=SNY reason=BUY_NOT_AVAILABLE detail=
2026-08-26 21:34:07,653 | INFO | edward.autonomous.market_cycle | universe_rejected instrument=9ca15d43-b476-4645-8df1-d6577848df0f ticker=BOH reason=BUY_NOT_AVAILABLE detail=
2026-08-26 21:34:07,653 | INFO | edward.autonomous.market_cycle | universe_rejected instrument=3bc178bd-f5ca-494e-a620-c66c09927e08 ticker=DXCM reason=BUY_NOT_AVAILABLE detail=
2026-08-26 21:34:07,653 | INFO | edward.autonomous.market_cycle | universe_rejected instrument=fb9583dc-9690-4507-9521-6b0286fc0429 ticker=FAF reason=BUY_NOT_AVAILABLE detail=
2026-08-26 21:34:07,653 | INFO | edward.autonomous.market_cycle | universe_rejected instrument=797f46e6-707b-4c03-8082-a7a87d18092d ticker=OVV reason=BUY_NOT_AVAILABLE detail=
2026-08-26 21:34:07,653 | INFO | edward.autonomous.market_cycle | universe_rejected instrument=e9139ddd-bf3c-4d03-a94f-ffdf7234c6be ticker=VSMO reason=CANDLES_UNAVAILABLE detail=_get_candles() takes 2 positional arguments but 5 were given
2026-08-26 21:34:07,653 | INFO | edward.autonomous.market_cycle | universe_rejected instrument=3e6e6b7f-097d-4e8f-ae06-afd9e2af6118 ticker=AZTA reason=BUY_NOT_AVAILABLE detail=
2026-08-26 21:34:07,653 | INFO | edward.autonomous.market_cycle | universe_rejected instrument=869ae4c3-4bcb-4032-9250-8139f371a65a ticker=WK reason=BUY_NOT_AVAILABLE detail=
2026-08-26 21:34:07,653 | INFO | edward.autonomous.market_cycle | universe_rejected instrument=546a6adb-fafd-4267-a6e9-2edb7011cfa6 ticker=STWD reason=BUY_NOT_AVAILABLE detail=
2026-08-26 21:34:07,653 | INFO | edward.autonomous.market_cycle | universe_rejected instrument=43666aea-a4df-46e1-a815-e5eccbc1fb3f ticker=UNAC reason=CANDLES_UNAVAILABLE detail=_get_candles() takes 2 positional arguments but 5 were given
2026-08-26 21:34:07,653 | INFO | edward.autonomous.market_cycle | universe_rejected instrument=e3049169-ac06-4b59-9d89-0018cbd47c3a ticker=SXI reason=BUY_NOT_AVAILABLE detail=
2026-08-26 21:34:07,653 | INFO | edward.autonomous.market_cycle | universe_rejected instrument=b125d6c0-e90b-49be-8b75-f7e1990250a0 ticker=CNRU reason=CANDLES_UNAVAILABLE detail=_get_candles() takes 2 positional arguments but 5 were given
2026-08-26 21:34:07,654 | INFO | edward.autonomous.market_cycle | universe_rejected instrument=2b244bef-2e62-45c4-ae83-ae2ec664b197 ticker=APPF reason=BUY_NOT_AVAILABLE detail=
2026-08-26 21:34:07,654 | INFO | edward.autonomous.market_cycle | universe_rejected instrument=83596e29-f523-41b8-b092-4ddaa2cdc97c ticker=BLDP reason=BUY_NOT_AVAILABLE detail=
2026-08-26 21:34:07,654 | INFO | edward.autonomous.market_cycle | universe_rejected instrument=45269986-9152-4dc7-8c08-71f67c9405fe ticker=TT reason=BUY_NOT_AVAILABLE detail=
2026-08-26 21:34:07,654 | INFO | edward.autonomous.market_cycle | universe_rejected instrument=74513676-5ebd-4919-9244-026dafa71233 ticker=NXST reason=BUY_NOT_AVAILABLE detail=
2026-08-26 21:34:07,654 | INFO | edward.autonomous.market_cycle | universe_rejected instrument=598d9b07-3dff-4952-b0ea-9dfc8a21ddce ticker=ARRY reason=BUY_NOT_AVAILABLE detail=
2026-08-26 21:34:07,654 | INFO | edward.autonomous.market_cycle | universe_rejected instrument=54e856d4-ba8a-4365-8fd1-245a8888b306 ticker=TASB reason=CANDLES_UNAVAILABLE detail=_get_candles() takes 2 positional arguments but 5 were given
2026-08-26 21:34:07,654 | INFO | edward.autonomous.market_cycle | universe_rejected instrument=f436b110-f81a-4e43-b591-d7134c003003 ticker=MBUU reason=BUY_NOT_AVAILABLE detail=
2026-08-26 21:34:07,654 | INFO | edward.autonomous.market_cycle | universe_rejected instrument=c71be2c1-0aeb-45cf-b3aa-a154e7f50b80 ticker=ZBH reason=BUY_NOT_AVAILABLE detail=
2026-08-26 21:34:07,654 | INFO | edward.autonomous.market_cycle | universe_rejected instrument=0a9f98ba-e9b2-40cf-b986-ccb587e88d83 ticker=CABO reason=BUY_NOT_AVAILABLE detail=
2026-08-26 21:34:07,654 | INFO | edward.autonomous.market_cycle | universe_rejected instrument=b71bd174-c72c-41b0-a66f-5f9073e0d1f5 ticker=VKCO reason=CANDLES_UNAVAILABLE detail=_get_candles() takes 2 positional arguments but 5 were given
2026-08-26 21:34:07,654 | INFO | edward.autonomous.market_cycle | universe_rejected instrument=02afac94-15ea-4586-b1da-8704b65daf2f ticker=CIAN@US reason=BUY_NOT_AVAILABLE detail=
2026-08-26 21:34:07,654 | INFO | edward.autonomous.market_cycle | universe_rejected instrument=92a81f1d-95a3-40f2-a1da-8f51c1f0ccdb ticker=ZION reason=BUY_NOT_AVAILABLE detail=
2026-08-26 21:34:07,654 | INFO | edward.autonomous.market_cycle | universe_rejected instrument=af036466-24ae-4b5b-b39b-3c2a108d158e ticker=SDGR reason=BUY_NOT_AVAILABLE detail=
2026-08-26 21:34:07,654 | INFO | edward.autonomous.market_cycle | universe_rejected instrument=f7c9922d-d34a-4b1b-972c-fc3ebfa3a9a9 ticker=SIG reason=BUY_NOT_AVAILABLE detail=
2026-08-26 21:34:07,654 | INFO | edward.autonomous.market_cycle | universe_rejected instrument=56452fa0-1e58-457e-bb41-90acaabf0767 ticker=BISVP reason=CANDLES_UNAVAILABLE detail=_get_candles() takes 2 positional arguments but 5 were given
2026-08-26 21:34:07,654 | INFO | edward.autonomous.market_cycle | universe_rejected instrument=ca845f68-6c43-44bc-b584-330d2a1e5eb7 ticker=MGNT reason=CANDLES_UNAVAILABLE detail=_get_candles() takes 2 positional arguments but 5 were given
2026-08-26 21:34:07,654 | INFO | edward.autonomous.market_cycle | universe_rejected instrument=7e2b23b7-f99f-477c-84b3-ae7775c489ef ticker=GS reason=BUY_NOT_AVAILABLE detail=
2026-08-26 21:34:07,654 | INFO | edward.autonomous.market_cycle | universe_rejected instrument=515a99dd-dcd4-43d6-9d4c-d789d01c2ed6 ticker=175 reason=BUY_NOT_AVAILABLE detail=
2026-08-26 21:34:07,654 | INFO | edward.autonomous.market_cycle | universe_rejected instrument=feeac9a5-d26f-4555-9880-16787ef6824a ticker=CNXC reason=BUY_NOT_AVAILABLE detail=
2026-08-26 21:34:07,655 | INFO | edward.autonomous.market_cycle | universe_rejected instrument=4c1f9249-12ae-49dd-ab0b-247e97028c32 ticker=RDY reason=BUY_NOT_AVAILABLE detail=
2026-08-26 21:34:07,655 | INFO | edward.autonomous.market_cycle | universe_rejected instrument=0e014b3e-8d33-40ae-af57-ed8493152088 ticker=ALB reason=BUY_NOT_AVAILABLE detail=
2026-08-26 21:34:07,655 | INFO | edward.autonomous.market_cycle | universe_rejected instrument=8d8e4d71-eb8e-4226-8e76-8baf539f1cf5 ticker=MELI reason=BUY_NOT_AVAILABLE detail=
2026-08-26 21:34:07,655 | INFO | edward.autonomous.market_cycle | universe_rejected instrument=ac2ea8bc-aef0-4bcd-8134-ccc3d0732109 ticker=UAA reason=BUY_NOT_AVAILABLE detail=
2026-08-26 21:34:07,655 | INFO | edward.autonomous.market_cycle | universe_rejected instrument=94419dbe-83f4-4763-af8e-e6ec8144e1d0 ticker=NTLA reason=BUY_NOT_AVAILABLE detail=
2026-08-26 21:34:07,655 | INFO | edward.autonomous.market_cycle | universe_rejected instrument=f792089c-b65e-47f9-8f7c-021a2b0645d7 ticker=ECPG reason=BUY_NOT_AVAILABLE detail=
2026-08-26 21:34:07,655 | INFO | edward.autonomous.market_cycle | universe_rejected instrument=23542ec7-d35e-4df2-90b5-4c9d5ebc0b2a ticker=FCEL reason=BUY_NOT_AVAILABLE detail=
2026-08-26 21:34:07,655 | INFO | edward.autonomous.market_cycle | universe_rejected instrument=1c4af248-8813-4dc1-ba8c-76650d2f3fa6 ticker=291 reason=BUY_NOT_AVAILABLE detail=
2026-08-26 21:34:07,655 | INFO | edward.autonomous.market_cycle | universe_rejected instrument=0f3165ef-3b53-4bc0-a4c8-19d0016b0b6d ticker=KZIZ reason=CANDLES_UNAVAILABLE detail=_get_candles() takes 2 positional arguments but 5 were given
2026-08-26 21:34:07,655 | INFO | edward.autonomous.market_cycle | universe_rejected instrument=fc034752-9029-4b5d-a2d3-70a02b6a87b3 ticker=DGX reason=BUY_NOT_AVAILABLE detail=
2026-08-26 21:34:07,655 | INFO | edward.autonomous.market_cycle | universe_rejected instrument=7a8ad25f-a3d1-4420-aba4-11a187bdbff2 ticker=WELL reason=BUY_NOT_AVAILABLE detail=
2026-08-26 21:34:07,655 | INFO | edward.autonomous.market_cycle | universe_rejected instrument=c72e43e8-1f4a-4be2-8f17-f59ce3511ad6 ticker=ENSG reason=BUY_NOT_AVAILABLE detail=
2026-08-26 21:34:07,655 | INFO | edward.autonomous.market_cycle | universe_rejected instrument=fd771a33-9cc3-45d4-91d3-bd3aa587b7cd ticker=EIX reason=BUY_NOT_AVAILABLE detail=
2026-08-26 21:34:07,655 | INFO | edward.autonomous.market_cycle | universe_rejected instrument=07b009b9-737d-46e3-aa49-24e76d64eae4 ticker=ODFL reason=BUY_NOT_AVAILABLE detail=
2026-08-26 21:34:07,655 | INFO | edward.autonomous.market_cycle | universe_rejected instrument=71de41c3-22f7-422d-ad4c-8c8999d2b672 ticker=AXSM reason=BUY_NOT_AVAILABLE detail=
2026-08-26 21:34:07,655 | INFO | edward.autonomous.market_cycle | universe_rejected instrument=9ddba6a1-0b51-4a4d-bdab-dfca58a9680a ticker=RKT reason=BUY_NOT_AVAILABLE detail=
2026-08-26 21:34:07,655 | INFO | edward.autonomous.market_cycle | universe_rejected instrument=59216748-c08b-4a6a-b48b-0981f8d5ca10 ticker=ABNB reason=BUY_NOT_AVAILABLE detail=
2026-08-26 21:34:07,655 | INFO | edward.autonomous.market_cycle | universe_rejected instrument=2a92d0bf-6b3e-4e00-80db-640a2a90cbb8 ticker=2269 reason=BUY_NOT_AVAILABLE detail=
2026-08-26 21:34:07,655 | INFO | edward.autonomous.market_cycle | universe_rejected instrument=b5e8fe6a-22a4-46a5-aa73-a5fe3a16f25c ticker=PSMT reason=BUY_NOT_AVAILABLE detail=
2026-08-26 21:34:07,655 | INFO | edward.autonomous.market_cycle | universe_rejected instrument=6626d140-b59d-49a2-9d5c-9ec91a8cde0a ticker=WBD reason=BUY_NOT_AVAILABLE detail=
2026-08-26 21:34:07,655 | INFO | edward.autonomous.market_cycle | universe_rejected instrument=238bd62f-0da5-41ad-bdc9-1e4f6b595342 ticker=CTAS reason=BUY_NOT_AVAILABLE detail=
2026-08-26 21:34:07,655 | INFO | edward.autonomous.market_cycle | universe_rejected instrument=172eff2d-ff59-4121-b671-4a2f17fb94c6 ticker=TKR reason=BUY_NOT_AVAILABLE detail=
2026-08-26 21:34:07,655 | INFO | edward.autonomous.market_cycle | universe_rejected instrument=e293451d-14d4-4af1-ab50-fd9967b182c5 ticker=HCSG reason=BUY_NOT_AVAILABLE detail=
2026-08-26 21:34:07,655 | INFO | edward.autonomous.market_cycle | universe_rejected instrument=3879e073-f27a-4e2f-9a97-97475b25194d ticker=KZOSP reason=CANDLES_UNAVAILABLE detail=_get_candles() takes 2 positional arguments but 5 were given
2026-08-26 21:34:07,655 | INFO | edward.autonomous.market_cycle | universe_rejected instrument=b959645c-3b07-4ab8-a559-07970ea537ca ticker=A reason=BUY_NOT_AVAILABLE detail=
2026-08-26 21:34:07,655 | INFO | edward.autonomous.market_cycle | universe_rejected instrument=b993e814-9986-4434-ae88-b086066714a0 ticker=WUSH reason=CANDLES_UNAVAILABLE detail=_get_candles() takes 2 positional arguments but 5 were given
2026-08-26 21:34:07,656 | INFO | edward.autonomous.market_cycle | universe_rejected instrument=37a59530-9327-48a9-b088-9e15c445c48e ticker=COP reason=BUY_NOT_AVAILABLE detail=
2026-08-26 21:34:07,656 | INFO | edward.autonomous.market_cycle | universe_rejected instrument=357a3d29-98b8-4fba-89b9-cd1207d3d40d ticker=ZBRA reason=BUY_NOT_AVAILABLE detail=
2026-08-26 21:34:07,656 | INFO | edward.autonomous.market_cycle | universe_rejected instrument=e05fce7e-efcb-4c45-8c9f-b6ef4cfc7169 ticker=ASO reason=BUY_NOT_AVAILABLE detail=
2026-08-26 21:34:07,656 | INFO | edward.autonomous.market_cycle | universe_rejected instrument=9090d23f-9377-4f2a-9ade-e32b7a5798dc ticker=NHI reason=BUY_NOT_AVAILABLE detail=
2026-08-26 21:34:07,656 | INFO | edward.autonomous.market_cycle | universe_rejected instrument=02eb2ec3-17a1-40f2-9160-54bfb4484618 ticker=ORI reason=BUY_NOT_AVAILABLE detail=
2026-08-26 21:34:07,656 | INFO | edward.autonomous.market_cycle | universe_rejected instrument=c63e693f-5f39-4098-bb36-0adda77b990b ticker=BBSI reason=BUY_NOT_AVAILABLE detail=
2026-08-26 21:34:07,656 | INFO | edward.autonomous.market_cycle | universe_rejected instrument=1e4520cc-3a25-4b3f-b63e-d693d0342b21 ticker=CDNA reason=BUY_NOT_AVAILABLE detail=
2026-08-26 21:34:07,656 | INFO | edward.autonomous.market_cycle | universe_rejected instrument=48bd9002-43be-4528-abf4-dc8135ad4550 ticker=UGLD reason=CANDLES_UNAVAILABLE detail=_get_candles() takes 2 positional arguments but 5 were given
2026-08-26 21:34:07,656 | INFO | edward.autonomous.market_cycle | universe_rejected instrument=51443b77-6d92-4a15-aa9c-c94082e99e99 ticker=OSUR reason=BUY_NOT_AVAILABLE detail=
2026-08-26 21:34:07,656 | INFO | edward.autonomous.market_cycle | universe_rejected instrument=467f8465-0e50-4e9b-a02c-7742ef816058 ticker=ORLY reason=BUY_NOT_AVAILABLE detail=
2026-08-26 21:34:07,656 | INFO | edward.autonomous.market_cycle | universe_rejected instrument=df35ac3e-3d77-454f-b446-cdbb9d867b02 ticker=MFGS reason=CANDLES_UNAVAILABLE detail=_get_candles() takes 2 positional arguments but 5 were given
2026-08-26 21:34:07,656 | INFO | edward.autonomous.market_cycle | universe_rejected instrument=78230a7d-5acf-4d4f-a0a8-9bf731193e69 ticker=ALT reason=BUY_NOT_AVAILABLE detail=
2026-08-26 21:34:07,656 | INFO | edward.autonomous.market_cycle | universe_rejected instrument=4563f7a1-8245-4caf-aba5-ac49827ba775 ticker=LNZL reason=BUY_NOT_AVAILABLE detail=
2026-08-26 21:34:07,656 | INFO | edward.autonomous.market_cycle | universe_rejected instrument=cc4775d9-bf65-4a42-9792-8cf149b043dd ticker=ALG reason=BUY_NOT_AVAILABLE detail=
2026-08-26 21:34:07,656 | INFO | edward.autonomous.market_cycle | universe_rejected instrument=4357da57-f566-4036-bae8-e656d1a767f0 ticker=PLCE reason=BUY_NOT_AVAILABLE detail=
2026-08-26 21:34:07,656 | INFO | edward.autonomous.market_cycle | universe_rejected instrument=661d9296-a997-4029-b8ea-464486408bee ticker=CACI reason=BUY_NOT_AVAILABLE detail=
2026-08-26 21:34:07,656 | INFO | edward.autonomous.market_cycle | universe_rejected instrument=9d37a34d-db5c-42a2-9ab5-de9e0bdb3e2a ticker=VST reason=BUY_NOT_AVAILABLE detail=
2026-08-26 21:34:07,656 | INFO | edward.autonomous.market_cycle | universe_rejected instrument=5b02872c-7075-4dc2-9962-68e8ad3dfd1d ticker=JBSS reason=BUY_NOT_AVAILABLE detail=
2026-08-26 21:34:07,656 | INFO | edward.autonomous.market_cycle | universe_rejected instrument=db3de0b8-072e-4bdf-bd0a-3ddcae4c4714 ticker=WH reason=BUY_NOT_AVAILABLE detail=
2026-08-26 21:34:07,656 | INFO | edward.autonomous.market_cycle | universe_rejected instrument=9c691415-d146-47ec-8bc5-ddbf13f0adac ticker=UDR reason=BUY_NOT_AVAILABLE detail=
2026-08-26 21:34:07,656 | INFO | edward.autonomous.market_cycle | universe_rejected instrument=0d28c01b-f841-4e89-9c92-0ee23d12883a ticker=SELG reason=CANDLES_UNAVAILABLE detail=_get_candles() takes 2 positional arguments but 5 were given
2026-08-26 21:34:07,656 | INFO | edward.autonomous.market_cycle | universe_rejected instrument=b29d8edd-7596-4382-9015-9c87c9e8fbd2 ticker=OKE reason=BUY_NOT_AVAILABLE detail=
2026-08-26 21:34:07,656 | INFO | edward.autonomous.market_cycle | universe_rejected instrument=2c542c78-7cba-4bf4-949d-88666a364000 ticker=OMC reason=BUY_NOT_AVAILABLE detail=
2026-08-26 21:34:07,656 | INFO | edward.autonomous.market_cycle | universe_rejected instrument=6dfc0cd0-9012-4b19-b288-712fd5280a73 ticker=NIC reason=BUY_NOT_AVAILABLE detail=
2026-08-26 21:34:07,656 | INFO | edward.autonomous.market_cycle | universe_rejected instrument=01fd2cc9-489c-4756-b267-72c3ccc61b8f ticker=RUSI reason=CANDLES_UNAVAILABLE detail=_get_candles() takes 2 positional arguments but 5 were given
2026-08-26 21:34:07,656 | INFO | edward.autonomous.market_cycle | universe_rejected instrument=d02e057b-3535-4e41-bfff-814b86cf2490 ticker=TASK reason=BUY_NOT_AVAILABLE detail=
2026-08-26 21:34:07,657 | INFO | edward.autonomous.market_cycle | universe_rejected instrument=16933d0c-3186-4058-b161-974b999e4bf9 ticker=IOSP reason=BUY_NOT_AVAILABLE detail=
2026-08-26 21:34:07,657 | INFO | edward.autonomous.market_cycle | universe_rejected instrument=6faf1008-bb5b-4470-9b45-462fc203d985 ticker=ALLO reason=BUY_NOT_AVAILABLE detail=
2026-08-26 21:34:07,657 | INFO | edward.autonomous.market_cycle | universe_rejected instrument=4697a290-137e-4379-bcb1-c044de66793d ticker=AOS reason=BUY_NOT_AVAILABLE detail=
2026-08-26 21:34:07,657 | INFO | edward.autonomous.market_cycle | universe_rejected instrument=2c69924a-fcf4-4d3c-8c02-02cd665f554d ticker=SLAV reason=CANDLES_UNAVAILABLE detail=_get_candles() takes 2 positional arguments but 5 were given
2026-08-26 21:34:07,657 | INFO | edward.autonomous.market_cycle | universe_rejected instrument=92982d1e-bb5f-4541-aa09-7e5f33545219 ticker=METC reason=BUY_NOT_AVAILABLE detail=
2026-08-26 21:34:07,657 | INFO | edward.autonomous.market_cycle | universe_rejected instrument=978c61c9-5b03-4389-aa27-23153946b254 ticker=OLED reason=BUY_NOT_AVAILABLE detail=
2026-08-26 21:34:07,657 | INFO | edward.autonomous.market_cycle | universe_rejected instrument=50d1e41c-aca9-44b0-bfc2-c7ee2de07ee8 ticker=FLWS reason=BUY_NOT_AVAILABLE detail=
2026-08-26 21:34:07,657 | INFO | edward.autonomous.market_cycle | universe_rejected instrument=38a0295e-7173-4e10-90f8-e316a77578be ticker=CSL reason=BUY_NOT_AVAILABLE detail=
2026-08-26 21:34:07,657 | INFO | edward.autonomous.market_cycle | universe_rejected instrument=8f094392-8db6-4a0c-9d36-d4bbee81bc44 ticker=LEGH reason=BUY_NOT_AVAILABLE detail=
2026-08-26 21:34:07,657 | INFO | edward.autonomous.market_cycle | universe_rejected instrument=1423539a-9e84-49ba-a0ab-3ee134aee317 ticker=SWK reason=BUY_NOT_AVAILABLE detail=
2026-08-26 21:34:07,657 | INFO | edward.autonomous.market_cycle | universe_rejected instrument=c4304c3c-4106-47ea-aabc-e1ae39930791 ticker=DZRDP reason=CANDLES_UNAVAILABLE detail=_get_candles() takes 2 positional arguments but 5 were given
2026-08-26 21:34:07,657 | INFO | edward.autonomous.market_cycle | universe_rejected instrument=16bb8ed3-2cb1-4d89-8f04-afe0b34e21d0 ticker=PRFN reason=CANDLES_UNAVAILABLE detail=_get_candles() takes 2 positional arguments but 5 were given
2026-08-26 21:34:07,657 | INFO | edward.autonomous.market_cycle | universe_rejected instrument=71276373-d037-4a08-bc69-24f64197587d ticker=ANF reason=BUY_NOT_AVAILABLE detail=
2026-08-26 21:34:07,657 | INFO | edward.autonomous.market_cycle | universe_rejected instrument=bbe3e6b9-f3a2-4aa5-a373-319e29fef542 ticker=2202 reason=BUY_NOT_AVAILABLE detail=
2026-08-26 21:34:07,657 | INFO | edward.autonomous.market_cycle | universe_rejected instrument=26aae23e-e1e5-49ae-a0c1-978f83e1e5d7 ticker=FSLR reason=BUY_NOT_AVAILABLE detail=
2026-08-26 21:34:07,657 | INFO | edward.autonomous.market_cycle | universe_rejected instrument=65406476-5af7-4e77-86ff-9545308dcf00 ticker=COLB reason=BUY_NOT_AVAILABLE detail=
2026-08-26 21:34:07,657 | INFO | edward.autonomous.market_cycle | universe_rejected instrument=078db0c7-0ba9-41f9-ac90-e52734b5e355 ticker=WST reason=BUY_NOT_AVAILABLE detail=
2026-08-26 21:34:07,657 | INFO | edward.autonomous.market_cycle | universe_rejected instrument=4c128e02-25e4-48eb-9b9a-27db54a028c9 ticker=JBTM reason=BUY_NOT_AVAILABLE detail=
2026-08-26 21:34:07,657 | INFO | edward.autonomous.market_cycle | universe_rejected instrument=648aa098-ae13-4cd6-9150-80c9945387cc ticker=UPBD reason=BUY_NOT_AVAILABLE detail=
2026-08-26 21:34:07,657 | INFO | edward.autonomous.market_cycle | universe_rejected instrument=43185c85-742b-4be1-aa2d-5c1ce20af159 ticker=YETI reason=BUY_NOT_AVAILABLE detail=
2026-08-26 21:34:07,657 | INFO | edward.autonomous.market_cycle | universe_rejected instrument=03eb8982-4dd5-4fe3-9bdc-a5b6a76deaad ticker=1109 reason=BUY_NOT_AVAILABLE detail=
2026-08-26 21:34:07,657 | INFO | edward.autonomous.market_cycle | universe_rejected instrument=ac4bd0e6-3221-4514-a705-49ac793b7287 ticker=RYN reason=BUY_NOT_AVAILABLE detail=
2026-08-26 21:34:07,657 | INFO | edward.autonomous.market_cycle | universe_rejected instrument=aab18c37-e7d1-43e0-a17e-7ba89ae01ecd ticker=1347 reason=BUY_NOT_AVAILABLE detail=
2026-08-26 21:34:07,657 | INFO | edward.autonomous.market_cycle | universe_rejected instrument=e723197f-9ecd-4e18-8a95-1356db20aca1 ticker=EMBC reason=BUY_NOT_AVAILABLE detail=
2026-08-26 21:34:07,657 | INFO | edward.autonomous.market_cycle | universe_rejected instrument=354203cf-be01-4e13-8589-13cbdc8b1750 ticker=WMG reason=BUY_NOT_AVAILABLE detail=
2026-08-26 21:34:07,657 | INFO | edward.autonomous.market_cycle | universe_rejected instrument=3106392b-bc9d-44f6-9376-d321f4743b73 ticker=WRLD reason=BUY_NOT_AVAILABLE detail=
2026-08-26 21:34:07,657 | INFO | edward.autonomous.market_cycle | universe_rejected instrument=52806bdb-fcde-4b3e-bee3-e53eb46f2fa1 ticker=AVNT reason=BUY_NOT_AVAILABLE detail=
2026-08-26 21:34:07,658 | INFO | edward.autonomous.market_cycle | universe_rejected instrument=b3499d2d-c5e8-4745-af59-ecc2f3d112f6 ticker=AAP reason=BUY_NOT_AVAILABLE detail=
2026-08-26 21:34:07,658 | INFO | edward.autonomous.market_cycle | universe_rejected instrument=54e13cb6-11b1-453e-9346-28a92333c4c3 ticker=RPD reason=BUY_NOT_AVAILABLE detail=
2026-08-26 21:34:07,658 | INFO | edward.autonomous.market_cycle | universe_rejected instrument=330a4507-03f9-4f8d-8303-492ba09cccba ticker=CARM reason=CANDLES_UNAVAILABLE detail=_get_candles() takes 2 positional arguments but 5 were given
2026-08-26 21:34:07,658 | INFO | edward.autonomous.market_cycle | universe_rejected instrument=f29603be-4a35-4024-b4f3-8786a945a045 ticker=MHK reason=BUY_NOT_AVAILABLE detail=
2026-08-26 21:34:07,658 | INFO | edward.autonomous.market_cycle | universe_rejected instrument=7cd5dce6-7bbd-474f-a442-eefd4d34d4ca ticker=MA reason=BUY_NOT_AVAILABLE detail=
2026-08-26 21:34:07,658 | INFO | edward.autonomous.market_cycle | universe_rejected instrument=f866872b-8f68-4b6e-930f-749fe9aa79c0 ticker=RUAL reason=CANDLES_UNAVAILABLE detail=_get_candles() takes 2 positional arguments but 5 were given
2026-08-26 21:34:07,658 | INFO | edward.autonomous.market_cycle | universe_rejected instrument=d0b3723c-35f8-497c-97f7-345bbcfbf1e1 ticker=NKHP reason=CANDLES_UNAVAILABLE detail=_get_candles() takes 2 positional arguments but 5 were given
2026-08-26 21:34:07,658 | INFO | edward.autonomous.market_cycle | universe_rejected instrument=539336f1-f322-49ed-b23e-9538ec89fb13 ticker=GLBE reason=BUY_NOT_AVAILABLE detail=
2026-08-26 21:34:07,658 | INFO | edward.autonomous.market_cycle | universe_rejected instrument=0102d253-5095-499c-934e-5a5fd6fce00d ticker=TGKJ reason=CANDLES_UNAVAILABLE detail=_get_candles() takes 2 positional arguments but 5 were given
2026-08-26 21:34:07,658 | INFO | edward.autonomous.market_cycle | universe_rejected instrument=15a66d35-577d-46f6-9d13-a5e97dba8c25 ticker=AWR reason=BUY_NOT_AVAILABLE detail=
2026-08-26 21:34:07,658 | INFO | edward.autonomous.market_cycle | universe_rejected instrument=f2ac54e4-f364-4130-ac1d-5bb980bc2734 ticker=SIGI reason=BUY_NOT_AVAILABLE detail=
2026-08-26 21:34:07,658 | INFO | edward.autonomous.market_cycle | universe_rejected instrument=b03ca2d6-ce21-41f3-a687-3db2e297f77b ticker=RBA reason=BUY_NOT_AVAILABLE detail=
2026-08-26 21:34:07,658 | INFO | edward.autonomous.market_cycle | universe_rejected instrument=b5885d66-4067-4807-b3af-476487dec356 ticker=PLTK reason=BUY_NOT_AVAILABLE detail=
2026-08-26 21:34:07,658 | INFO | edward.autonomous.market_cycle | universe_rejected instrument=86c0a4c4-5491-4c0d-901e-2f4502cd538b ticker=MNDY reason=BUY_NOT_AVAILABLE detail=
2026-08-26 21:34:07,658 | INFO | edward.autonomous.market_cycle | universe_rejected instrument=376abc5c-359f-4d59-8a9c-468e8c92282f ticker=CGEN reason=BUY_NOT_AVAILABLE detail=
2026-08-26 21:34:07,658 | INFO | edward.autonomous.market_cycle | universe_rejected instrument=4425ccfa-ac55-4143-9186-217d4ab9a520 ticker=CRMT reason=BUY_NOT_AVAILABLE detail=
2026-08-26 21:34:07,658 | INFO | edward.autonomous.market_cycle | universe_rejected instrument=b6734ab3-1f73-48f0-9d04-c6813e8fb9fb ticker=NVR reason=BUY_NOT_AVAILABLE detail=
2026-08-26 21:34:07,658 | INFO | edward.autonomous.market_cycle | universe_rejected instrument=8f3ee994-f85e-466c-8384-127d2dda6a4a ticker=CMC reason=BUY_NOT_AVAILABLE detail=
2026-08-26 21:34:07,658 | INFO | edward.autonomous.market_cycle | universe_rejected instrument=a31d7805-9042-432d-96a0-79c93b6a1267 ticker=3908 reason=BUY_NOT_AVAILABLE detail=
2026-08-26 21:34:07,658 | INFO | edward.autonomous.market_cycle | universe_rejected instrument=561d29f0-711a-414c-9828-ac57b40fca24 ticker=IRWD reason=BUY_NOT_AVAILABLE detail=
2026-08-26 21:34:07,658 | INFO | edward.autonomous.market_cycle | universe_rejected instrument=05df8b33-401a-4a3d-89e8-e4b1e10c2c28 ticker=EAT reason=BUY_NOT_AVAILABLE detail=
2026-08-26 21:34:07,658 | INFO | edward.autonomous.market_cycle | universe_rejected instrument=7390015a-267e-4920-adfd-6cc75eb6baa0 ticker=SNAP reason=BUY_NOT_AVAILABLE detail=
2026-08-26 21:34:07,658 | INFO | edward.autonomous.market_cycle | universe_rejected instrument=06cf2d77-8db3-47ba-ab2c-e458314e503b ticker=HZO reason=BUY_NOT_AVAILABLE detail=
2026-08-26 21:34:07,658 | INFO | edward.autonomous.market_cycle | universe_rejected instrument=69f21e9b-3246-4a11-9485-3f89e86fd8e2 ticker=CPB reason=BUY_NOT_AVAILABLE detail=
2026-08-26 21:34:07,658 | INFO | edward.autonomous.market_cycle | universe_rejected instrument=7bc5aac8-02d4-4517-a487-0e1ecb51adf5 ticker=VRT reason=BUY_NOT_AVAILABLE detail=
2026-08-26 21:34:07,658 | INFO | edward.autonomous.market_cycle | universe_rejected instrument=3e4f3419-3bc2-4834-a295-b40a28e92bb5 ticker=CHD reason=BUY_NOT_AVAILABLE detail=
2026-08-26 21:34:07,658 | INFO | edward.autonomous.market_cycle | universe_rejected instrument=d79fb260-d78e-4d56-b66c-c61f8330507b ticker=RUN reason=BUY_NOT_AVAILABLE detail=
2026-08-26 21:34:07,658 | INFO | edward.autonomous.market_cycle | universe_rejected instrument=c58cf19e-0b48-47f1-8bec-1af1128bf56a ticker=AKAM reason=BUY_NOT_AVAILABLE detail=
2026-08-26 21:34:07,659 | INFO | edward.autonomous.market_cycle | universe_rejected instrument=544f470d-8a16-4c67-85ac-af8dc39894f6 ticker=CP reason=BUY_NOT_AVAILABLE detail=
2026-08-26 21:34:07,659 | INFO | edward.autonomous.market_cycle | universe_rejected instrument=63d93076-71f3-412b-9b85-d5a76ac7683b ticker=ZUMZ reason=BUY_NOT_AVAILABLE detail=
2026-08-26 21:34:07,659 | INFO | edward.autonomous.market_cycle | universe_rejected instrument=c29624c0-f23c-49cd-b3a2-09355730d5dd ticker=MODG reason=BUY_NOT_AVAILABLE detail=
2026-08-26 21:34:07,659 | INFO | edward.autonomous.market_cycle | universe_rejected instrument=aa1ea7d6-e8de-4646-9fde-c6f3a83ca85d ticker=ZYNE reason=BUY_NOT_AVAILABLE detail=
2026-08-26 21:34:07,659 | INFO | edward.autonomous.market_cycle | universe_rejected instrument=2bd81af0-b389-4638-ac9b-35a9938be0cc ticker=VGSB reason=CANDLES_UNAVAILABLE detail=_get_candles() takes 2 positional arguments but 5 were given
2026-08-26 21:34:07,659 | INFO | edward.autonomous.market_cycle | universe_rejected instrument=3e9670f0-a7e9-40fa-a83a-534258dba4ea ticker=BMO reason=BUY_NOT_AVAILABLE detail=
2026-08-26 21:34:07,659 | INFO | edward.autonomous.market_cycle | universe_rejected instrument=72ae739c-26c1-4e28-8ad1-b12001b9a39c ticker=2359 reason=BUY_NOT_AVAILABLE detail=
2026-08-26 21:34:07,659 | INFO | edward.autonomous.market_cycle | universe_rejected instrument=ef07da8c-00c3-43cb-b8dd-d7c5d5585ec1 ticker=COIN reason=BUY_NOT_AVAILABLE detail=
2026-08-26 21:34:07,659 | INFO | edward.autonomous.market_cycle | universe_rejected instrument=fe4c6720-d09e-46d4-b6c1-c78664e4fa0a ticker=ATNI reason=BUY_NOT_AVAILABLE detail=
2026-08-26 21:34:07,659 | INFO | edward.autonomous.market_cycle | universe_rejected instrument=b5d97f89-efbb-4725-a233-15ee83708985 ticker=CBU reason=BUY_NOT_AVAILABLE detail=
2026-08-26 21:34:07,659 | INFO | edward.autonomous.market_cycle | universe_rejected instrument=38306217-5793-454c-8f65-6a79f652b6ee ticker=3690 reason=BUY_NOT_AVAILABLE detail=
2026-08-26 21:34:07,659 | INFO | edward.autonomous.market_cycle | universe_rejected instrument=b74d1d8c-fec4-453f-93d5-1be92e7e306b ticker=ENTA reason=BUY_NOT_AVAILABLE detail=
2026-08-26 21:34:07,659 | INFO | edward.autonomous.market_cycle | universe_rejected instrument=2e8ad3ab-ac6e-4947-baf2-adcbaf0f0727 ticker=POOL reason=BUY_NOT_AVAILABLE detail=
2026-08-26 21:34:07,659 | INFO | edward.autonomous.market_cycle | universe_rejected instrument=817c9960-6ab7-4689-ba1a-ad4d9d9b83a5 ticker=QUOT reason=BUY_NOT_AVAILABLE detail=
2026-08-26 21:34:07,659 | INFO | edward.autonomous.market_cycle | universe_rejected instrument=275f75e0-c3ee-4e53-ac3a-2268a404d5fa ticker=XOMM-RM reason=CANDLES_UNAVAILABLE detail=_get_candles() takes 2 positional arguments but 5 were given
2026-08-26 21:34:07,659 | INFO | edward.autonomous.market_cycle | universe_rejected instrument=846e0490-2abd-4222-a6cb-0f57b3c37ae7 ticker=J reason=BUY_NOT_AVAILABLE detail=
2026-08-26 21:34:07,659 | INFO | edward.autonomous.market_cycle | universe_rejected instrument=698aa555-0e90-45ab-9765-7cc4eba12516 ticker=APD reason=BUY_NOT_AVAILABLE detail=
2026-08-26 21:34:07,659 | INFO | edward.autonomous.market_cycle | universe_rejected instrument=eb9575e7-1932-4442-a89b-373e8a0dcffb ticker=CI reason=BUY_NOT_AVAILABLE detail=
2026-08-26 21:34:07,659 | INFO | edward.autonomous.market_cycle | universe_rejected instrument=30817fea-20e6-4fee-ab1f-d20fc1a1bb72 ticker=ALRS reason=CANDLES_UNAVAILABLE detail=_get_candles() takes 2 positional arguments but 5 were given
2026-08-26 21:34:07,659 | INFO | edward.autonomous.market_cycle | universe_rejected instrument=bf1424c1-09bc-4af9-beaa-d0d2dec981da ticker=SNX reason=BUY_NOT_AVAILABLE detail=
2026-08-26 21:34:07,659 | INFO | edward.autonomous.market_cycle | universe_rejected instrument=303e9367-51b5-4d24-9514-3b6adb1c5d78 ticker=ALK reason=BUY_NOT_AVAILABLE detail=
2026-08-26 21:34:07,659 | INFO | edward.autonomous.market_cycle | universe_rejected instrument=77180eec-0119-4bc4-b45e-6d9fca9bf248 ticker=MAS reason=BUY_NOT_AVAILABLE detail=
2026-08-26 21:34:07,659 | INFO | edward.autonomous.market_cycle | universe_rejected instrument=0011cfdf-bbea-4691-b333-9f1d945e3975 ticker=CNNE reason=BUY_NOT_AVAILABLE detail=
2026-08-26 21:34:07,659 | INFO | edward.autonomous.market_cycle | universe_rejected instrument=d3da54ab-819e-4a0a-8061-80d7dd192822 ticker=MLCO reason=BUY_NOT_AVAILABLE detail=
2026-08-26 21:34:07,659 | INFO | edward.autonomous.market_cycle | universe_rejected instrument=eb3ad3fc-c0eb-4591-9624-1e12a5e582b6 ticker=PCOR reason=BUY_NOT_AVAILABLE detail=
2026-08-26 21:34:07,659 | INFO | edward.autonomous.market_cycle | universe_rejected instrument=70a02b59-62ba-42b0-b528-a56907cb912c ticker=INTC reason=BUY_NOT_AVAILABLE detail=
2026-08-26 21:34:07,659 | INFO | edward.autonomous.market_cycle | universe_rejected instrument=f8f835f0-6018-4666-8b18-0da3e0d37bb1 ticker=COKE reason=BUY_NOT_AVAILABLE detail=
2026-08-26 21:34:07,660 | INFO | edward.autonomous.market_cycle | universe_rejected instrument=841ae0ee-a4dd-4d4f-b529-ace5b85f6146 ticker=AIG reason=BUY_NOT_AVAILABLE detail=
2026-08-26 21:34:07,660 | INFO | edward.autonomous.market_cycle | universe_rejected instrument=9e5a773f-f82f-4f57-bb5b-75666dc65ec0 ticker=BROS reason=BUY_NOT_AVAILABLE detail=
2026-08-26 21:34:07,660 | INFO | edward.autonomous.market_cycle | universe_rejected instrument=f0d0a0a9-b07e-44bf-9891-688ca6e06da9 ticker=MRNA reason=BUY_NOT_AVAILABLE detail=
2026-08-26 21:34:07,660 | INFO | edward.autonomous.market_cycle | universe_rejected instrument=5ff12747-f822-4f09-925d-3abf96a10481 ticker=SHEN reason=BUY_NOT_AVAILABLE detail=
2026-08-26 21:34:07,660 | INFO | edward.autonomous.market_cycle | universe_rejected instrument=e2fdeda6-c6b7-466d-94e3-ba5b15348789 ticker=XPO reason=BUY_NOT_AVAILABLE detail=
2026-08-26 21:34:07,660 | INFO | edward.autonomous.market_cycle | universe_rejected instrument=7d2d980e-f992-4293-8054-ba9a104db09a ticker=LDOS reason=BUY_NOT_AVAILABLE detail=
2026-08-26 21:34:07,660 | INFO | edward.autonomous.market_cycle | universe_rejected instrument=a9eb4238-eba9-488c-b102-b6140fd08e38 ticker=AAPL reason=BUY_NOT_AVAILABLE detail=
2026-08-26 21:34:07,660 | INFO | edward.autonomous.market_cycle | universe_rejected instrument=293b5a52-8c46-4d42-aed3-bb7fb500db86 ticker=WM reason=BUY_NOT_AVAILABLE detail=
2026-08-26 21:34:07,660 | INFO | edward.autonomous.market_cycle | universe_rejected instrument=76b659b9-8ffb-464c-a4f0-793cbfcd756b ticker=267 reason=BUY_NOT_AVAILABLE detail=
2026-08-26 21:34:07,660 | INFO | edward.autonomous.market_cycle | universe_rejected instrument=42f965d4-a810-481b-bc64-86240df17bea ticker=ETSY reason=BUY_NOT_AVAILABLE detail=
2026-08-26 21:34:07,660 | INFO | edward.autonomous.market_cycle | universe_rejected instrument=e3af78b1-80c4-4b64-ac7f-35e3eb15bff3 ticker=DLO reason=BUY_NOT_AVAILABLE detail=
2026-08-26 21:34:07,660 | INFO | edward.autonomous.market_cycle | universe_rejected instrument=3f692296-eee8-4854-a905-019d6377961f ticker=DIAS reason=CANDLES_UNAVAILABLE detail=_get_candles() takes 2 positional arguments but 5 were given
2026-08-26 21:34:07,660 | INFO | edward.autonomous.market_cycle | universe_rejected instrument=ca3df003-d43b-4c61-850d-674e34f569a0 ticker=HE reason=BUY_NOT_AVAILABLE detail=
2026-08-26 21:34:07,660 | INFO | edward.autonomous.market_cycle | universe_rejected instrument=88468f6c-c67a-4fb4-a006-53eed803883c ticker=TATN reason=CANDLES_UNAVAILABLE detail=_get_candles() takes 2 positional arguments but 5 were given
2026-08-26 21:34:07,660 | INFO | edward.autonomous.market_cycle | universe_rejected instrument=464c9ca5-2ba5-4b66-90e2-005f30bff134 ticker=DIOD reason=CANDLES_UNAVAILABLE detail=_get_candles() takes 2 positional arguments but 5 were given
2026-08-26 21:34:07,660 | INFO | edward.autonomous.market_cycle | universe_rejected instrument=c53f1d8f-78e0-46e5-ac31-fdc08f05c8e2 ticker=HIMCP reason=CANDLES_UNAVAILABLE detail=_get_candles() takes 2 positional arguments but 5 were given
2026-08-26 21:34:07,660 | INFO | edward.autonomous.market_cycle | universe_rejected instrument=f0b4f851-2a1b-4ec9-acac-c841c4806d39 ticker=MMSI reason=BUY_NOT_AVAILABLE detail=
2026-08-26 21:34:07,660 | INFO | edward.autonomous.market_cycle | universe_rejected instrument=7e02527a-4dbe-4a85-a327-d6af2e0c70ad ticker=BL reason=BUY_NOT_AVAILABLE detail=
2026-08-26 21:34:07,660 | INFO | edward.autonomous.market_cycle | universe_rejected instrument=b4445c67-56a3-4176-ab4d-68892c6d3024 ticker=INGN reason=BUY_NOT_AVAILABLE detail=
2026-08-26 21:34:07,660 | INFO | edward.autonomous.market_cycle | universe_rejected instrument=1492462d-2561-4c12-813d-920145fd404c ticker=SIGA reason=BUY_NOT_AVAILABLE detail=
2026-08-26 21:34:07,660 | INFO | edward.autonomous.market_cycle | universe_rejected instrument=8147bc02-b4f5-49c5-b92b-8765e75a566c ticker=QRVO reason=BUY_NOT_AVAILABLE detail=
2026-08-26 21:34:07,660 | INFO | edward.autonomous.market_cycle | universe_rejected instrument=a87deb32-3912-4f53-a0fc-b27dd5376a34 ticker=BILL reason=BUY_NOT_AVAILABLE detail=
2026-08-26 21:34:07,660 | INFO | edward.autonomous.market_cycle | universe_rejected instrument=a6775a1c-14d2-4e88-bb27-a340932d6aad ticker=670 reason=BUY_NOT_AVAILABLE detail=
2026-08-26 21:34:07,660 | INFO | edward.autonomous.market_cycle | universe_rejected instrument=d882047a-7aa7-4ec6-b68f-10ec4ade87f8 ticker=IPGP reason=BUY_NOT_AVAILABLE detail=
2026-08-26 21:34:07,660 | INFO | edward.autonomous.market_cycle | universe_rejected instrument=e46c152a-e5de-4f9e-8f50-3279096f762e ticker=BMI reason=BUY_NOT_AVAILABLE detail=
2026-08-26 21:34:07,660 | INFO | edward.autonomous.market_cycle | universe_rejected instrument=9c63b2ea-f705-400c-9466-6141aaf7061a ticker=UNFI reason=BUY_NOT_AVAILABLE detail=
2026-08-26 21:34:07,660 | INFO | edward.autonomous.market_cycle | universe_rejected instrument=3911e312-4359-4a9d-98f5-422990cc44d0 ticker=STRA reason=BUY_NOT_AVAILABLE detail=
2026-08-26 21:34:07,660 | INFO | edward.autonomous.market_cycle | universe_rejected instrument=bd92a2a2-2328-4ccd-8ad4-ec23966fce20 ticker=QLYS reason=BUY_NOT_AVAILABLE detail=
2026-08-26 21:34:07,660 | INFO | edward.autonomous.market_cycle | universe_rejected instrument=44c4c8d8-a57c-4d5c-9ed8-301e493f60a0 ticker=EEFT reason=BUY_NOT_AVAILABLE detail=
2026-08-26 21:34:07,661 | INFO | edward.autonomous.market_cycle | universe_rejected instrument=b7461019-d0b2-47f2-9197-b050b619a764 ticker=TECH reason=BUY_NOT_AVAILABLE detail=
2026-08-26 21:34:07,661 | INFO | edward.autonomous.market_cycle | universe_rejected instrument=6d7dda2c-0384-43bc-ab9c-e2439b19db9f ticker=SLG reason=BUY_NOT_AVAILABLE detail=
2026-08-26 21:34:07,661 | INFO | edward.autonomous.market_cycle | universe_rejected instrument=baaabab9-b930-410f-8f36-e491748b5274 ticker=PBH reason=BUY_NOT_AVAILABLE detail=
2026-08-26 21:34:07,661 | INFO | edward.autonomous.market_cycle | universe_rejected instrument=531de08d-0b08-4c38-acfa-e75d6c607272 ticker=NU reason=BUY_NOT_AVAILABLE detail=
2026-08-26 21:34:07,661 | INFO | edward.autonomous.market_cycle | universe_rejected instrument=9a1da930-e6d7-491d-a6ec-fd26870069f2 ticker=SKIN reason=BUY_NOT_AVAILABLE detail=
2026-08-26 21:34:07,661 | INFO | edward.autonomous.market_cycle | universe_rejected instrument=88140304-a625-4173-83ac-9def0ed6e2f2 ticker=CRI reason=BUY_NOT_AVAILABLE detail=
2026-08-26 21:34:07,661 | INFO | edward.autonomous.market_cycle | universe_rejected instrument=e3e10315-c9e8-452a-9113-2f14805679ce ticker=KMEZ reason=CANDLES_UNAVAILABLE detail=_get_candles() takes 2 positional arguments but 5 were given
2026-08-26 21:34:07,661 | INFO | edward.autonomous.market_cycle | universe_rejected instrument=a257d925-305e-43e2-a9d5-1174c1190dee ticker=ZILL reason=CANDLES_UNAVAILABLE detail=_get_candles() takes 2 positional arguments but 5 were given
2026-08-26 21:34:07,661 | INFO | edward.autonomous.market_cycle | universe_rejected instrument=05cd89b6-b99d-42cc-a77c-a4e9eb84168e ticker=GRNT reason=CANDLES_UNAVAILABLE detail=_get_candles() takes 2 positional arguments but 5 were given
2026-08-26 21:34:07,661 | INFO | edward.autonomous.market_cycle | universe_rejected instrument=028676b5-103a-4ae8-9aea-103abc45fd89 ticker=XEL reason=BUY_NOT_AVAILABLE detail=
2026-08-26 21:34:07,661 | INFO | edward.autonomous.market_cycle | universe_rejected instrument=02eda274-10c4-4815-8e02-a8ee7eaf485b ticker=RTKM reason=CANDLES_UNAVAILABLE detail=_get_candles() takes 2 positional arguments but 5 were given
2026-08-26 21:34:07,661 | INFO | edward.autonomous.market_cycle | universe_rejected instrument=d964bccc-4b59-457d-9b50-92acf694a372 ticker=AGO reason=BUY_NOT_AVAILABLE detail=
2026-08-26 21:34:07,661 | INFO | edward.autonomous.market_cycle | universe_rejected instrument=7c9c53ae-6292-4d5f-bf71-c3b5ed13b94a ticker=BIO reason=BUY_NOT_AVAILABLE detail=
2026-08-26 21:34:07,661 | INFO | edward.autonomous.market_cycle | universe_rejected instrument=eb3dadc1-19fd-47e6-accd-c21aef6fd88f ticker=IOVA reason=BUY_NOT_AVAILABLE detail=
2026-08-26 21:34:07,661 | INFO | edward.autonomous.market_cycle | universe_rejected instrument=2ce7103b-d526-4c71-87be-0bd3f49a8b51 ticker=PRMD reason=CANDLES_UNAVAILABLE detail=_get_candles() takes 2 positional arguments but 5 were given
2026-08-26 21:34:07,661 | INFO | edward.autonomous.market_cycle | universe_rejected instrument=8fdda3eb-f869-468c-9c05-90677b457678 ticker=ALLY reason=BUY_NOT_AVAILABLE detail=
2026-08-26 21:34:07,661 | INFO | edward.autonomous.market_cycle | universe_rejected instrument=10ae4fe9-4114-4b94-a97f-83edd03d89e0 ticker=AMG reason=BUY_NOT_AVAILABLE detail=
2026-08-26 21:34:07,661 | INFO | edward.autonomous.market_cycle | universe_rejected instrument=c29571da-79cc-407c-8cd4-6fd5363714f1 ticker=FSLY reason=BUY_NOT_AVAILABLE detail=
2026-08-26 21:34:07,661 | INFO | edward.autonomous.market_cycle | universe_rejected instrument=41133bf9-9b9d-4d28-8864-9160b57871d1 ticker=TGKN reason=CANDLES_UNAVAILABLE detail=_get_candles() takes 2 positional arguments but 5 were given
2026-08-26 21:34:07,661 | INFO | edward.autonomous.market_cycle | universe_rejected instrument=653d47e9-dbd4-407a-a1c3-47f897df4694 ticker=TRNFP reason=CANDLES_UNAVAILABLE detail=_get_candles() takes 2 positional arguments but 5 were given
2026-08-26 21:34:07,661 | INFO | edward.autonomous.market_cycle | universe_rejected instrument=223963bb-3b20-4f70-b6b1-3ad220364f54 ticker=EXP reason=BUY_NOT_AVAILABLE detail=
2026-08-26 21:34:07,661 | INFO | edward.autonomous.market_cycle | universe_rejected instrument=e4a33396-269e-434b-bb8e-190a380d07f9 ticker=PHIN reason=BUY_NOT_AVAILABLE detail=
2026-08-26 21:34:07,661 | INFO | edward.autonomous.market_cycle | universe_rejected instrument=a684c819-5c93-4470-a332-1b505dda2d18 ticker=3898 reason=BUY_NOT_AVAILABLE detail=
2026-08-26 21:34:07,661 | INFO | edward.autonomous.market_cycle | universe_rejected instrument=7165ff7c-77a9-4ad7-9652-0302ecfa5d4c ticker=WABC reason=BUY_NOT_AVAILABLE detail=
2026-08-26 21:34:07,661 | INFO | edward.autonomous.market_cycle | universe_rejected instrument=3b2a6587-0613-439f-af50-66fdcf428e0f ticker=PEG reason=BUY_NOT_AVAILABLE detail=
2026-08-26 21:34:07,661 | INFO | edward.autonomous.market_cycle | universe_rejected instrument=d3ca6363-2082-4ed9-82f6-cc6ed52a0080 ticker=PMT reason=BUY_NOT_AVAILABLE detail=
2026-08-26 21:34:07,661 | INFO | edward.autonomous.market_cycle | universe_rejected instrument=e68aacb3-fd50-407e-ae7f-72d8c1a1b31b ticker=SYF reason=BUY_NOT_AVAILABLE detail=
2026-08-26 21:34:07,661 | INFO | edward.autonomous.market_cycle | universe_rejected instrument=aac2b935-3d94-4030-83a1-f7acdd9b05a5 ticker=DOMRF reason=CANDLES_UNAVAILABLE detail=_get_candles() takes 2 positional arguments but 5 were given
2026-08-26 21:34:07,661 | INFO | edward.autonomous.market_cycle | universe_rejected instrument=a346442c-7235-43ee-bbe0-ca2555a955c4 ticker=VLO reason=BUY_NOT_AVAILABLE detail=
2026-08-26 21:34:07,662 | INFO | edward.autonomous.market_cycle | universe_rejected instrument=f2e84e28-2630-410b-8c39-31fa3c4a4790 ticker=MOV reason=BUY_NOT_AVAILABLE detail=
2026-08-26 21:34:07,662 | INFO | edward.autonomous.market_cycle | universe_rejected instrument=46194aab-44a2-41de-bac0-f22e511573cb ticker=FTRE reason=BUY_NOT_AVAILABLE detail=
2026-08-26 21:34:07,662 | INFO | edward.autonomous.market_cycle | universe_rejected instrument=3ae1337e-0e3f-4dbd-9363-3d0d15611b4e ticker=AMBA reason=BUY_NOT_AVAILABLE detail=
2026-08-26 21:34:07,662 | INFO | edward.autonomous.market_cycle | universe_rejected instrument=779cff83-5f13-47e2-aa96-604a8772ec91 ticker=REG reason=BUY_NOT_AVAILABLE detail=
2026-08-26 21:34:07,662 | INFO | edward.autonomous.market_cycle | universe_rejected instrument=23454005-f094-40fe-b960-4e190114c7dc ticker=SAM reason=BUY_NOT_AVAILABLE detail=
2026-08-26 21:34:07,662 | INFO | edward.autonomous.market_cycle | universe_rejected instrument=c2a26771-b65f-49c7-8f73-b7143c551336 ticker=MARA reason=BUY_NOT_AVAILABLE detail=
2026-08-26 21:34:07,662 | INFO | edward.autonomous.market_cycle | universe_rejected instrument=3f19fda8-7d4a-40a7-b074-48b029823473 ticker=RL reason=BUY_NOT_AVAILABLE detail=
2026-08-26 21:34:07,663 | INFO | edward.autonomous.market_cycle | universe_rejected instrument=d8de3aca-92e5-4135-8f1d-c3d545cbc041 ticker=KRSB reason=CANDLES_UNAVAILABLE detail=_get_candles() takes 2 positional arguments but 5 were given
2026-08-26 21:34:07,663 | INFO | edward.autonomous.market_cycle | universe_rejected instrument=e79f65d6-1bd0-42c6-943e-5060bbeabc45 ticker=JNOSP reason=CANDLES_UNAVAILABLE detail=_get_candles() takes 2 positional arguments but 5 were given
2026-08-26 21:34:07,663 | INFO | edward.autonomous.market_cycle | universe_rejected instrument=a58267a8-3269-4e86-98b4-5b3241e26d08 ticker=JNJ reason=BUY_NOT_AVAILABLE detail=
2026-08-26 21:34:07,663 | INFO | edward.autonomous.market_cycle | universe_rejected instrument=98e303d0-b7af-460b-98c1-dbee70acce93 ticker=NWE reason=BUY_NOT_AVAILABLE detail=
2026-08-26 21:34:07,663 | INFO | edward.autonomous.market_cycle | universe_rejected instrument=74cb5684-433e-4084-9590-f490aeb11863 ticker=HST reason=BUY_NOT_AVAILABLE detail=
2026-08-26 21:34:07,663 | INFO | edward.autonomous.market_cycle | universe_rejected instrument=83a18339-705f-4b94-bf4c-c2e069c2734e ticker=TAP reason=BUY_NOT_AVAILABLE detail=
2026-08-26 21:34:07,663 | INFO | edward.autonomous.market_cycle | universe_rejected instrument=703e944b-d4e6-4697-bea5-844c2c8be554 ticker=TNSE reason=CANDLES_UNAVAILABLE detail=_get_candles() takes 2 positional arguments but 5 were given
2026-08-26 21:34:07,663 | INFO | edward.autonomous.market_cycle | universe_rejected instrument=874f8ec8-28ad-4118-acbb-f37b6d35147b ticker=EVH reason=BUY_NOT_AVAILABLE detail=
2026-08-26 21:34:07,663 | INFO | edward.autonomous.market_cycle | universe_rejected instrument=2d89342a-7a43-4477-847d-0f79c2d4c305 ticker=Z reason=BUY_NOT_AVAILABLE detail=
2026-08-26 21:34:07,663 | INFO | edward.autonomous.market_cycle | universe_rejected instrument=c35cfe95-ad55-44ab-84d4-2e9754bb55b4 ticker=ZVEZ reason=CANDLES_UNAVAILABLE detail=_get_candles() takes 2 positional arguments but 5 were given
2026-08-26 21:34:07,663 | INFO | edward.autonomous.market_cycle | universe_rejected instrument=d2e61962-87cc-49d8-8893-2edbe2c932f3 ticker=TTEK reason=BUY_NOT_AVAILABLE detail=
2026-08-26 21:34:07,663 | INFO | edward.autonomous.market_cycle | universe_rejected instrument=e9394eb6-0fd0-433d-b6f7-962aab54d6e1 ticker=SLVM reason=BUY_NOT_AVAILABLE detail=
2026-08-26 21:34:07,663 | INFO | edward.autonomous.market_cycle | universe_rejected instrument=165167f1-8063-458a-a495-b17555edd809 ticker=BCO reason=BUY_NOT_AVAILABLE detail=
2026-08-26 21:34:07,663 | INFO | edward.autonomous.market_cycle | universe_rejected instrument=ce40a0b2-6af1-4d97-986a-b3746e75b22e ticker=NPK reason=BUY_NOT_AVAILABLE detail=
2026-08-26 21:34:07,663 | INFO | edward.autonomous.market_cycle | universe_rejected instrument=053a0e04-b942-44c7-ac16-da097a05573b ticker=VIPS reason=BUY_NOT_AVAILABLE detail=
2026-08-26 21:34:07,663 | INFO | edward.autonomous.market_cycle | universe_rejected instrument=63b92aee-3a46-4e0b-aceb-3482bcc73432 ticker=XRAY reason=BUY_NOT_AVAILABLE detail=
2026-08-26 21:34:07,664 | INFO | edward.autonomous.market_cycle | universe_rejected instrument=0fcad73f-a12e-4354-8b10-c4be5946d0bd ticker=CE reason=BUY_NOT_AVAILABLE detail=
2026-08-26 21:34:07,664 | INFO | edward.autonomous.market_cycle | universe_rejected instrument=75bc00c6-f872-48af-ac8c-fb8fd6af4762 ticker=NXPI reason=BUY_NOT_AVAILABLE detail=
2026-08-26 21:34:07,664 | INFO | edward.autonomous.market_cycle | universe_rejected instrument=9277ab25-f4e5-4cba-8d1b-17a7640957a2 ticker=CARG reason=BUY_NOT_AVAILABLE detail=
2026-08-26 21:34:07,664 | INFO | edward.autonomous.market_cycle | universe_rejected instrument=2f120621-2337-485c-b3c7-391436873d3c ticker=AMGN reason=BUY_NOT_AVAILABLE detail=
2026-08-26 21:34:07,664 | INFO | edward.autonomous.market_cycle | universe_rejected instrument=700671c4-624e-43d0-8377-95de3956b111 ticker=NAUK reason=CANDLES_UNAVAILABLE detail=_get_candles() takes 2 positional arguments but 5 were given
2026-08-26 21:34:07,664 | INFO | edward.autonomous.market_cycle | universe_rejected instrument=1214a841-5a72-42ac-b911-5c05a7eaa48e ticker=MAGE reason=CANDLES_UNAVAILABLE detail=_get_candles() takes 2 positional arguments but 5 were given
2026-08-26 21:34:07,664 | INFO | edward.autonomous.market_cycle | universe_rejected instrument=0f446a59-c78e-44fc-8235-7b097096769a ticker=GEMA reason=CANDLES_UNAVAILABLE detail=_get_candles() takes 2 positional arguments but 5 were given
2026-08-26 21:34:07,664 | INFO | edward.autonomous.market_cycle | universe_rejected instrument=f4da07c8-dfc5-44f8-989d-c45d85027aad ticker=ZILLP reason=CANDLES_UNAVAILABLE detail=_get_candles() takes 2 positional arguments but 5 were given
2026-08-26 21:34:07,664 | INFO | edward.autonomous.market_cycle | universe_rejected instrument=c4499f6a-f176-42fe-8d94-3827abb01674 ticker=UNF reason=BUY_NOT_AVAILABLE detail=
2026-08-26 21:34:07,664 | INFO | edward.autonomous.market_cycle | universe_rejected instrument=6006ea0a-d1f9-4e6d-96bc-e76a8b9dbedb ticker=2313 reason=BUY_NOT_AVAILABLE detail=
2026-08-26 21:34:07,664 | INFO | edward.autonomous.market_cycle | universe_rejected instrument=6f5221d8-4fc5-45de-9e5d-b9f468f9aa0c ticker=AYI reason=BUY_NOT_AVAILABLE detail=
2026-08-26 21:34:07,664 | INFO | edward.autonomous.market_cycle | universe_rejected instrument=9ed63a15-3090-465b-b637-b35791b1d1d8 ticker=SU reason=BUY_NOT_AVAILABLE detail=
2026-08-26 21:34:07,664 | INFO | edward.autonomous.market_cycle | universe_rejected instrument=979dc133-753b-43ec-b9d4-ff8f2be12d52 ticker=PHM reason=BUY_NOT_AVAILABLE detail=
2026-08-26 21:34:07,664 | INFO | edward.autonomous.market_cycle | universe_rejected instrument=375211a1-f6e7-492f-91b3-fc1c86c1e1a7 ticker=VRSK reason=BUY_NOT_AVAILABLE detail=
2026-08-26 21:34:07,664 | INFO | edward.autonomous.market_cycle | universe_rejected instrument=d194fc2a-93e8-480e-a0e8-744f556098be ticker=ICFI reason=BUY_NOT_AVAILABLE detail=
2026-08-26 21:34:07,664 | INFO | edward.autonomous.market_cycle | universe_rejected instrument=9fcc2f04-471a-4f93-ae2e-a3b6fced4fba ticker=ATO reason=BUY_NOT_AVAILABLE detail=
2026-08-26 21:34:07,664 | INFO | edward.autonomous.market_cycle | universe_rejected instrument=a8d53d29-40b2-40b9-a8e3-b2b89c5e4651 ticker=INVA reason=BUY_NOT_AVAILABLE detail=
2026-08-26 21:34:07,665 | INFO | edward.autonomous.market_cycle | universe_rejected instrument=cd0b1efe-6d08-4c27-99d8-4cc880023e93 ticker=AIT reason=BUY_NOT_AVAILABLE detail=
2026-08-26 21:34:07,665 | INFO | edward.autonomous.market_cycle | universe_rejected instrument=b41065c3-ea33-4cab-9a8e-cf42cb3f7848 ticker=DVN reason=BUY_NOT_AVAILABLE detail=
2026-08-26 21:34:07,665 | INFO | edward.autonomous.market_cycle | universe_rejected instrument=f75198ce-e14b-4b21-88b4-ced2daaca848 ticker=ARWR reason=BUY_NOT_AVAILABLE detail=
2026-08-26 21:34:07,665 | INFO | edward.autonomous.market_cycle | universe_rejected instrument=9b9a584e-448f-40da-9ba8-353b44ad697a ticker=RAGR reason=CANDLES_UNAVAILABLE detail=_get_candles() takes 2 positional arguments but 5 were given
2026-08-26 21:34:07,665 | INFO | edward.autonomous.market_cycle | universe_rejected instrument=f3626626-1462-4272-b30a-6a75148ff749 ticker=BSY reason=BUY_NOT_AVAILABLE detail=
2026-08-26 21:34:07,665 | INFO | edward.autonomous.market_cycle | universe_rejected instrument=38c24b07-c012-4037-bf3c-e82ad42a53c7 ticker=CNXN reason=BUY_NOT_AVAILABLE detail=
2026-08-26 21:34:07,665 | INFO | edward.autonomous.market_cycle | universe_rejected instrument=53b4b551-3e33-4fa6-b6e1-9d6319f075ce ticker=LNN reason=BUY_NOT_AVAILABLE detail=
2026-08-26 21:34:07,665 | INFO | edward.autonomous.market_cycle | universe_rejected instrument=edc6b309-746d-4697-9752-b7697b0ba38a ticker=SVETP reason=CANDLES_UNAVAILABLE detail=_get_candles() takes 2 positional arguments but 5 were given
2026-08-26 21:34:07,665 | INFO | edward.autonomous.market_cycle | universe_rejected instrument=beeed44f-313b-4b8f-930a-00bfd8eec530 ticker=NATL reason=BUY_NOT_AVAILABLE detail=
2026-08-26 21:34:07,665 | INFO | edward.autonomous.market_cycle | universe_rejected instrument=5e9a2391-ae69-4991-b54a-52f02e20a5d8 ticker=MAN reason=BUY_NOT_AVAILABLE detail=
2026-08-26 21:34:07,665 | INFO | edward.autonomous.market_cycle | universe_rejected instrument=578506fc-187d-488c-a10e-2651530da4b9 ticker=ASSB reason=CANDLES_UNAVAILABLE detail=_get_candles() takes 2 positional arguments but 5 were given
2026-08-26 21:34:07,665 | INFO | edward.autonomous.market_cycle | universe_rejected instrument=402bb116-e10c-4bcf-90c7-d80a244ae8f6 ticker=PYPL reason=BUY_NOT_AVAILABLE detail=
2026-08-26 21:34:07,665 | INFO | edward.autonomous.market_cycle | universe_rejected instrument=753fea7a-d51d-4a1f-ab13-75f98d184cec ticker=KTOS reason=BUY_NOT_AVAILABLE detail=
2026-08-26 21:34:07,665 | INFO | edward.autonomous.market_cycle | universe_rejected instrument=704497a1-c90f-47c6-b957-9cd551ede0d8 ticker=1113 reason=BUY_NOT_AVAILABLE detail=
2026-08-26 21:34:07,665 | INFO | edward.autonomous.market_cycle | universe_rejected instrument=de592b07-c3e1-45f1-8b5d-85ad66052b98 ticker=VALE reason=BUY_NOT_AVAILABLE detail=
2026-08-26 21:34:07,665 | INFO | edward.autonomous.market_cycle | universe_rejected instrument=76558b5d-9875-4c92-82ca-44f2d0b39e1b ticker=LVHK reason=CANDLES_UNAVAILABLE detail=_get_candles() takes 2 positional arguments but 5 were given
2026-08-26 21:34:07,665 | INFO | edward.autonomous.market_cycle | universe_rejected instrument=5a01f55e-7e54-4e0d-b331-f2ececf0892b ticker=TRU reason=BUY_NOT_AVAILABLE detail=
2026-08-26 21:34:07,665 | INFO | edward.autonomous.market_cycle | universe_rejected instrument=c0f504e8-605b-4f6f-b511-6f76edc10598 ticker=6865 reason=BUY_NOT_AVAILABLE detail=
2026-08-26 21:34:07,665 | INFO | edward.autonomous.market_cycle | universe_rejected instrument=ace316bc-106f-4bec-8f41-23f04c955519 ticker=SO reason=BUY_NOT_AVAILABLE detail=
2026-08-26 21:34:07,665 | INFO | edward.autonomous.market_cycle | universe_rejected instrument=c69f7d38-a9b4-46e8-b4eb-15cc953d5887 ticker=FORM reason=BUY_NOT_AVAILABLE detail=
2026-08-26 21:34:07,665 | INFO | edward.autonomous.market_cycle | universe_rejected instrument=c41a88b1-dbba-4a7e-b086-f75fd76e2ab0 ticker=TFII reason=BUY_NOT_AVAILABLE detail=
2026-08-26 21:34:07,665 | INFO | edward.autonomous.market_cycle | universe_rejected instrument=1f1deb22-135e-4e1a-ae5b-bd3df68185ed ticker=DOCU reason=BUY_NOT_AVAILABLE detail=
2026-08-26 21:34:07,665 | INFO | edward.autonomous.market_cycle | universe_rejected instrument=b7ed7ac7-721c-49ec-9c5a-b8ff82688ccc ticker=288 reason=BUY_NOT_AVAILABLE detail=
2026-08-26 21:34:07,665 | INFO | edward.autonomous.market_cycle | universe_rejected instrument=f14568bd-2280-41c3-a78a-05c2f3336a75 ticker=AVGO reason=BUY_NOT_AVAILABLE detail=
2026-08-26 21:34:07,665 | INFO | edward.autonomous.market_cycle | universe_rejected instrument=5b63d40c-37d4-43da-9cfa-76352c006f32 ticker=VPG reason=BUY_NOT_AVAILABLE detail=
2026-08-26 21:34:07,665 | INFO | edward.autonomous.market_cycle | universe_rejected instrument=e9c1d825-56b5-44d0-b7c6-ad8969946d21 ticker=LLY reason=BUY_NOT_AVAILABLE detail=
2026-08-26 21:34:07,666 | INFO | edward.autonomous.market_cycle | universe_rejected instrument=567e69bc-93f3-4379-ae77-a7237852aa2d ticker=6862 reason=BUY_NOT_AVAILABLE detail=
2026-08-26 21:34:07,666 | INFO | edward.autonomous.market_cycle | universe_rejected instrument=231e5e27-9956-47e7-ad50-6e802e4a92ed ticker=GCHE reason=CANDLES_UNAVAILABLE detail=_get_candles() takes 2 positional arguments but 5 were given
2026-08-26 21:34:07,666 | INFO | edward.autonomous.market_cycle | universe_rejected instrument=208041c9-606f-45fa-abee-2a21936b4260 ticker=9866 reason=BUY_NOT_AVAILABLE detail=
2026-08-26 21:34:07,666 | INFO | edward.autonomous.market_cycle | universe_rejected instrument=40fd2ca2-3019-46b7-912e-d4eb15e1958c ticker=INSM reason=BUY_NOT_AVAILABLE detail=
2026-08-26 21:34:07,666 | INFO | edward.autonomous.market_cycle | universe_rejected instrument=17017bf0-ed5c-47be-8fae-c0cedbfabe32 ticker=UWGN reason=CANDLES_UNAVAILABLE detail=_get_candles() takes 2 positional arguments but 5 were given
2026-08-26 21:34:07,666 | INFO | edward.autonomous.market_cycle | universe_rejected instrument=1c250e76-9c13-4ccd-8d05-a9707c2f1602 ticker=GNL reason=BUY_NOT_AVAILABLE detail=
2026-08-26 21:34:07,666 | INFO | edward.autonomous.market_cycle | universe_rejected instrument=a56d4032-7188-4a98-9d7c-3e59c203c40a ticker=FULC reason=BUY_NOT_AVAILABLE detail=
2026-08-26 21:34:07,666 | INFO | edward.autonomous.market_cycle | universe_rejected instrument=d61f5ab1-ec03-4dc8-9f10-2f746b0a20c1 ticker=TASBP reason=CANDLES_UNAVAILABLE detail=_get_candles() takes 2 positional arguments but 5 were given
2026-08-26 21:34:07,666 | INFO | edward.autonomous.market_cycle | universe_rejected instrument=cc54fe32-a3cd-4ec9-b21b-6038b6f6a522 ticker=KO reason=BUY_NOT_AVAILABLE detail=
2026-08-26 21:34:07,666 | INFO | edward.autonomous.market_cycle | universe_rejected instrument=bf341bb3-db3d-43fe-b844-b934a24828ef ticker=ANAB reason=BUY_NOT_AVAILABLE detail=
2026-08-26 21:34:07,666 | INFO | edward.autonomous.market_cycle | universe_rejected instrument=b7828902-f5bd-4811-b8f8-072535e7d7fe ticker=SCI reason=BUY_NOT_AVAILABLE detail=
2026-08-26 21:34:07,666 | INFO | edward.autonomous.market_cycle | universe_rejected instrument=4ea5c068-177a-4a49-af39-264b09283031 ticker=FNF reason=BUY_NOT_AVAILABLE detail=
2026-08-26 21:34:07,666 | INFO | edward.autonomous.market_cycle | universe_rejected instrument=a797f14a-8513-4b84-b15e-a3b98dc4cc00 ticker=SNGSP reason=CANDLES_UNAVAILABLE detail=_get_candles() takes 2 positional arguments but 5 were given
2026-08-26 21:34:07,666 | INFO | edward.autonomous.market_cycle | universe_rejected instrument=32822b7c-b13c-45df-b1af-cb6e3d676399 ticker=VJGZ reason=CANDLES_UNAVAILABLE detail=_get_candles() takes 2 positional arguments but 5 were given
2026-08-26 21:34:07,666 | INFO | edward.autonomous.market_cycle | universe_rejected instrument=8cd190aa-5005-4773-8722-1b8f4c0eb805 ticker=NEE reason=BUY_NOT_AVAILABLE detail=
2026-08-26 21:34:07,666 | INFO | edward.autonomous.market_cycle | universe_rejected instrument=0e2412d4-2b57-46e7-a8b8-408c9fec6bc9 ticker=1 reason=BUY_NOT_AVAILABLE detail=
2026-08-26 21:34:07,666 | INFO | edward.autonomous.market_cycle | universe_rejected instrument=9c97818e-9402-492a-8d3f-f450f666e5ea ticker=NVCR reason=BUY_NOT_AVAILABLE detail=
2026-08-26 21:34:07,666 | INFO | edward.autonomous.market_cycle | universe_rejected instrument=514906ad-ddb8-4b57-977b-4c5a2694daed ticker=PCTY reason=BUY_NOT_AVAILABLE detail=
2026-08-26 21:34:07,666 | INFO | edward.autonomous.market_cycle | universe_rejected instrument=7eaba6f8-0e15-452a-b3a5-eb66989b72a4 ticker=EVR reason=BUY_NOT_AVAILABLE detail=
2026-08-26 21:34:07,666 | INFO | edward.autonomous.market_cycle | universe_rejected instrument=990503c7-b824-46ed-b173-abde34337aef ticker=MYGN reason=BUY_NOT_AVAILABLE detail=
2026-08-26 21:34:07,666 | INFO | edward.autonomous.market_cycle | universe_rejected instrument=4dd2b835-fc57-446d-a3d3-ffc8e9400d47 ticker=TFX reason=BUY_NOT_AVAILABLE detail=
2026-08-26 21:34:07,666 | INFO | edward.autonomous.market_cycle | universe_rejected instrument=d9462ade-6d53-4a67-b224-f09437c4813b ticker=APO reason=BUY_NOT_AVAILABLE detail=
2026-08-26 21:34:07,666 | INFO | edward.autonomous.market_cycle | universe_rejected instrument=f60cad71-6365-4264-9cd5-ef9ee6966ff1 ticker=EXAS reason=BUY_NOT_AVAILABLE detail=
2026-08-26 21:34:07,666 | INFO | edward.autonomous.market_cycle | universe_rejected instrument=53fff1be-7e14-4846-a6fb-4afe825d5b64 ticker=TXG reason=BUY_NOT_AVAILABLE detail=
2026-08-26 21:34:07,667 | INFO | edward.autonomous.market_cycle | universe_rejected instrument=10f0c1f2-2433-48b4-a64f-33e33356a096 ticker=SHLS reason=BUY_NOT_AVAILABLE detail=
2026-08-26 21:34:07,667 | INFO | edward.autonomous.market_cycle | universe_rejected instrument=89fc0889-a263-449c-bd49-6cb4ef892f49 ticker=FHI reason=BUY_NOT_AVAILABLE detail=
2026-08-26 21:34:07,667 | INFO | edward.autonomous.market_cycle | universe_rejected instrument=155632eb-0ba7-4b84-91dc-a69319f01722 ticker=DAVA reason=BUY_NOT_AVAILABLE detail=
2026-08-26 21:34:07,667 | INFO | edward.autonomous.market_cycle | universe_rejected instrument=b8d98389-2565-4792-838e-18e20a0a4cda ticker=MPW reason=BUY_NOT_AVAILABLE detail=
2026-08-26 21:34:07,667 | INFO | edward.autonomous.market_cycle | universe_rejected instrument=f72fdb53-533f-4dba-91e8-c476807be0a6 ticker=VEEV reason=BUY_NOT_AVAILABLE detail=
2026-08-26 21:34:07,667 | INFO | edward.autonomous.market_cycle | universe_rejected instrument=ba9d4bbe-ea29-4ad3-a617-159cc97a03bd ticker=CNK reason=BUY_NOT_AVAILABLE detail=
2026-08-26 21:34:07,667 | INFO | edward.autonomous.market_cycle | universe_rejected instrument=d2d2c267-132c-412d-b2c0-f61b2dba7136 ticker=KEP reason=BUY_NOT_AVAILABLE detail=
2026-08-26 21:34:07,667 | INFO | edward.autonomous.market_cycle | universe_rejected instrument=5a6c9d26-10db-4a21-9c0e-2b7b063c69f8 ticker=BRZL reason=CANDLES_UNAVAILABLE detail=_get_candles() takes 2 positional arguments but 5 were given
2026-08-26 21:34:07,667 | INFO | edward.autonomous.market_cycle | universe_rejected instrument=8be64b53-a46b-451c-8152-1c871f122d5b ticker=FIXR reason=CANDLES_UNAVAILABLE detail=_get_candles() takes 2 positional arguments but 5 were given
2026-08-26 21:34:07,667 | INFO | edward.autonomous.market_cycle | universe_rejected instrument=5cf6d141-80bd-4759-9ff5-0ba4d3ac6183 ticker=SHAK reason=BUY_NOT_AVAILABLE detail=
2026-08-26 21:34:07,667 | INFO | edward.autonomous.market_cycle | universe_rejected instrument=3f427652-92cc-47c8-bd1d-c398d0dc79b4 ticker=UPST reason=BUY_NOT_AVAILABLE detail=
2026-08-26 21:34:07,667 | INFO | edward.autonomous.market_cycle | universe_rejected instrument=1afe8f14-7dbe-4ccf-bae2-d9825a21d668 ticker=ORCL reason=BUY_NOT_AVAILABLE detail=
2026-08-26 21:34:07,667 | INFO | edward.autonomous.market_cycle | universe_rejected instrument=395f918d-a737-4a2c-abd7-9be21a41f9a0 ticker=SIRI reason=BUY_NOT_AVAILABLE detail=
2026-08-26 21:34:07,667 | INFO | edward.autonomous.market_cycle | universe_rejected instrument=49e5d238-cdab-403b-968b-b8a4a2c3f7fe ticker=KRG reason=BUY_NOT_AVAILABLE detail=
2026-08-26 21:34:07,667 | INFO | edward.autonomous.market_cycle | universe_rejected instrument=7fad3575-99ca-4b36-807c-9c7c37e64b29 ticker=NKNC reason=CANDLES_UNAVAILABLE detail=_get_candles() takes 2 positional arguments but 5 were given
2026-08-26 21:34:07,667 | INFO | edward.autonomous.market_cycle | universe_rejected instrument=a9638a11-cd79-4eab-8122-f5f3621d1c3a ticker=PTON reason=BUY_NOT_AVAILABLE detail=
2026-08-26 21:34:07,667 | INFO | edward.autonomous.market_cycle | universe_rejected instrument=60adda90-990a-4783-a6dd-c40416bbcf25 ticker=MGPI reason=BUY_NOT_AVAILABLE detail=
2026-08-26 21:34:07,667 | INFO | edward.autonomous.market_cycle | universe_rejected instrument=da59253b-2f58-44de-8f1c-258829c22084 ticker=GNTX reason=BUY_NOT_AVAILABLE detail=
2026-08-26 21:34:07,667 | INFO | edward.autonomous.market_cycle | universe_rejected instrument=3c899002-e8f5-42fd-b617-4bc2f31e6767 ticker=VRSB reason=CANDLES_UNAVAILABLE detail=_get_candles() takes 2 positional arguments but 5 were given
2026-08-26 21:34:07,667 | INFO | edward.autonomous.market_cycle | universe_rejected instrument=015c53af-aa9f-474b-bf1d-1f81f835bdda ticker=MDU reason=BUY_NOT_AVAILABLE detail=
2026-08-26 21:34:07,667 | INFO | edward.autonomous.market_cycle | universe_rejected instrument=92cb6df8-51ea-46be-8f04-310c1406a89f ticker=MSEX reason=BUY_NOT_AVAILABLE detail=
2026-08-26 21:34:07,667 | INFO | edward.autonomous.market_cycle | universe_rejected instrument=8d83880d-722a-45cd-b4e3-1a7c95112ed5 ticker=RDRB reason=CANDLES_UNAVAILABLE detail=_get_candles() takes 2 positional arguments but 5 were given
2026-08-26 21:34:07,667 | INFO | edward.autonomous.market_cycle | universe_rejected instrument=8fe5e946-5b2f-4315-adae-acd1e450bbc8 ticker=EHTH reason=BUY_NOT_AVAILABLE detail=
2026-08-26 21:34:07,668 | INFO | edward.autonomous.market_cycle | universe_rejected instrument=abbe8e73-5d15-4da3-9ecd-ddabac4a7fc7 ticker=CLOV reason=BUY_NOT_AVAILABLE detail=
2026-08-26 21:34:07,668 | INFO | edward.autonomous.market_cycle | universe_rejected instrument=3ea6bb34-acf8-49fd-a8aa-d8003eb071aa ticker=AMN reason=BUY_NOT_AVAILABLE detail=
2026-08-26 21:34:07,668 | INFO | edward.autonomous.market_cycle | universe_rejected instrument=77621016-54c8-4b9c-80e8-1ac72f3710d8 ticker=CRSR reason=BUY_NOT_AVAILABLE detail=
2026-08-26 21:34:07,668 | INFO | edward.autonomous.market_cycle | universe_rejected instrument=bab8e187-bb3a-436a-b9e1-b34ae2d9297e ticker=168 reason=BUY_NOT_AVAILABLE detail=
2026-08-26 21:34:07,668 | INFO | edward.autonomous.market_cycle | universe_rejected instrument=82d0de0b-b669-47d1-b343-1e2067845405 ticker=1024 reason=BUY_NOT_AVAILABLE detail=
2026-08-26 21:34:07,668 | INFO | edward.autonomous.market_cycle | universe_rejected instrument=55a5f966-580c-420a-8336-1a2db416cbed ticker=RF reason=BUY_NOT_AVAILABLE detail=
2026-08-26 21:34:07,668 | INFO | edward.autonomous.market_cycle | universe_rejected instrument=1037b19b-46f4-4ebf-bb87-53401f8d2148 ticker=MRSB reason=CANDLES_UNAVAILABLE detail=_get_candles() takes 2 positional arguments but 5 were given
2026-08-26 21:34:07,668 | INFO | edward.autonomous.market_cycle | universe_rejected instrument=076dd425-5cf4-4a17-9c18-2cbd5b5b6d51 ticker=VRTS reason=BUY_NOT_AVAILABLE detail=
2026-08-26 21:34:07,668 | INFO | edward.autonomous.market_cycle | universe_rejected instrument=7ddba077-6194-4319-b740-6bd8453245f5 ticker=DOCN reason=BUY_NOT_AVAILABLE detail=
2026-08-26 21:34:07,668 | INFO | edward.autonomous.market_cycle | universe_rejected instrument=63adf337-f799-4989-8f5b-85c2501564d0 ticker=KIM reason=BUY_NOT_AVAILABLE detail=
2026-08-26 21:34:07,668 | INFO | edward.autonomous.market_cycle | universe_rejected instrument=88d562c8-7814-4227-aeff-a1f24b3df477 ticker=1398 reason=BUY_NOT_AVAILABLE detail=
2026-08-26 21:34:07,668 | INFO | edward.autonomous.market_cycle | universe_rejected instrument=e89ae1f4-527e-488c-bdba-816505b411dd ticker=EOG reason=BUY_NOT_AVAILABLE detail=
2026-08-26 21:34:07,668 | INFO | edward.autonomous.market_cycle | universe_rejected instrument=d54e4c52-00ba-4a0d-8e85-d8c23e036db7 ticker=CSX reason=BUY_NOT_AVAILABLE detail=
2026-08-26 21:34:07,668 | INFO | edward.autonomous.market_cycle | universe_rejected instrument=459a1a0a-0253-465a-bd4e-afaaf5e670b0 ticker=MBNK reason=CANDLES_UNAVAILABLE detail=_get_candles() takes 2 positional arguments but 5 were given
2026-08-26 21:34:07,668 | INFO | edward.autonomous.market_cycle | universe_rejected instrument=3ce5ff17-2f20-4732-88a9-d91ee31ddf98 ticker=PPC reason=BUY_NOT_AVAILABLE detail=
2026-08-26 21:34:07,668 | INFO | edward.autonomous.market_cycle | universe_rejected instrument=662610fc-27f6-432e-98fb-16f897076596 ticker=PEGA reason=BUY_NOT_AVAILABLE detail=
2026-08-26 21:34:07,668 | INFO | edward.autonomous.market_cycle | universe_rejected instrument=c7dd0c33-c71a-471c-a6ac-12d8e73e3c6d ticker=PTCT reason=BUY_NOT_AVAILABLE detail=
2026-08-26 21:34:07,668 | INFO | edward.autonomous.market_cycle | universe_rejected instrument=52f144a2-67f9-4d9f-bba2-1825821a4182 ticker=BJRI reason=BUY_NOT_AVAILABLE detail=
2026-08-26 21:34:07,668 | INFO | edward.autonomous.market_cycle | universe_rejected instrument=5e1c2634-afc4-4e50-ad6d-f78fc14a539a ticker=MOEX reason=CANDLES_UNAVAILABLE detail=_get_candles() takes 2 positional arguments but 5 were given
2026-08-26 21:34:07,668 | INFO | edward.autonomous.market_cycle | universe_rejected instrument=7e13d581-bbbf-41bb-89c9-e2c4a85a9bde ticker=NFAZ reason=CANDLES_UNAVAILABLE detail=_get_candles() takes 2 positional arguments but 5 were given
2026-08-26 21:34:07,668 | INFO | edward.autonomous.market_cycle | universe_rejected instrument=a6f69dff-54f0-4329-831f-f058b53024fb ticker=PAAS reason=BUY_NOT_AVAILABLE detail=
2026-08-26 21:34:07,668 | INFO | edward.autonomous.market_cycle | universe_rejected instrument=f830b587-f31a-4c7f-b155-d619c4a8aac1 ticker=ETR reason=BUY_NOT_AVAILABLE detail=
2026-08-26 21:34:07,668 | INFO | edward.autonomous.market_cycle | universe_rejected instrument=3e3299a7-0465-415b-b8b0-7bbed35c08d7 ticker=HRMY reason=BUY_NOT_AVAILABLE detail=
2026-08-26 21:34:07,668 | INFO | edward.autonomous.market_cycle | universe_rejected instrument=a0f782ac-4923-4738-bd83-0312dc4ccf60 ticker=MATX reason=BUY_NOT_AVAILABLE detail=
2026-08-26 21:34:07,668 | INFO | edward.autonomous.market_cycle | universe_rejected instrument=14eabb09-0942-412f-a7b1-ab649d7906dd ticker=SONY reason=BUY_NOT_AVAILABLE detail=
2026-08-26 21:34:07,668 | INFO | edward.autonomous.market_cycle | universe_rejected instrument=d621bdf9-d174-4dd9-9539-e32c4ca014eb ticker=ROG reason=BUY_NOT_AVAILABLE detail=
2026-08-26 21:34:07,669 | INFO | edward.autonomous.market_cycle | universe_rejected instrument=d0122939-4562-4622-97f9-8c26fbd3cd30 ticker=FE reason=BUY_NOT_AVAILABLE detail=
2026-08-26 21:34:07,669 | INFO | edward.autonomous.market_cycle | universe_rejected instrument=813fac1c-eb17-4ccb-9ec3-72a80814fc85 ticker=SLEN reason=CANDLES_UNAVAILABLE detail=_get_candles() takes 2 positional arguments but 5 were given
2026-08-26 21:34:07,669 | INFO | edward.autonomous.market_cycle | universe_rejected instrument=7a12723a-1973-4e5e-9c30-316f9f0c0fb8 ticker=1093 reason=BUY_NOT_AVAILABLE detail=
2026-08-26 21:34:07,669 | INFO | edward.autonomous.market_cycle | universe_rejected instrument=c0f86015-faf4-4518-b1ba-77c04af8cacf ticker=MTX reason=BUY_NOT_AVAILABLE detail=
2026-08-26 21:34:07,669 | INFO | edward.autonomous.market_cycle | universe_rejected instrument=5a41a553-6f56-4c94-b3dd-6f5afbeceb6d ticker=SSTK reason=BUY_NOT_AVAILABLE detail=
2026-08-26 21:34:07,669 | INFO | edward.autonomous.market_cycle | universe_rejected instrument=2aa61a72-969c-4921-bbea-2acfce07699f ticker=836 reason=BUY_NOT_AVAILABLE detail=
2026-08-26 21:34:07,669 | INFO | edward.autonomous.market_cycle | universe_rejected instrument=5545b4e2-2e2b-46b4-aa60-e3e3e0b9748b ticker=LASR reason=BUY_NOT_AVAILABLE detail=
2026-08-26 21:34:07,669 | INFO | edward.autonomous.market_cycle | universe_rejected instrument=dee65e6a-939c-4d5c-a98d-b0cc0bc93e87 ticker=TYL reason=BUY_NOT_AVAILABLE detail=
2026-08-26 21:34:07,669 | INFO | edward.autonomous.market_cycle | universe_rejected instrument=1db9e96b-c87c-4ce3-92e1-9fb4e87e6c3c ticker=1177 reason=BUY_NOT_AVAILABLE detail=
2026-08-26 21:34:07,669 | INFO | edward.autonomous.market_cycle | universe_rejected instrument=6b63b7b3-c9ed-4f93-8024-3d2752e9f70b ticker=GLOB reason=BUY_NOT_AVAILABLE detail=
2026-08-26 21:34:07,669 | INFO | edward.autonomous.market_cycle | universe_rejected instrument=806938cd-172e-477f-b00c-c8e731cfafa7 ticker=VRSBP reason=CANDLES_UNAVAILABLE detail=_get_candles() takes 2 positional arguments but 5 were given
2026-08-26 21:34:07,669 | INFO | edward.autonomous.market_cycle | universe_rejected instrument=4f132fe4-3623-4423-aef0-2bcc8f55b339 ticker=BOKF reason=BUY_NOT_AVAILABLE detail=
2026-08-26 21:34:07,669 | INFO | edward.autonomous.market_cycle | universe_rejected instrument=20fa4093-13fd-46db-be82-1bcbf4654752 ticker=OKTA reason=BUY_NOT_AVAILABLE detail=
2026-08-26 21:34:07,669 | INFO | edward.autonomous.market_cycle | universe_rejected instrument=ff1995ba-0f2d-4abf-83f5-99ce6dbef9b9 ticker=CVS reason=BUY_NOT_AVAILABLE detail=
2026-08-26 21:34:07,669 | INFO | edward.autonomous.market_cycle | universe_rejected instrument=e7f6c5a3-d2f9-40f5-9138-21ad53a984a2 ticker=THO reason=BUY_NOT_AVAILABLE detail=
2026-08-26 21:34:07,670 | INFO | edward.autonomous.market_cycle | universe_rejected instrument=c38c0c1b-2848-42f0-b934-b163fe05618c ticker=LSPD reason=BUY_NOT_AVAILABLE detail=
2026-08-26 21:34:07,670 | INFO | edward.autonomous.market_cycle | universe_rejected instrument=1b7c8a46-43e5-4ef1-866f-6971e5fa024f ticker=MTRN reason=BUY_NOT_AVAILABLE detail=
2026-08-26 21:34:07,670 | INFO | edward.autonomous.market_cycle | universe_rejected instrument=cdd8e2d5-0afd-451a-9599-abf89bd7f9b2 ticker=FNKO reason=BUY_NOT_AVAILABLE detail=
2026-08-26 21:34:07,670 | INFO | edward.autonomous.market_cycle | universe_rejected instrument=d22bb0c6-dda7-4578-9fd1-41e6b9250e8b ticker=IRDM reason=BUY_NOT_AVAILABLE detail=
2026-08-26 21:34:07,670 | INFO | edward.autonomous.market_cycle | universe_rejected instrument=ad75ea59-b663-4912-88b4-e835d1738f41 ticker=FVRR reason=BUY_NOT_AVAILABLE detail=
2026-08-26 21:34:07,670 | INFO | edward.autonomous.market_cycle | universe_rejected instrument=8c12ede4-4af7-46f3-b782-910e51a46162 ticker=LSTR reason=BUY_NOT_AVAILABLE detail=
2026-08-26 21:34:07,670 | INFO | edward.autonomous.market_cycle | universe_rejected instrument=4a3b4f77-80a3-444c-81d2-0f0d492da156 ticker=9868 reason=BUY_NOT_AVAILABLE detail=
2026-08-26 21:34:07,670 | INFO | edward.autonomous.market_cycle | universe_rejected instrument=98110cd3-d529-4157-9857-3f25eefd21b0 ticker=CLF reason=BUY_NOT_AVAILABLE detail=
2026-08-26 21:34:07,670 | INFO | edward.autonomous.market_cycle | universe_rejected instrument=b24fa6a8-b700-4afb-8e24-2c7ed5e4888e ticker=NOMP reason=CANDLES_UNAVAILABLE detail=_get_candles() takes 2 positional arguments but 5 were given
2026-08-26 21:34:07,670 | INFO | edward.autonomous.market_cycle | universe_rejected instrument=f82e76d3-a694-4d81-81d6-8185221f768b ticker=FTI reason=BUY_NOT_AVAILABLE detail=
2026-08-26 21:34:07,670 | INFO | edward.autonomous.market_cycle | universe_rejected instrument=64b76b4e-9763-4b67-a3e0-3bebb6a1db51 ticker=DELL reason=BUY_NOT_AVAILABLE detail=
2026-08-26 21:34:07,670 | INFO | edward.autonomous.market_cycle | universe_rejected instrument=5bccee90-710e-4d90-9b17-a817a44337ae ticker=MO reason=BUY_NOT_AVAILABLE detail=
2026-08-26 21:34:07,670 | INFO | edward.autonomous.market_cycle | universe_rejected instrument=e58eec43-da4f-45bb-98e2-1bdb8d1bc6ff ticker=VEON reason=BUY_NOT_AVAILABLE detail=
2026-08-26 21:34:07,670 | INFO | edward.autonomous.market_cycle | universe_rejected instrument=486c4cc6-da42-4ba0-bc48-57f576f896ac ticker=CAR reason=BUY_NOT_AVAILABLE detail=
2026-08-26 21:34:07,670 | INFO | edward.autonomous.market_cycle | universe_rejected instrument=47dc97ff-5e1d-451e-bdbc-9e2fc1660a77 ticker=HPE reason=BUY_NOT_AVAILABLE detail=
2026-08-26 21:34:07,670 | INFO | edward.autonomous.market_cycle | universe_rejected instrument=3240b205-4718-47d2-8650-8bdc89533fd8 ticker=KAZTP reason=CANDLES_UNAVAILABLE detail=_get_candles() takes 2 positional arguments but 5 were given
2026-08-26 21:34:07,670 | INFO | edward.autonomous.market_cycle | universe_rejected instrument=0ca05f04-f10c-4716-884c-c524262fb385 ticker=PTC reason=BUY_NOT_AVAILABLE detail=
2026-08-26 21:34:07,670 | INFO | edward.autonomous.market_cycle | universe_rejected instrument=d55ece6d-0910-413c-a4ca-68a4e3aced45 ticker=HASI reason=BUY_NOT_AVAILABLE detail=
2026-08-26 21:34:07,670 | INFO | edward.autonomous.market_cycle | universe_rejected instrument=39386b2d-a1fe-41f4-a9c5-cf905c415554 ticker=OFIX reason=BUY_NOT_AVAILABLE detail=
2026-08-26 21:34:07,670 | INFO | edward.autonomous.market_cycle | universe_rejected instrument=2a8c75d8-ec0b-40d6-9854-b1554f61d69d ticker=ELVR reason=BUY_NOT_AVAILABLE detail=
2026-08-26 21:34:07,670 | INFO | edward.autonomous.market_cycle | universe_rejected instrument=c3d7c0ac-4006-440e-b5f9-506ae50ccf10 ticker=PAR reason=BUY_NOT_AVAILABLE detail=
2026-08-26 21:34:07,670 | INFO | edward.autonomous.market_cycle | universe_rejected instrument=5eb9aa7d-4613-4cc2-9ead-828daf639f82 ticker=CRM reason=BUY_NOT_AVAILABLE detail=
2026-08-26 21:34:07,670 | INFO | edward.autonomous.market_cycle | universe_rejected instrument=1f1562dd-700a-41cb-94f9-9174f5f9a36d ticker=ALV reason=BUY_NOT_AVAILABLE detail=
2026-08-26 21:34:07,670 | INFO | edward.autonomous.market_cycle | universe_rejected instrument=8b1a8025-c15f-409a-964d-3afb90e0390d ticker=ARQT reason=BUY_NOT_AVAILABLE detail=
2026-08-26 21:34:07,670 | INFO | edward.autonomous.market_cycle | universe_rejected instrument=98db0be7-2554-4e21-843e-a9edf8c62db4 ticker=LEVI reason=BUY_NOT_AVAILABLE detail=
2026-08-26 21:34:07,670 | INFO | edward.autonomous.market_cycle | universe_rejected instrument=e0813db3-78bc-49ea-a7d8-5ee11d193652 ticker=ACI reason=BUY_NOT_AVAILABLE detail=
2026-08-26 21:34:07,671 | INFO | edward.autonomous.market_cycle | universe_rejected instrument=9ec09704-0912-4ab8-9ebf-3fdad6fd3944 ticker=URKZ reason=CANDLES_UNAVAILABLE detail=_get_candles() takes 2 positional arguments but 5 were given
2026-08-26 21:34:07,671 | INFO | edward.autonomous.market_cycle | universe_rejected instrument=a4d239b3-f2ab-4bea-abe7-b7913615f51a ticker=FFIV reason=BUY_NOT_AVAILABLE detail=
2026-08-26 21:34:07,671 | INFO | edward.autonomous.market_cycle | universe_rejected instrument=7718d61e-a655-44d9-8ade-bc63fbe194fa ticker=TXRH reason=BUY_NOT_AVAILABLE detail=
2026-08-26 21:34:07,671 | INFO | edward.autonomous.market_cycle | universe_rejected instrument=f489df3f-d977-4fc9-a3cc-56244a490a00 ticker=ADAP reason=BUY_NOT_AVAILABLE detail=
2026-08-26 21:34:07,671 | INFO | edward.autonomous.market_cycle | universe_rejected instrument=f27e948e-c7af-4ac6-a57e-7217bd150881 ticker=CCI reason=BUY_NOT_AVAILABLE detail=
2026-08-26 21:34:07,671 | INFO | edward.autonomous.market_cycle | universe_rejected instrument=bb94fa35-ccf0-43c9-a40b-deef1a1dd11a ticker=VTRS reason=BUY_NOT_AVAILABLE detail=
2026-08-26 21:34:07,671 | INFO | edward.autonomous.market_cycle | universe_rejected instrument=6bffd7f3-4c01-495b-9a4d-e1f8c9e1774f ticker=STSBP reason=CANDLES_UNAVAILABLE detail=_get_candles() takes 2 positional arguments but 5 were given
2026-08-26 21:34:07,671 | INFO | edward.autonomous.market_cycle | universe_rejected instrument=cf8ff8e3-56b0-4efa-ba66-0de4c21a5633 ticker=H reason=BUY_NOT_AVAILABLE detail=
2026-08-26 21:34:07,671 | INFO | edward.autonomous.market_cycle | universe_rejected instrument=ce027388-8052-48d0-b9ab-6f06675a4bb1 ticker=VTR reason=BUY_NOT_AVAILABLE detail=
2026-08-26 21:34:07,671 | INFO | edward.autonomous.market_cycle | universe_rejected instrument=1ffe1bff-d7b7-4b04-b482-34dc9cc0a4ba ticker=SNGS reason=CANDLES_UNAVAILABLE detail=_get_candles() takes 2 positional arguments but 5 were given
2026-08-26 21:34:07,671 | INFO | edward.autonomous.market_cycle | universe_rejected instrument=f8d89d4b-ccfd-4b19-be43-f2aaf58a9192 ticker=VET reason=BUY_NOT_AVAILABLE detail=
2026-08-26 21:34:07,671 | INFO | edward.autonomous.market_cycle | universe_rejected instrument=55551bab-4209-4c92-ab18-c5e0638e47dc ticker=9995 reason=BUY_NOT_AVAILABLE detail=
2026-08-26 21:34:07,671 | INFO | edward.autonomous.market_cycle | universe_rejected instrument=fea9c0f9-fb0f-43d4-829c-f2726ba8634d ticker=1038 reason=BUY_NOT_AVAILABLE detail=
2026-08-26 21:34:07,671 | INFO | edward.autonomous.market_cycle | universe_rejected instrument=d6b366b0-7e84-493a-b291-47eb717b1c8d ticker=SFIX reason=BUY_NOT_AVAILABLE detail=
2026-08-26 21:34:07,671 | INFO | edward.autonomous.market_cycle | universe_rejected instrument=45609688-b63e-42dd-88a0-9d30c423c5e5 ticker=TGKBP reason=CANDLES_UNAVAILABLE detail=_get_candles() takes 2 positional arguments but 5 were given
2026-08-26 21:34:07,671 | INFO | edward.autonomous.market_cycle | universe_rejected instrument=ee25aa8d-57d0-4fce-93cb-8c4f1dd082fb ticker=WING reason=BUY_NOT_AVAILABLE detail=
2026-08-26 21:34:07,671 | INFO | edward.autonomous.market_cycle | universe_rejected instrument=03d5e771-fc10-438e-8892-85a40733612d ticker=PIKK reason=CANDLES_UNAVAILABLE detail=_get_candles() takes 2 positional arguments but 5 were given
2026-08-26 21:34:07,671 | INFO | edward.autonomous.market_cycle | universe_rejected instrument=ae3e5ded-e01f-4bbe-b1dd-4a31e0a20f21 ticker=NUS reason=BUY_NOT_AVAILABLE detail=
2026-08-26 21:34:07,671 | INFO | edward.autonomous.market_cycle | universe_rejected instrument=bd977e65-6813-4ed0-ad3f-92d3863b977c ticker=DE reason=BUY_NOT_AVAILABLE detail=
2026-08-26 21:34:07,671 | INFO | edward.autonomous.market_cycle | universe_rejected instrument=fd417230-19cf-4e7b-9623-f7c9ca18ec6b ticker=ROSN reason=CANDLES_UNAVAILABLE detail=_get_candles() takes 2 positional arguments but 5 were given
2026-08-26 21:34:07,671 | INFO | edward.autonomous.market_cycle | universe_rejected instrument=a60cdba1-1254-481f-8d4c-a6d6503a59e5 ticker=LOGC reason=BUY_NOT_AVAILABLE detail=
2026-08-26 21:34:07,671 | INFO | edward.autonomous.market_cycle | universe_rejected instrument=07dfb855-4004-4c0b-bc35-3ffca6452a65 ticker=WU reason=BUY_NOT_AVAILABLE detail=
2026-08-26 21:34:07,671 | INFO | edward.autonomous.market_cycle | universe_rejected instrument=00357e59-b217-4f1c-a378-25ffa39abc39 ticker=PNW reason=BUY_NOT_AVAILABLE detail=
2026-08-26 21:34:07,671 | INFO | edward.autonomous.market_cycle | universe_rejected instrument=02b2ea14-3c4b-47e8-9548-45a8dbcc8f8a ticker=EUTR reason=CANDLES_UNAVAILABLE detail=_get_candles() takes 2 positional arguments but 5 were given
2026-08-26 21:34:07,671 | INFO | edward.autonomous.market_cycle | universe_rejected instrument=fa8bfbd5-1263-43ac-8f02-7e48c43294f3 ticker=CELH reason=BUY_NOT_AVAILABLE detail=
2026-08-26 21:34:07,672 | INFO | edward.autonomous.market_cycle | universe_rejected instrument=3312721e-308c-4623-b099-30ad94022ee7 ticker=OLLI reason=BUY_NOT_AVAILABLE detail=
2026-08-26 21:34:07,672 | INFO | edward.autonomous.market_cycle | universe_rejected instrument=3d006da6-4d93-48a5-850d-a0e1367aa022 ticker=2688 reason=BUY_NOT_AVAILABLE detail=
2026-08-26 21:34:07,672 | INFO | edward.autonomous.market_cycle | universe_rejected instrument=f472b7eb-53fb-4f23-af47-a11c67704dd4 ticker=SWKS reason=BUY_NOT_AVAILABLE detail=
2026-08-26 21:34:07,672 | INFO | edward.autonomous.market_cycle | universe_rejected instrument=68eef4b1-831c-4522-a8e6-f9e156ce4181 ticker=1801 reason=BUY_NOT_AVAILABLE detail=
2026-08-26 21:34:07,672 | INFO | edward.autonomous.market_cycle | universe_rejected instrument=29e0cefd-c2c9-4474-8cbc-19458659ec87 ticker=PLAY reason=BUY_NOT_AVAILABLE detail=
2026-08-26 21:34:07,672 | INFO | edward.autonomous.market_cycle | universe_rejected instrument=5c977f1a-01fd-436f-a42a-775d5645bf44 ticker=WOR reason=BUY_NOT_AVAILABLE detail=
2026-08-26 21:34:07,672 | INFO | edward.autonomous.market_cycle | universe_rejected instrument=1b64e38a-49ad-4f4d-a4d3-b34184899352 ticker=MRKU reason=CANDLES_UNAVAILABLE detail=_get_candles() takes 2 positional arguments but 5 were given
2026-08-26 21:34:07,672 | INFO | edward.autonomous.market_cycle | universe_rejected instrument=4da41ecc-8155-49cd-abb3-fba5475d6af1 ticker=CLH reason=BUY_NOT_AVAILABLE detail=
2026-08-26 21:34:07,672 | INFO | edward.autonomous.market_cycle | universe_rejected instrument=b2501db8-231e-4707-b780-48b1b9f6f97f ticker=AD reason=BUY_NOT_AVAILABLE detail=
2026-08-26 21:34:07,672 | INFO | edward.autonomous.market_cycle | universe_rejected instrument=ea0d750b-618c-4055-93c1-8f004813bb8b ticker=OABI reason=BUY_NOT_AVAILABLE detail=
2026-08-26 21:34:07,672 | INFO | edward.autonomous.market_cycle | universe_rejected instrument=ff015b04-3306-41dd-a215-58ca3ad18785 ticker=SJM reason=BUY_NOT_AVAILABLE detail=
2026-08-26 21:34:07,672 | INFO | edward.autonomous.market_cycle | universe_rejected instrument=859c1f7d-9e9c-43db-9897-c8ab90acdb1e ticker=IRTC reason=BUY_NOT_AVAILABLE detail=
2026-08-26 21:34:07,672 | INFO | edward.autonomous.market_cycle | universe_rejected instrument=2a95c6cf-a60d-4509-9f59-a14e43e464ea ticker=PII reason=BUY_NOT_AVAILABLE detail=
2026-08-26 21:34:07,672 | INFO | edward.autonomous.market_cycle | universe_rejected instrument=27463077-1391-41ca-9f67-65fe975f096b ticker=APP reason=BUY_NOT_AVAILABLE detail=
2026-08-26 21:34:07,672 | INFO | edward.autonomous.market_cycle | universe_rejected instrument=20b3b78f-c8b9-46a8-b2a2-216b9b452375 ticker=NEOG reason=BUY_NOT_AVAILABLE detail=
2026-08-26 21:34:07,672 | INFO | edward.autonomous.market_cycle | universe_rejected instrument=83140036-4e5c-4097-8ef3-fa65d036655b ticker=PFE reason=BUY_NOT_AVAILABLE detail=
2026-08-26 21:34:07,672 | INFO | edward.autonomous.market_cycle | universe_rejected instrument=83067af0-46f8-4e1c-82f0-c1a76ddf0643 ticker=TREX reason=BUY_NOT_AVAILABLE detail=
2026-08-26 21:34:07,672 | INFO | edward.autonomous.market_cycle | universe_rejected instrument=6af3177b-42d2-4cdc-b3c4-dfc2e89ce035 ticker=ZLAB reason=BUY_NOT_AVAILABLE detail=
2026-08-26 21:34:07,672 | INFO | edward.autonomous.market_cycle | universe_rejected instrument=f285be28-19e9-4cf7-84e5-70364c74d153 ticker=MTH reason=BUY_NOT_AVAILABLE detail=
2026-08-26 21:34:07,672 | INFO | edward.autonomous.market_cycle | universe_rejected instrument=8d8a90dc-3610-40a9-abe1-190dc86d38e0 ticker=CHH reason=BUY_NOT_AVAILABLE detail=
2026-08-26 21:34:07,672 | INFO | edward.autonomous.market_cycle | universe_rejected instrument=6d10cc83-be0b-4728-aaf7-9b2288c9505f ticker=MNST reason=BUY_NOT_AVAILABLE detail=
2026-08-26 21:34:07,672 | INFO | edward.autonomous.market_cycle | universe_rejected instrument=7599c161-6a6d-4ea5-9ed7-49a2c6eb3aac ticker=BLKB reason=BUY_NOT_AVAILABLE detail=
2026-08-26 21:34:07,672 | INFO | edward.autonomous.market_cycle | universe_rejected instrument=1739bf91-8c2c-4d05-b940-af62626e58a9 ticker=RXO reason=BUY_NOT_AVAILABLE detail=
2026-08-26 21:34:07,672 | INFO | edward.autonomous.market_cycle | universe_rejected instrument=73ae976a-1495-4b1b-95d1-315bad4cde65 ticker=TW reason=BUY_NOT_AVAILABLE detail=
2026-08-26 21:34:07,672 | INFO | edward.autonomous.market_cycle | universe_rejected instrument=06ad22f0-93e5-46ec-974b-e68fd7e28c54 ticker=FLS reason=BUY_NOT_AVAILABLE detail=
2026-08-26 21:34:07,672 | INFO | edward.autonomous.market_cycle | universe_rejected instrument=34eae9bc-77bb-4071-bb3f-e965b8e0acea ticker=GAP reason=BUY_NOT_AVAILABLE detail=
2026-08-26 21:34:07,672 | INFO | edward.autonomous.market_cycle | universe_rejected instrument=6bf39162-3705-457d-bd82-b58c6f553cfb ticker=CPS reason=BUY_NOT_AVAILABLE detail=
2026-08-26 21:34:07,673 | INFO | edward.autonomous.market_cycle | universe_rejected instrument=865d183d-f5be-4a59-93c8-565026d54eba ticker=CLDT reason=BUY_NOT_AVAILABLE detail=
2026-08-26 21:34:07,673 | INFO | edward.autonomous.market_cycle | universe_rejected instrument=8da2e866-68a3-4bfb-bd5e-1dd57e76a5e2 ticker=CYTK reason=BUY_NOT_AVAILABLE detail=
2026-08-26 21:34:07,673 | INFO | edward.autonomous.market_cycle | universe_rejected instrument=62582a1d-dd77-49bd-a987-492209b98593 ticker=APA reason=BUY_NOT_AVAILABLE detail=
2026-08-26 21:34:07,673 | INFO | edward.autonomous.market_cycle | universe_rejected instrument=fee48b9a-9fcd-4360-9922-ae5ac9bd68d1 ticker=SWX reason=BUY_NOT_AVAILABLE detail=
2026-08-26 21:34:07,673 | INFO | edward.autonomous.market_cycle | universe_rejected instrument=899e9f29-37fb-498d-b95a-4675903476af ticker=LPL reason=BUY_NOT_AVAILABLE detail=
2026-08-26 21:34:07,673 | INFO | edward.autonomous.market_cycle | universe_rejected instrument=233111aa-3fd4-4158-8ec5-992d14433577 ticker=CAG reason=BUY_NOT_AVAILABLE detail=
2026-08-26 21:34:07,673 | INFO | edward.autonomous.market_cycle | universe_rejected instrument=a92c574c-2a9b-4a6c-a4a5-dec9e629f3c3 ticker=MAR reason=BUY_NOT_AVAILABLE detail=
2026-08-26 21:34:07,673 | INFO | edward.autonomous.market_cycle | universe_rejected instrument=e2bd2eba-75de-4127-b39c-2f2dbe3866c3 ticker=ENPG reason=CANDLES_UNAVAILABLE detail=_get_candles() takes 2 positional arguments but 5 were given
2026-08-26 21:34:07,673 | INFO | edward.autonomous.market_cycle | universe_rejected instrument=0a256a49-cfcc-49f9-94f1-fcb691366a47 ticker=CHCO reason=BUY_NOT_AVAILABLE detail=
2026-08-26 21:34:07,673 | INFO | edward.autonomous.market_cycle | universe_rejected instrument=599719fb-06a3-411b-a42b-26c485548b56 ticker=ALEC reason=BUY_NOT_AVAILABLE detail=
2026-08-26 21:34:07,673 | INFO | edward.autonomous.market_cycle | universe_rejected instrument=f015a033-c615-4d98-9e10-069f986fb67c ticker=CR reason=BUY_NOT_AVAILABLE detail=
2026-08-26 21:34:07,673 | INFO | edward.autonomous.market_cycle | universe_rejected instrument=9e6870c2-47dd-4c31-a6c3-9979111d0b45 ticker=AVIR reason=BUY_NOT_AVAILABLE detail=
2026-08-26 21:34:07,673 | INFO | edward.autonomous.market_cycle | universe_rejected instrument=de34184c-ad4e-4c60-b6ab-8573867eb9c9 ticker=GVA reason=BUY_NOT_AVAILABLE detail=
2026-08-26 21:34:07,673 | INFO | edward.autonomous.market_cycle | universe_rejected instrument=3f9c80e0-eac0-4339-a531-767ea1fdee90 ticker=GILD reason=BUY_NOT_AVAILABLE detail=
2026-08-26 21:34:07,673 | INFO | edward.autonomous.market_cycle | universe_rejected instrument=e99298f3-08d6-4b9b-bc13-7a816db35000 ticker=WCN reason=BUY_NOT_AVAILABLE detail=
2026-08-26 21:34:07,673 | INFO | edward.autonomous.market_cycle | universe_rejected instrument=9813c12f-e802-41bf-97f5-13528ce5c4ab ticker=TBCH reason=BUY_NOT_AVAILABLE detail=
2026-08-26 21:34:07,673 | INFO | edward.autonomous.market_cycle | universe_rejected instrument=4b01855a-2788-49b2-9564-9e9f4f2c7cb4 ticker=BR reason=BUY_NOT_AVAILABLE detail=
2026-08-26 21:34:07,673 | INFO | edward.autonomous.market_cycle | universe_rejected instrument=f757c5a8-1e88-48b4-8aed-d91e4c6454c8 ticker=ON reason=BUY_NOT_AVAILABLE detail=
2026-08-26 21:34:07,673 | INFO | edward.autonomous.market_cycle | universe_rejected instrument=aa206b90-0e39-4adc-b7c0-e0ad3cf4b78b ticker=TSCO reason=BUY_NOT_AVAILABLE detail=
2026-08-26 21:34:07,673 | INFO | edward.autonomous.market_cycle | universe_rejected instrument=983a4734-c054-4990-b36d-e0270c1fbaa8 ticker=GXO reason=BUY_NOT_AVAILABLE detail=
2026-08-26 21:34:07,673 | INFO | edward.autonomous.market_cycle | universe_rejected instrument=adb467c5-3140-488e-9875-0273e9a5ec5b ticker=VXRT reason=BUY_NOT_AVAILABLE detail=
2026-08-26 21:34:07,673 | INFO | edward.autonomous.market_cycle | universe_rejected instrument=d84ace73-4691-42e1-8e82-c4e5b828d422 ticker=HAIN reason=BUY_NOT_AVAILABLE detail=
2026-08-26 21:34:07,673 | INFO | edward.autonomous.market_cycle | universe_rejected instrument=65901692-f902-4a8f-908e-8eaf8e897a47 ticker=338 reason=BUY_NOT_AVAILABLE detail=
2026-08-26 21:34:07,673 | INFO | edward.autonomous.market_cycle | universe_rejected instrument=5e86dca3-b642-438e-b7a5-bbdc6cc421ea ticker=SYNH reason=BUY_NOT_AVAILABLE detail=
2026-08-26 21:34:07,673 | INFO | edward.autonomous.market_cycle | universe_rejected instrument=87db07bc-0e02-4e29-90bb-05e8ef791d7b ticker=T reason=CANDLES_UNAVAILABLE detail=_get_candles() takes 2 positional arguments but 5 were given
2026-08-26 21:34:07,673 | INFO | edward.autonomous.market_cycle | universe_rejected instrument=e0e1ee47-d3e6-43d9-9755-44dcc18ab271 ticker=UFOSP reason=CANDLES_UNAVAILABLE detail=_get_candles() takes 2 positional arguments but 5 were given
2026-08-26 21:34:07,673 | INFO | edward.autonomous.market_cycle | universe_rejected instrument=8e95378f-2b8b-4980-a0db-bacf4d108946 ticker=KMG@KT reason=BUY_NOT_AVAILABLE detail=
2026-08-26 21:34:07,673 | INFO | edward.autonomous.market_cycle | universe_rejected instrument=cf55659b-cad3-4b83-9eba-70040b591b6b ticker=NTAP reason=BUY_NOT_AVAILABLE detail=
2026-08-26 21:34:07,674 | INFO | edward.autonomous.market_cycle | universe_rejected instrument=8ec4edb6-b779-4e3c-9146-b11210174d51 ticker=MRKV reason=CANDLES_UNAVAILABLE detail=_get_candles() takes 2 positional arguments but 5 were given
2026-08-26 21:34:07,674 | INFO | edward.autonomous.market_cycle | universe_rejected instrument=19dfb3f6-2222-4eb4-93b6-f2500aa97e82 ticker=WMT reason=BUY_NOT_AVAILABLE detail=
2026-08-26 21:34:07,674 | INFO | edward.autonomous.market_cycle | universe_rejected instrument=2eac2aaa-6812-42d0-a26c-5ef6fd8c4152 ticker=PAY reason=BUY_NOT_AVAILABLE detail=
2026-08-26 21:34:07,674 | INFO | edward.autonomous.market_cycle | universe_rejected instrument=f11a7a6d-c64c-4636-8887-38b113c4aeac ticker=NEM reason=BUY_NOT_AVAILABLE detail=
2026-08-26 21:34:07,674 | INFO | edward.autonomous.market_cycle | universe_rejected instrument=c0578cba-2246-4ef4-9a79-8c16f79f9867 ticker=MIDD reason=BUY_NOT_AVAILABLE detail=
2026-08-26 21:34:07,674 | INFO | edward.autonomous.market_cycle | universe_rejected instrument=7ef55cb6-ba62-41e4-9a6e-3ce0af90966a ticker=TKO reason=BUY_NOT_AVAILABLE detail=
2026-08-26 21:34:07,674 | INFO | edward.autonomous.market_cycle | universe_rejected instrument=ba43ef10-3510-4b2d-81a8-3444f4fffe81 ticker=AI reason=BUY_NOT_AVAILABLE detail=
2026-08-26 21:34:07,674 | INFO | edward.autonomous.market_cycle | universe_rejected instrument=63f904e2-0073-4b51-93b0-0cffd3c1775c ticker=WTFC reason=BUY_NOT_AVAILABLE detail=
2026-08-26 21:34:07,674 | INFO | edward.autonomous.market_cycle | universe_rejected instrument=4a88f7fc-707b-4204-892d-0d62c4a8b784 ticker=COLD reason=BUY_NOT_AVAILABLE detail=
2026-08-26 21:34:07,674 | INFO | edward.autonomous.market_cycle | universe_rejected instrument=1e601efe-8be2-4138-9e1b-4f2255d57d55 ticker=XP reason=BUY_NOT_AVAILABLE detail=
2026-08-26 21:34:07,674 | INFO | edward.autonomous.market_cycle | universe_rejected instrument=7295862b-4b30-49fd-ac94-f7b4fe953200 ticker=BDC reason=BUY_NOT_AVAILABLE detail=
2026-08-26 21:34:07,674 | INFO | edward.autonomous.market_cycle | universe_rejected instrument=84244d4a-db01-41ca-ab4e-16404ec469e6 ticker=PPL reason=BUY_NOT_AVAILABLE detail=
2026-08-26 21:34:07,674 | INFO | edward.autonomous.market_cycle | universe_rejected instrument=b16dd33a-ce8d-4e11-93cf-cec5c9d7ee5b ticker=VRNS reason=BUY_NOT_AVAILABLE detail=
2026-08-26 21:34:07,674 | INFO | edward.autonomous.market_cycle | universe_rejected instrument=2f720aaf-1eff-4fda-8846-71d73ab31b15 ticker=IVZ reason=BUY_NOT_AVAILABLE detail=
2026-08-26 21:34:07,674 | INFO | edward.autonomous.market_cycle | universe_rejected instrument=c05fd0a1-0c8e-4bc3-bf9e-43e364d278ef ticker=CNTL reason=CANDLES_UNAVAILABLE detail=_get_candles() takes 2 positional arguments but 5 were given
2026-08-26 21:34:07,674 | INFO | edward.autonomous.market_cycle | universe_rejected instrument=b2dac10b-73ef-42b3-bf4b-253a31f34c30 ticker=ATEX reason=BUY_NOT_AVAILABLE detail=
2026-08-26 21:34:07,674 | INFO | edward.autonomous.market_cycle | universe_rejected instrument=0c26e224-0871-4880-b4d9-c0ae1888a7ff ticker=QDEL reason=BUY_NOT_AVAILABLE detail=
2026-08-26 21:34:07,674 | INFO | edward.autonomous.market_cycle | universe_rejected instrument=767d153b-1328-431b-a696-36ddb4d732ad ticker=IBP reason=BUY_NOT_AVAILABLE detail=
2026-08-26 21:34:07,674 | INFO | edward.autonomous.market_cycle | universe_rejected instrument=45c61b12-b947-49a5-9bed-34118666f34f ticker=IART reason=BUY_NOT_AVAILABLE detail=
2026-08-26 21:34:07,674 | INFO | edward.autonomous.market_cycle | universe_rejected instrument=5cf38516-d519-4481-ae1e-39165023abd8 ticker=CGNX reason=BUY_NOT_AVAILABLE detail=
2026-08-26 21:34:07,674 | INFO | edward.autonomous.market_cycle | universe_rejected instrument=408681c7-a337-4100-8c8f-9e81adb9f248 ticker=FRT reason=BUY_NOT_AVAILABLE detail=
2026-08-26 21:34:07,674 | INFO | edward.autonomous.market_cycle | universe_rejected instrument=1a41ac1d-6f8d-4606-aac9-a47d5c320a0c ticker=BGS reason=BUY_NOT_AVAILABLE detail=
2026-08-26 21:34:07,674 | INFO | edward.autonomous.market_cycle | universe_rejected instrument=ca53d953-03da-4e7a-acfe-52f480f219f0 ticker=PRGS reason=BUY_NOT_AVAILABLE detail=
2026-08-26 21:34:07,674 | INFO | edward.autonomous.market_cycle | universe_rejected instrument=538a1b13-df23-4449-8302-e8adbc25daf4 ticker=VSEH reason=CANDLES_UNAVAILABLE detail=_get_candles() takes 2 positional arguments but 5 were given
2026-08-26 21:34:07,674 | INFO | edward.autonomous.market_cycle | universe_rejected instrument=7df3cb41-e122-4b46-bab2-b7b0ceff0050 ticker=AMP reason=BUY_NOT_AVAILABLE detail=
2026-08-26 21:34:07,674 | INFO | edward.autonomous.market_cycle | universe_rejected instrument=c3746fd5-ac02-419a-8893-827775cfb2c8 ticker=SVAV reason=CANDLES_UNAVAILABLE detail=_get_candles() takes 2 positional arguments but 5 were given
2026-08-26 21:34:07,674 | INFO | edward.autonomous.market_cycle | universe_rejected instrument=957f70a3-a208-4cca-b776-0729eb7f4189 ticker=PRG reason=BUY_NOT_AVAILABLE detail=
2026-08-26 21:34:07,674 | INFO | edward.autonomous.market_cycle | universe_rejected instrument=49b8a647-e740-4c29-b390-4d1d6829d13a ticker=MRKK reason=CANDLES_UNAVAILABLE detail=_get_candles() takes 2 positional arguments but 5 were given
2026-08-26 21:34:07,674 | INFO | edward.autonomous.market_cycle | universe_rejected instrument=63ffc24f-478b-48f7-8ff8-4dc059a2ca4a ticker=PPG reason=BUY_NOT_AVAILABLE detail=
2026-08-26 21:34:07,675 | INFO | edward.autonomous.market_cycle | universe_rejected instrument=ea3d51d8-0cbe-401b-b45d-04fc15f8e224 ticker=RDN reason=BUY_NOT_AVAILABLE detail=
2026-08-26 21:34:07,675 | INFO | edward.autonomous.market_cycle | universe_rejected instrument=c3067706-941f-4009-ae27-fee588104ace ticker=SPGI reason=BUY_NOT_AVAILABLE detail=
2026-08-26 21:34:07,675 | INFO | edward.autonomous.market_cycle | universe_rejected instrument=a009fdf5-473f-45cc-b61c-8a2e03c16942 ticker=UNP reason=BUY_NOT_AVAILABLE detail=
2026-08-26 21:34:07,675 | INFO | edward.autonomous.market_cycle | universe_rejected instrument=1bfb3c03-e3bd-45ff-b154-eb15fd1c21ee ticker=SITM reason=BUY_NOT_AVAILABLE detail=
2026-08-26 21:34:07,675 | INFO | edward.autonomous.market_cycle | universe_rejected instrument=7d224bcd-2a1c-42b9-989f-f2c0223abd98 ticker=ZM reason=BUY_NOT_AVAILABLE detail=
2026-08-26 21:34:07,675 | INFO | edward.autonomous.market_cycle | universe_rejected instrument=ce7152d3-6880-4826-a151-ad8aad6f2f87 ticker=POWI reason=BUY_NOT_AVAILABLE detail=
2026-08-26 21:34:07,675 | INFO | edward.autonomous.market_cycle | universe_rejected instrument=7487832e-1b51-4184-82bf-a3c13794007a ticker=TM reason=BUY_NOT_AVAILABLE detail=
2026-08-26 21:34:07,675 | INFO | edward.autonomous.market_cycle | universe_rejected instrument=5034bb88-f025-4df6-9135-de014012780f ticker=SPNS reason=BUY_NOT_AVAILABLE detail=
2026-08-26 21:34:07,675 | INFO | edward.autonomous.market_cycle | universe_rejected instrument=c961e321-503a-442c-8c4a-5dce95d75513 ticker=KRKOP reason=CANDLES_UNAVAILABLE detail=_get_candles() takes 2 positional arguments but 5 were given
2026-08-26 21:34:07,675 | INFO | edward.autonomous.market_cycle | universe_rejected instrument=61aa2324-21ab-4c0f-95b0-ebf3aea48ccb ticker=ASH reason=BUY_NOT_AVAILABLE detail=
2026-08-26 21:34:07,675 | INFO | edward.autonomous.market_cycle | universe_rejected instrument=db04fd2d-6743-4251-965b-771bbfd89da6 ticker=ET reason=BUY_NOT_AVAILABLE detail=
2026-08-26 21:34:07,675 | INFO | edward.autonomous.market_cycle | universe_rejected instrument=123af942-701d-4915-81f7-3b3308af9b3f ticker=CWT reason=BUY_NOT_AVAILABLE detail=
2026-08-26 21:34:07,675 | INFO | edward.autonomous.market_cycle | universe_rejected instrument=6a77a82e-090b-4727-9e2e-37e87e85f13a ticker=EBS reason=BUY_NOT_AVAILABLE detail=
2026-08-26 21:34:07,675 | INFO | edward.autonomous.market_cycle | universe_rejected instrument=1aa31aef-a428-4870-978b-dea39a643f19 ticker=CPT reason=BUY_NOT_AVAILABLE detail=
2026-08-26 21:34:07,675 | INFO | edward.autonomous.market_cycle | universe_rejected instrument=29c393c5-f44d-4c1f-985e-045312bc9d27 ticker=HOLX reason=BUY_NOT_AVAILABLE detail=
2026-08-26 21:34:07,675 | INFO | edward.autonomous.market_cycle | universe_rejected instrument=eabb7843-c817-431a-bd58-7b61ce308ece ticker=FRPT reason=BUY_NOT_AVAILABLE detail=
2026-08-26 21:34:07,675 | INFO | edward.autonomous.market_cycle | universe_rejected instrument=7fe509ac-6dd4-4bba-a6d7-fb9c15f42a71 ticker=NI reason=BUY_NOT_AVAILABLE detail=
2026-08-26 21:34:07,675 | INFO | edward.autonomous.market_cycle | universe_rejected instrument=6eb93fe9-2880-4d68-b592-03656214edd7 ticker=CXW reason=BUY_NOT_AVAILABLE detail=
2026-08-26 21:34:07,675 | INFO | edward.autonomous.market_cycle | universe_rejected instrument=2175ee18-b95c-4065-b8f6-050b94f625cd ticker=SSB reason=BUY_NOT_AVAILABLE detail=
2026-08-26 21:34:07,675 | INFO | edward.autonomous.market_cycle | universe_rejected instrument=3ae9a139-8b3e-4294-ba37-a638e5b69a29 ticker=DIOD reason=BUY_NOT_AVAILABLE detail=
2026-08-26 21:34:07,675 | INFO | edward.autonomous.market_cycle | universe_rejected instrument=1b887725-2aac-4a2c-8fef-3260e954e478 ticker=ZTS reason=BUY_NOT_AVAILABLE detail=
2026-08-26 21:34:07,675 | INFO | edward.autonomous.market_cycle | universe_rejected instrument=f8f1de0d-5a5f-47e9-8ecb-00bec8f8351f ticker=KMAZ reason=CANDLES_UNAVAILABLE detail=_get_candles() takes 2 positional arguments but 5 were given
2026-08-26 21:34:07,675 | INFO | edward.autonomous.market_cycle | universe_rejected instrument=05ec2e16-a92c-4df8-ae8f-97f03ddfc531 ticker=AEM reason=BUY_NOT_AVAILABLE detail=
2026-08-26 21:34:07,675 | INFO | edward.autonomous.market_cycle | universe_rejected instrument=7988db29-7ae8-4280-8c49-ac532004b8d5 ticker=BRBR reason=BUY_NOT_AVAILABLE detail=
2026-08-26 21:34:07,675 | INFO | edward.autonomous.market_cycle | universe_rejected instrument=879b2e35-edfb-42f4-baa0-8a00cf1edaac ticker=KUZB reason=CANDLES_UNAVAILABLE detail=_get_candles() takes 2 positional arguments but 5 were given
2026-08-26 21:34:07,675 | INFO | edward.autonomous.market_cycle | universe_rejected instrument=a6121478-943f-4eae-bc2a-bab5c771dd4a ticker=KZOS reason=CANDLES_UNAVAILABLE detail=_get_candles() takes 2 positional arguments but 5 were given
2026-08-26 21:34:07,675 | INFO | edward.autonomous.market_cycle | universe_rejected instrument=464234b9-ca68-4d95-9e24-9010c9ca43a1 ticker=SKM reason=BUY_NOT_AVAILABLE detail=
2026-08-26 21:34:07,675 | INFO | edward.autonomous.market_cycle | universe_rejected instrument=1121b8a1-cfc7-475b-9653-0058d710ab9b ticker=PEP reason=BUY_NOT_AVAILABLE detail=
2026-08-26 21:34:07,675 | INFO | edward.autonomous.market_cycle | universe_rejected instrument=6ab11226-1c9f-4580-a0e7-caebb652e13b ticker=NFKS reason=TRADING_NOT_AVAILABLE detail=SECURITY_TRADING_STATUS_NOT_AVAILABLE_FOR_TRADING
2026-08-26 21:34:07,675 | INFO | edward.autonomous.market_cycle | universe_rejected instrument=4638b474-0bde-4542-a695-3e1575830f96 ticker=DLTH reason=BUY_NOT_AVAILABLE detail=
2026-08-26 21:34:07,676 | INFO | edward.autonomous.market_cycle | universe_rejected instrument=5d8b9330-c564-4c81-a6a6-b0159fd8fc76 ticker=RRX reason=BUY_NOT_AVAILABLE detail=
2026-08-26 21:34:07,676 | INFO | edward.autonomous.market_cycle | universe_rejected instrument=61ba1b2d-4a82-4518-8965-d32aba768f0d ticker=AIR reason=BUY_NOT_AVAILABLE detail=
2026-08-26 21:34:07,676 | INFO | edward.autonomous.market_cycle | universe_rejected instrument=05c7b8b3-0b13-4bae-b91b-54e7860c5c8f ticker=SGMO reason=BUY_NOT_AVAILABLE detail=
2026-08-26 21:34:07,676 | INFO | edward.autonomous.market_cycle | universe_rejected instrument=6b1118ca-afc3-4786-8843-6cf2bc7d02d7 ticker=CMI reason=BUY_NOT_AVAILABLE detail=
2026-08-26 21:34:07,676 | INFO | edward.autonomous.market_cycle | universe_rejected instrument=21b85476-9718-4b49-989d-95e9d28ed008 ticker=MHO reason=BUY_NOT_AVAILABLE detail=
2026-08-26 21:34:07,676 | INFO | edward.autonomous.market_cycle | universe_rejected instrument=0a17c9f7-ab1e-417b-9a19-b11c55566abe ticker=VMI reason=BUY_NOT_AVAILABLE detail=
2026-08-26 21:34:07,676 | INFO | edward.autonomous.market_cycle | universe_rejected instrument=a9a3b127-916b-4fbf-b06a-b2afe07da9f0 ticker=ABBV reason=BUY_NOT_AVAILABLE detail=
2026-08-26 21:34:07,676 | INFO | edward.autonomous.market_cycle | universe_rejected instrument=c98fa71a-3742-4da7-be9a-1dba9c52faf6 ticker=LEA reason=BUY_NOT_AVAILABLE detail=
2026-08-26 21:34:07,676 | INFO | edward.autonomous.market_cycle | universe_rejected instrument=eca949c2-9969-4a20-a5e8-33e3432feab0 ticker=ZWS reason=BUY_NOT_AVAILABLE detail=
2026-08-26 21:34:07,676 | INFO | edward.autonomous.market_cycle | universe_rejected instrument=bcb9a977-715b-41f2-acd0-8543825df9c6 ticker=OGE reason=BUY_NOT_AVAILABLE detail=
2026-08-26 21:34:07,676 | INFO | edward.autonomous.market_cycle | universe_rejected instrument=93e0d4c6-45c9-4399-9e0b-dc2f2ff101c7 ticker=ELFV reason=CANDLES_UNAVAILABLE detail=_get_candles() takes 2 positional arguments but 5 were given
2026-08-26 21:34:07,676 | INFO | edward.autonomous.market_cycle | universe_rejected instrument=b2017e8e-f2aa-4bac-8993-c26613cd787f ticker=9992 reason=BUY_NOT_AVAILABLE detail=
2026-08-26 21:34:07,676 | INFO | edward.autonomous.market_cycle | universe_rejected instrument=55dacb71-3deb-45b5-9040-27f838415cf8 ticker=PENN reason=BUY_NOT_AVAILABLE detail=
2026-08-26 21:34:07,676 | INFO | edward.autonomous.market_cycle | universe_rejected instrument=7044920e-2ea9-4126-a359-4d3a9fba3c70 ticker=WFC reason=BUY_NOT_AVAILABLE detail=
2026-08-26 21:34:07,676 | INFO | edward.autonomous.market_cycle | universe_rejected instrument=9f808970-0956-4a6f-8d4c-d9290d06b3b7 ticker=AGCO reason=BUY_NOT_AVAILABLE detail=
2026-08-26 21:34:07,676 | INFO | edward.autonomous.market_cycle | universe_rejected instrument=c52641ee-c14c-40a4-93b9-6f6ee335d646 ticker=HXL reason=BUY_NOT_AVAILABLE detail=
2026-08-26 21:34:07,676 | INFO | edward.autonomous.market_cycle | universe_rejected instrument=6526320a-68d5-4cdd-b519-2a827abb4647 ticker=IDCC reason=BUY_NOT_AVAILABLE detail=
2026-08-26 21:34:07,676 | INFO | edward.autonomous.market_cycle | universe_rejected instrument=a0b558eb-c5ce-431d-b59c-6e696f1b0b4b ticker=MTN reason=BUY_NOT_AVAILABLE detail=
2026-08-26 21:34:07,676 | INFO | edward.autonomous.market_cycle | universe_rejected instrument=61c9992c-ce35-481a-922b-8799bc3dbbd4 ticker=NOV reason=BUY_NOT_AVAILABLE detail=
2026-08-26 21:34:07,676 | INFO | edward.autonomous.market_cycle | universe_rejected instrument=5d5d3d48-7dd4-4ce6-84b9-4d2e385cea69 ticker=RETA reason=BUY_NOT_AVAILABLE detail=
2026-08-26 21:34:07,676 | INFO | edward.autonomous.market_cycle | universe_rejected instrument=632ec9da-3f29-4c96-b90d-693cb66028fe ticker=IIPR reason=BUY_NOT_AVAILABLE detail=
2026-08-26 21:34:07,676 | INFO | edward.autonomous.market_cycle | universe_rejected instrument=0b8991f9-f6f3-4251-a99c-113abaf6c388 ticker=TAL reason=BUY_NOT_AVAILABLE detail=
2026-08-26 21:34:07,676 | INFO | edward.autonomous.market_cycle | universe_rejected instrument=350b707e-1353-49c1-b0fa-06118d0fdf78 ticker=NDAQ reason=BUY_NOT_AVAILABLE detail=
2026-08-26 21:34:07,676 | INFO | edward.autonomous.market_cycle | universe_rejected instrument=bd5d4a93-fa1d-4261-b988-2e33371c7739 ticker=ESTC reason=BUY_NOT_AVAILABLE detail=
2026-08-26 21:34:07,676 | INFO | edward.autonomous.market_cycle | universe_rejected instrument=f7fa9d57-8c5a-437d-9281-44ad9112a90f ticker=CYRX reason=BUY_NOT_AVAILABLE detail=
2026-08-26 21:34:07,676 | INFO | edward.autonomous.market_cycle | universe_rejected instrument=1f88be3f-af64-4a2f-8553-d3b5961f3aa2 ticker=TWOU reason=BUY_NOT_AVAILABLE detail=
2026-08-26 21:34:07,676 | INFO | edward.autonomous.market_cycle | universe_rejected instrument=67df0440-4009-40d7-ad5e-68d764546628 ticker=LH reason=BUY_NOT_AVAILABLE detail=
2026-08-26 21:34:07,676 | INFO | edward.autonomous.market_cycle | universe_rejected instrument=bb8a5051-157d-4955-b37b-1ca06ef71c82 ticker=RACE reason=BUY_NOT_AVAILABLE detail=
2026-08-26 21:34:07,676 | INFO | edward.autonomous.market_cycle | universe_rejected instrument=f26aade9-d33a-4cdf-867e-1c18c753e63a ticker=OMZZP reason=CANDLES_UNAVAILABLE detail=_get_candles() takes 2 positional arguments but 5 were given
2026-08-26 21:34:07,676 | INFO | edward.autonomous.market_cycle | universe_rejected instrument=7cc415cf-4333-4f63-909f-808003c5de8b ticker=ORMP reason=BUY_NOT_AVAILABLE detail=
2026-08-26 21:34:07,677 | INFO | edward.autonomous.market_cycle | universe_rejected instrument=3fe80143-1313-42eb-9884-5d68b39e265e ticker=HEAD reason=CANDLES_UNAVAILABLE detail=_get_candles() takes 2 positional arguments but 5 were given
2026-08-26 21:34:07,677 | INFO | edward.autonomous.market_cycle | universe_rejected instrument=8ffb0204-8ec4-41d0-aa9a-b7113f975976 ticker=GGG reason=BUY_NOT_AVAILABLE detail=
2026-08-26 21:34:07,677 | INFO | edward.autonomous.market_cycle | universe_rejected instrument=b9dff600-4ca6-4fa9-ba91-df2126548ccc ticker=ETLN reason=CANDLES_UNAVAILABLE detail=_get_candles() takes 2 positional arguments but 5 were given
2026-08-26 21:34:07,677 | INFO | edward.autonomous.market_cycle | universe_rejected instrument=48ddd775-8afa-4771-abdf-a9b27d0749ea ticker=RSKD reason=BUY_NOT_AVAILABLE detail=
2026-08-26 21:34:07,677 | INFO | edward.autonomous.market_cycle | universe_rejected instrument=8d1b60d7-1757-4ac2-957c-3e258ca3f77e ticker=IDXX reason=BUY_NOT_AVAILABLE detail=
2026-08-26 21:34:07,677 | INFO | edward.autonomous.market_cycle | universe_rejected instrument=a938cbfe-a43f-4bb0-9fd8-e0282eb4f1f8 ticker=WDFC reason=BUY_NOT_AVAILABLE detail=
2026-08-26 21:34:07,677 | INFO | edward.autonomous.market_cycle | universe_rejected instrument=40a9ec2e-cc9e-473c-8b60-7e9ad30335b8 ticker=PLUG reason=BUY_NOT_AVAILABLE detail=
2026-08-26 21:34:07,677 | INFO | edward.autonomous.market_cycle | universe_rejected instrument=74bd30fe-186a-4773-bd8a-d1bd53881e1a ticker=2518 reason=BUY_NOT_AVAILABLE detail=
2026-08-26 21:34:07,677 | INFO | edward.autonomous.market_cycle | universe_rejected instrument=db27ea2f-9e46-473e-990a-6e7ce54f19ba ticker=UTHR reason=BUY_NOT_AVAILABLE detail=
2026-08-26 21:34:07,703 | INFO | edward.autonomous.market_cycle | universe_rejected instrument=e9c5b781-d616-4fec-979d-884bb81bb3f9 ticker=PNTG reason=BUY_NOT_AVAILABLE detail=
2026-08-26 21:34:07,704 | INFO | edward.autonomous.market_cycle | universe_rejected instrument=7cc2ea90-f3c8-46df-9cf4-0235a3626fa2 ticker=MANU reason=BUY_NOT_AVAILABLE detail=
2026-08-26 21:34:07,704 | INFO | edward.autonomous.market_cycle | universe_rejected instrument=70ff6b51-6637-48b0-b110-09152ff136a3 ticker=GPK reason=BUY_NOT_AVAILABLE detail=
2026-08-26 21:34:07,704 | INFO | edward.autonomous.market_cycle | universe_rejected instrument=de389f79-a5d9-491c-871b-f4668bc44371 ticker=NABL reason=BUY_NOT_AVAILABLE detail=
2026-08-26 21:34:07,704 | INFO | edward.autonomous.market_cycle | universe_rejected instrument=bd60d815-a35d-44ec-bf80-982113fa2677 ticker=ARW reason=BUY_NOT_AVAILABLE detail=
2026-08-26 21:34:07,704 | INFO | edward.autonomous.market_cycle | universe_rejected instrument=35590892-6c57-47ae-9de5-96c7b86ca5d3 ticker=ADM reason=BUY_NOT_AVAILABLE detail=
2026-08-26 21:34:07,704 | INFO | edward.autonomous.market_cycle | universe_rejected instrument=4d813ab1-8bc9-4670-89ea-12bfbab6017d ticker=SMLT reason=CANDLES_UNAVAILABLE detail=_get_candles() takes 2 positional arguments but 5 were given
2026-08-26 21:34:07,704 | INFO | edward.autonomous.market_cycle | universe_rejected instrument=0515198d-9eab-4873-b35d-5e2c76cd25c2 ticker=MAT reason=BUY_NOT_AVAILABLE detail=
2026-08-26 21:34:07,704 | INFO | edward.autonomous.market_cycle | universe_rejected instrument=1828ce9f-ca92-4e4e-9fe8-7b870c515776 ticker=ARCT reason=BUY_NOT_AVAILABLE detail=
2026-08-26 21:34:07,705 | INFO | edward.autonomous.market_cycle | universe_rejected instrument=c1e2a586-3d59-4b45-a614-7ac65c3674d7 ticker=EL reason=BUY_NOT_AVAILABLE detail=
2026-08-26 21:34:07,705 | INFO | edward.autonomous.market_cycle | universe_rejected instrument=de76fde8-b43b-4e59-a8a7-f2f323f37549 ticker=GHC reason=BUY_NOT_AVAILABLE detail=
2026-08-26 21:34:07,705 | INFO | edward.autonomous.market_cycle | universe_rejected instrument=841ddf3d-3d19-4d0e-ba27-5d57e78acc9b ticker=QS reason=BUY_NOT_AVAILABLE detail=
2026-08-26 21:34:07,705 | INFO | edward.autonomous.market_cycle | universe_rejected instrument=e3fb7599-e72e-4fb6-a635-558b91e8ab9e ticker=3800 reason=BUY_NOT_AVAILABLE detail=
2026-08-26 21:34:07,705 | INFO | edward.autonomous.market_cycle | universe_rejected instrument=3dc51322-377f-47b6-bf1d-5f5ad5005af2 ticker=COHR reason=BUY_NOT_AVAILABLE detail=
2026-08-26 21:34:07,705 | INFO | edward.autonomous.market_cycle | universe_rejected instrument=7bf06285-ff0f-4f67-9ec6-7231e38f511e ticker=PDS reason=BUY_NOT_AVAILABLE detail=
2026-08-26 21:34:07,705 | INFO | edward.autonomous.market_cycle | universe_rejected instrument=e3312603-d109-443a-86b5-329eede6c853 ticker=RGSS reason=CANDLES_UNAVAILABLE detail=_get_candles() takes 2 positional arguments but 5 were given
2026-08-26 21:34:07,705 | INFO | edward.autonomous.market_cycle | universe_rejected instrument=ef15867b-d6f1-4a0a-8f03-a3c16179664c ticker=EVER reason=BUY_NOT_AVAILABLE detail=
2026-08-26 21:34:07,705 | INFO | edward.autonomous.market_cycle | universe_rejected instrument=9db5ea3a-753f-4e7d-9a0e-ed01d8cc8481 ticker=WHR reason=BUY_NOT_AVAILABLE detail=
2026-08-26 21:34:07,705 | INFO | edward.autonomous.market_cycle | universe_rejected instrument=50fbca8c-cba4-460b-a6f9-c3b1a946162e ticker=GMED reason=BUY_NOT_AVAILABLE detail=
2026-08-26 21:34:07,705 | INFO | edward.autonomous.market_cycle | universe_rejected instrument=e6123145-9665-43e0-8413-cd61b8aa9b13 ticker=SBER reason=CANDLES_UNAVAILABLE detail=_get_candles() takes 2 positional arguments but 5 were given
2026-08-26 21:34:07,705 | INFO | edward.autonomous.market_cycle | universe_rejected instrument=1f8630cc-f69f-4bdc-bd77-57e81ace8e2c ticker=AMCX reason=BUY_NOT_AVAILABLE detail=
2026-08-26 21:34:07,705 | INFO | edward.autonomous.market_cycle | universe_rejected instrument=5b8cc859-6f96-43a7-b7e5-5d70272ddbb6 ticker=PGNY reason=BUY_NOT_AVAILABLE detail=
2026-08-26 21:34:07,705 | INFO | edward.autonomous.market_cycle | universe_rejected instrument=97015e2f-adae-4133-9ce0-cd79015d13a2 ticker=YRSBP reason=CANDLES_UNAVAILABLE detail=_get_candles() takes 2 positional arguments but 5 were given
2026-08-26 21:34:07,706 | INFO | edward.autonomous.market_cycle | universe_rejected instrument=a447e227-d5a0-4037-bad5-6bbaed1bc8df ticker=ABG reason=BUY_NOT_AVAILABLE detail=
2026-08-26 21:34:07,706 | INFO | edward.autonomous.market_cycle | universe_rejected instrument=d6b784f8-c7fd-4f12-b99b-414491868d0a ticker=3 reason=BUY_NOT_AVAILABLE detail=
2026-08-26 21:34:07,706 | INFO | edward.autonomous.market_cycle | universe_rejected instrument=9697c250-08b6-44e8-b861-34f2729ac76d ticker=1171 reason=BUY_NOT_AVAILABLE detail=
2026-08-26 21:34:07,706 | INFO | edward.autonomous.market_cycle | universe_rejected instrument=244b10cb-5bc0-460a-9b7d-ec244b7956ac ticker=RRR reason=BUY_NOT_AVAILABLE detail=
2026-08-26 21:34:07,706 | INFO | edward.autonomous.market_cycle | universe_rejected instrument=375c5cf3-4d26-4d43-98ef-77705681a46b ticker=VCEL reason=BUY_NOT_AVAILABLE detail=
2026-08-26 21:34:07,706 | INFO | edward.autonomous.market_cycle | universe_rejected instrument=579968c5-6182-460b-ae6c-8d85081747c3 ticker=AVB reason=BUY_NOT_AVAILABLE detail=
2026-08-26 21:34:07,706 | INFO | edward.autonomous.market_cycle | universe_rejected instrument=8d3f2569-36a8-4ad7-9466-eb760898a907 ticker=857 reason=BUY_NOT_AVAILABLE detail=
2026-08-26 21:34:07,706 | INFO | edward.autonomous.market_cycle | universe_rejected instrument=c74fc209-54e2-4ba6-a7a9-9e0d24299184 ticker=GECO reason=CANDLES_UNAVAILABLE detail=_get_candles() takes 2 positional arguments but 5 were given
2026-08-26 21:34:07,706 | INFO | edward.autonomous.market_cycle | universe_rejected instrument=33fdbd38-2fca-448e-aa9c-fb59ffee2cd6 ticker=ESAB reason=BUY_NOT_AVAILABLE detail=
2026-08-26 21:34:07,706 | INFO | edward.autonomous.market_cycle | universe_rejected instrument=594afd09-a3c5-4936-a3ff-9e2eaae281fb ticker=T reason=BUY_NOT_AVAILABLE detail=
2026-08-26 21:34:07,706 | INFO | edward.autonomous.market_cycle | universe_rejected instrument=df2c764e-df05-49bf-9653-be806f522385 ticker=EQH reason=BUY_NOT_AVAILABLE detail=
2026-08-26 21:34:07,706 | INFO | edward.autonomous.market_cycle | universe_rejected instrument=c5e46d91-58f1-4f90-9381-e3f5ea255606 ticker=CGNT reason=BUY_NOT_AVAILABLE detail=
2026-08-26 21:34:07,706 | INFO | edward.autonomous.market_cycle | universe_rejected instrument=d5d2b59c-ad19-4869-855f-ac2c3834c591 ticker=BNTX reason=BUY_NOT_AVAILABLE detail=
2026-08-26 21:34:07,706 | INFO | edward.autonomous.market_cycle | universe_rejected instrument=7a932153-10e1-4d7d-aa31-4250a207e679 ticker=VCYT reason=BUY_NOT_AVAILABLE detail=
2026-08-26 21:34:07,706 | INFO | edward.autonomous.market_cycle | universe_rejected instrument=0161bcfd-6d2f-42c1-8e3d-2acdeb8ec77e ticker=PD reason=BUY_NOT_AVAILABLE detail=
2026-08-26 21:34:07,706 | INFO | edward.autonomous.market_cycle | universe_rejected instrument=5bbe57f8-708c-4fa5-8b97-53f24745389b ticker=WBS reason=BUY_NOT_AVAILABLE detail=
2026-08-26 21:34:07,706 | INFO | edward.autonomous.market_cycle | universe_rejected instrument=bde4bb86-55e8-4fda-b2bc-7528bcb7d29b ticker=NTGR reason=BUY_NOT_AVAILABLE detail=
2026-08-26 21:34:07,707 | INFO | edward.autonomous.market_cycle | universe_rejected instrument=a037c8bc-d5b8-410b-af9e-ad7cab166a12 ticker=OXY reason=BUY_NOT_AVAILABLE detail=
2026-08-26 21:34:07,707 | INFO | edward.autonomous.market_cycle | universe_rejected instrument=ab972ae2-6421-4112-b1d4-487b057b64bd ticker=INCY reason=BUY_NOT_AVAILABLE detail=
2026-08-26 21:34:07,707 | INFO | edward.autonomous.market_cycle | universe_rejected instrument=8aa50f64-d9c5-4152-ac6f-f19c8b475b90 ticker=2333 reason=BUY_NOT_AVAILABLE detail=
2026-08-26 21:34:07,707 | INFO | edward.autonomous.market_cycle | universe_rejected instrument=408a85c4-e6cb-4b75-90a8-d7b5ee1ae118 ticker=FOUR reason=BUY_NOT_AVAILABLE detail=
2026-08-26 21:34:07,707 | INFO | edward.autonomous.market_cycle | universe_rejected instrument=99cfdf6a-8b64-44b1-b38e-c831f77d552d ticker=MSFT reason=BUY_NOT_AVAILABLE detail=
2026-08-26 21:34:07,707 | INFO | edward.autonomous.market_cycle | universe_rejected instrument=7d5f696e-7093-453a-9bf8-29f23231b131 ticker=TWNK reason=BUY_NOT_AVAILABLE detail=
2026-08-26 21:34:07,707 | INFO | edward.autonomous.market_cycle | universe_rejected instrument=d79b08be-af45-45af-b039-e6abed184c19 ticker=RY reason=BUY_NOT_AVAILABLE detail=
2026-08-26 21:34:07,707 | INFO | edward.autonomous.market_cycle | universe_rejected instrument=3ee31165-dde8-4694-b912-1e1252914073 ticker=QCOM reason=BUY_NOT_AVAILABLE detail=
2026-08-26 21:34:07,707 | INFO | edward.autonomous.market_cycle | universe_rejected instrument=96bce66c-eebb-419a-921d-8aa75d3a2c76 ticker=CBRL reason=BUY_NOT_AVAILABLE detail=
2026-08-26 21:34:07,707 | INFO | edward.autonomous.market_cycle | universe_rejected instrument=db394194-1506-4b37-a016-5873081d60a5 ticker=SAIA reason=BUY_NOT_AVAILABLE detail=
2026-08-26 21:34:07,707 | INFO | edward.autonomous.market_cycle | universe_rejected instrument=119f97a9-3db0-4c54-aedf-9f61a74026c9 ticker=MKL reason=BUY_NOT_AVAILABLE detail=
2026-08-26 21:34:07,707 | INFO | edward.autonomous.market_cycle | universe_rejected instrument=2fe85dd7-eaf1-4034-958d-77f5317d70b4 ticker=ERIE reason=BUY_NOT_AVAILABLE detail=
2026-08-26 21:34:07,707 | INFO | edward.autonomous.market_cycle | universe_rejected instrument=ea9b6974-e0f8-48a1-9e44-32288e994491 ticker=6618 reason=BUY_NOT_AVAILABLE detail=
2026-08-26 21:34:07,707 | INFO | edward.autonomous.market_cycle | universe_rejected instrument=b4697649-942f-45c0-963b-e3c0ddbc1015 ticker=NRIX reason=BUY_NOT_AVAILABLE detail=
2026-08-26 21:34:07,707 | INFO | edward.autonomous.market_cycle | universe_rejected instrument=786c2d42-e426-4fb1-8fbc-8bb77c9a0e0b ticker=HRTX reason=BUY_NOT_AVAILABLE detail=
2026-08-26 21:34:07,707 | INFO | edward.autonomous.market_cycle | universe_rejected instrument=f2c83597-ef95-45ab-880c-06825545641c ticker=STT reason=BUY_NOT_AVAILABLE detail=
2026-08-26 21:34:07,707 | INFO | edward.autonomous.market_cycle | universe_rejected instrument=a4eaeff9-0b1d-4837-b945-9a7ad02c36a4 ticker=JELD reason=BUY_NOT_AVAILABLE detail=
2026-08-26 21:34:07,707 | INFO | edward.autonomous.market_cycle | universe_rejected instrument=2f31a9e6-4775-474b-8f75-5b3c3b1295b8 ticker=TCBI reason=BUY_NOT_AVAILABLE detail=
2026-08-26 21:34:07,707 | INFO | edward.autonomous.market_cycle | universe_rejected instrument=7af36855-1029-4a50-a01f-0fc82ea43b6e ticker=ENTG reason=BUY_NOT_AVAILABLE detail=
2026-08-26 21:34:07,708 | INFO | edward.autonomous.market_cycle | universe_rejected instrument=53d92ca1-178b-4e33-af60-32bb8b0c9214 ticker=IONS reason=BUY_NOT_AVAILABLE detail=
2026-08-26 21:34:07,708 | INFO | edward.autonomous.market_cycle | universe_rejected instrument=589365c2-43cc-4a33-b0bd-6638fe09133f ticker=OII reason=BUY_NOT_AVAILABLE detail=
2026-08-26 21:34:07,708 | INFO | edward.autonomous.market_cycle | universe_rejected instrument=6480df48-4bee-4b5e-b096-6482209f4b3f ticker=ALLE reason=BUY_NOT_AVAILABLE detail=
2026-08-26 21:34:07,708 | INFO | edward.autonomous.market_cycle | universe_rejected instrument=5e6279e5-42f1-4cc5-b830-5f8844a915e2 ticker=ALGT reason=BUY_NOT_AVAILABLE detail=
2026-08-26 21:34:07,708 | INFO | edward.autonomous.market_cycle | universe_rejected instrument=4ad7d02f-ddb6-4758-8a37-f2198010233b ticker=COR reason=BUY_NOT_AVAILABLE detail=
2026-08-26 21:34:07,708 | INFO | edward.autonomous.market_cycle | universe_rejected instrument=db123857-70b9-4004-96f7-869aef3f4ea5 ticker=AMR reason=BUY_NOT_AVAILABLE detail=
2026-08-26 21:34:07,709 | INFO | edward.autonomous.market_cycle | universe_rejected instrument=431ad5fc-7a24-46d2-a205-22bc9fbd88dc ticker=AGIO reason=BUY_NOT_AVAILABLE detail=
2026-08-26 21:34:07,709 | INFO | edward.autonomous.market_cycle | universe_rejected instrument=ce3ecd83-1bc6-4821-94ff-c42eeb6aa1d3 ticker=HALO reason=BUY_NOT_AVAILABLE detail=
2026-08-26 21:34:07,709 | INFO | edward.autonomous.market_cycle | universe_rejected instrument=8a6fae52-0507-4f73-b4be-11caffb93d2b ticker=FIS reason=BUY_NOT_AVAILABLE detail=
2026-08-26 21:34:07,709 | INFO | edward.autonomous.market_cycle | universe_rejected instrument=c1e72678-b65b-44de-8c0e-91c60ab70b21 ticker=SYY reason=BUY_NOT_AVAILABLE detail=
2026-08-26 21:34:07,709 | INFO | edward.autonomous.market_cycle | universe_rejected instrument=1c181853-2fd6-4a20-a1c6-cb923a7c7919 ticker=EELT reason=CANDLES_UNAVAILABLE detail=_get_candles() takes 2 positional arguments but 5 were given
2026-08-26 21:34:07,709 | INFO | edward.autonomous.market_cycle | universe_rejected instrument=05aec0b3-8b37-47e1-8c18-bd810914b22b ticker=ITW reason=BUY_NOT_AVAILABLE detail=
2026-08-26 21:34:07,709 | INFO | edward.autonomous.market_cycle | universe_rejected instrument=d77d128c-2cd0-4c71-b2db-caddc7dfa28a ticker=BLZE reason=BUY_NOT_AVAILABLE detail=
2026-08-26 21:34:07,709 | INFO | edward.autonomous.market_cycle | universe_rejected instrument=7a961cbf-fe18-4240-85e8-61dfcf690e27 ticker=RRBI reason=BUY_NOT_AVAILABLE detail=
2026-08-26 21:34:07,709 | INFO | edward.autonomous.market_cycle | universe_rejected instrument=5909dc8f-7855-4e4b-aad4-c2689d16e310 ticker=ELAN reason=BUY_NOT_AVAILABLE detail=
2026-08-26 21:34:07,709 | INFO | edward.autonomous.market_cycle | universe_rejected instrument=47cb52ac-a05c-4291-aa18-eff85916858a ticker=POST reason=BUY_NOT_AVAILABLE detail=
2026-08-26 21:34:07,709 | INFO | edward.autonomous.market_cycle | universe_rejected instrument=ba414d55-51ea-49b4-b9d0-e3180e00b946 ticker=ROP reason=BUY_NOT_AVAILABLE detail=
2026-08-26 21:34:07,709 | INFO | edward.autonomous.market_cycle | universe_rejected instrument=7e847905-753a-4df6-a7ef-60c94fb26b19 ticker=CBT reason=BUY_NOT_AVAILABLE detail=
2026-08-26 21:34:07,709 | INFO | edward.autonomous.market_cycle | universe_rejected instrument=00392999-772d-4b6b-a54a-d4c3b79d82be ticker=ARVN reason=BUY_NOT_AVAILABLE detail=
2026-08-26 21:34:07,709 | INFO | edward.autonomous.market_cycle | universe_rejected instrument=93a1632e-26d9-46e1-b7bc-a025f9b6b522 ticker=XENE reason=BUY_NOT_AVAILABLE detail=
2026-08-26 21:34:07,709 | INFO | edward.autonomous.market_cycle | universe_rejected instrument=9128f7d4-5e0e-421e-9d99-d51602b836d3 ticker=SFM reason=BUY_NOT_AVAILABLE detail=
2026-08-26 21:34:07,709 | INFO | edward.autonomous.market_cycle | universe_rejected instrument=962e2a95-02a9-4171-abd7-aa198dbe643a ticker=GAZP reason=CANDLES_UNAVAILABLE detail=_get_candles() takes 2 positional arguments but 5 were given
2026-08-26 21:34:07,709 | INFO | edward.autonomous.market_cycle | universe_rejected instrument=4f081558-ffe7-473d-b43d-f59b964e7f90 ticker=CTSH reason=BUY_NOT_AVAILABLE detail=
2026-08-26 21:34:07,709 | INFO | edward.autonomous.market_cycle | universe_rejected instrument=553fc455-e9ae-4b4c-b43b-24e85e94b075 ticker=UI reason=BUY_NOT_AVAILABLE detail=
2026-08-26 21:34:07,709 | INFO | edward.autonomous.market_cycle | universe_rejected instrument=c137455b-16b5-4e18-9e17-c81c6580deed ticker=CMS reason=BUY_NOT_AVAILABLE detail=
2026-08-26 21:34:07,710 | INFO | edward.autonomous.market_cycle | universe_rejected instrument=468c4b4a-3815-419a-bf53-d30c347ee252 ticker=AMTM reason=BUY_NOT_AVAILABLE detail=
2026-08-26 21:34:07,710 | INFO | edward.autonomous.market_cycle | universe_rejected instrument=bbbf75a2-f61a-4fba-99aa-c6155a9c8977 ticker=9988 reason=BUY_NOT_AVAILABLE detail=
2026-08-26 21:34:07,710 | INFO | edward.autonomous.market_cycle | universe_rejected instrument=2f43fc8c-967b-4841-8ae3-25f950bd022c ticker=HSY reason=BUY_NOT_AVAILABLE detail=
2026-08-26 21:34:07,710 | INFO | edward.autonomous.market_cycle | universe_rejected instrument=4ac1fe95-b268-4e0f-ad33-8c63776c8712 ticker=PH reason=BUY_NOT_AVAILABLE detail=
2026-08-26 21:34:07,710 | INFO | edward.autonomous.market_cycle | universe_rejected instrument=0d0fdda4-e9a9-49dc-a675-d18e3ee47f7b ticker=BH reason=BUY_NOT_AVAILABLE detail=
2026-08-26 21:34:07,710 | INFO | edward.autonomous.market_cycle | universe_rejected instrument=493d9f67-06a0-48d6-a2ae-b47740ceca83 ticker=EXPO reason=BUY_NOT_AVAILABLE detail=
2026-08-26 21:34:07,710 | INFO | edward.autonomous.market_cycle | universe_rejected instrument=a39b960f-4886-4a7f-900c-dc54b96ed22d ticker=CRNC reason=BUY_NOT_AVAILABLE detail=
2026-08-26 21:34:07,710 | INFO | edward.autonomous.market_cycle | universe_rejected instrument=971b97f0-e077-4ce8-a33d-6e94b63ceee9 ticker=NEU reason=BUY_NOT_AVAILABLE detail=
2026-08-26 21:34:07,710 | INFO | edward.autonomous.market_cycle | universe_rejected instrument=80d619c1-14f3-41bd-ad17-63b152a418af ticker=GTM reason=BUY_NOT_AVAILABLE detail=
2026-08-26 21:34:07,710 | INFO | edward.autonomous.market_cycle | universe_rejected instrument=8e0b6a71-bc9a-4a6d-b7a2-4af22a933f5b ticker=ESGR reason=BUY_NOT_AVAILABLE detail=
2026-08-26 21:34:07,710 | INFO | edward.autonomous.market_cycle | universe_rejected instrument=3206575f-c5d8-46f2-b032-ba4952ecfb63 ticker=TEAM reason=BUY_NOT_AVAILABLE detail=
2026-08-26 21:34:07,710 | INFO | edward.autonomous.market_cycle | universe_rejected instrument=ce44134d-7aec-4eb8-9ffe-6866824b8ea5 ticker=GDEV reason=BUY_NOT_AVAILABLE detail=
2026-08-26 21:34:07,710 | INFO | edward.autonomous.market_cycle | universe_rejected instrument=39e2ab53-1d7e-4c1a-9a1c-f1a9ddd4126d ticker=FRPH reason=BUY_NOT_AVAILABLE detail=
2026-08-26 21:34:07,710 | INFO | edward.autonomous.market_cycle | universe_rejected instrument=1e19953d-01c6-4ecd-a5f4-53ae3ed44029 ticker=BSPB reason=CANDLES_UNAVAILABLE detail=_get_candles() takes 2 positional arguments but 5 were given
2026-08-26 21:34:07,710 | INFO | edward.autonomous.market_cycle | universe_rejected instrument=aab00672-bdc8-4240-9cfc-5578b6788ffd ticker=DV reason=BUY_NOT_AVAILABLE detail=
2026-08-26 21:34:07,710 | INFO | edward.autonomous.market_cycle | universe_rejected instrument=df06005f-0da2-413c-8b44-47a6d477a062 ticker=RKLB reason=BUY_NOT_AVAILABLE detail=
2026-08-26 21:34:07,710 | INFO | edward.autonomous.market_cycle | universe_rejected instrument=3b2f047f-f03d-4bad-b6cc-74abf6292ebe ticker=GIS reason=BUY_NOT_AVAILABLE detail=
2026-08-26 21:34:07,710 | INFO | edward.autonomous.market_cycle | universe_rejected instrument=aa1f0368-d93b-443d-9268-7c07f40700e0 ticker=WIX reason=BUY_NOT_AVAILABLE detail=
2026-08-26 21:34:07,710 | INFO | edward.autonomous.market_cycle | universe_rejected instrument=5aed9346-3d45-4202-93dd-704d739adb33 ticker=MOMO reason=BUY_NOT_AVAILABLE detail=
2026-08-26 21:34:07,710 | INFO | edward.autonomous.market_cycle | universe_rejected instrument=7549a423-33f3-430e-8974-684c18eaf83d ticker=EXC reason=BUY_NOT_AVAILABLE detail=
2026-08-26 21:34:07,710 | INFO | edward.autonomous.market_cycle | universe_rejected instrument=02bdfa7c-ae6c-4cbd-9784-f3457dfdcedc ticker=LSNG reason=CANDLES_UNAVAILABLE detail=_get_candles() takes 2 positional arguments but 5 were given
2026-08-26 21:34:07,710 | INFO | edward.autonomous.market_cycle | universe_rejected instrument=a57d3a52-63d5-417b-b66d-c6114587f0ea ticker=RENI reason=CANDLES_UNAVAILABLE detail=_get_candles() takes 2 positional arguments but 5 were given
2026-08-26 21:34:07,710 | INFO | edward.autonomous.market_cycle | universe_rejected instrument=f55b5133-ddda-400f-905d-7b432427d3f9 ticker=SSD reason=BUY_NOT_AVAILABLE detail=
2026-08-26 21:34:07,711 | INFO | edward.autonomous.market_cycle | universe_rejected instrument=c3a9ab86-dab2-461f-81f4-4745f86b610d ticker=HRB reason=BUY_NOT_AVAILABLE detail=
2026-08-26 21:34:07,711 | INFO | edward.autonomous.market_cycle | universe_rejected instrument=d2f10e11-3527-43e8-b865-8d1b7c9de186 ticker=268 reason=BUY_NOT_AVAILABLE detail=
2026-08-26 21:34:07,711 | INFO | edward.autonomous.market_cycle | universe_rejected instrument=c32c2e04-62ae-437b-a259-a611760f1388 ticker=EPAM reason=BUY_NOT_AVAILABLE detail=
2026-08-26 21:34:07,711 | INFO | edward.autonomous.market_cycle | universe_rejected instrument=43f3f30b-77cc-4145-a524-f0f0b269f3a8 ticker=KBH reason=BUY_NOT_AVAILABLE detail=
2026-08-26 21:34:07,711 | INFO | edward.autonomous.market_cycle | universe_rejected instrument=f3695136-a875-4291-91a8-dc81585e4807 ticker=1336 reason=BUY_NOT_AVAILABLE detail=
2026-08-26 21:34:07,711 | INFO | edward.autonomous.market_cycle | universe_rejected instrument=d043c57c-26eb-40a7-941e-b6e7a0485d7d ticker=STZ reason=BUY_NOT_AVAILABLE detail=
2026-08-26 21:34:07,711 | INFO | edward.autonomous.market_cycle | universe_rejected instrument=6fdba807-39e5-41d8-a272-ca2e7e35223d ticker=SVET reason=CANDLES_UNAVAILABLE detail=_get_candles() takes 2 positional arguments but 5 were given
2026-08-26 21:34:07,711 | INFO | edward.autonomous.market_cycle | universe_rejected instrument=98591427-a401-4823-be3e-b557b53bbf20 ticker=KWR reason=BUY_NOT_AVAILABLE detail=
2026-08-26 21:34:07,711 | INFO | edward.autonomous.market_cycle | universe_rejected instrument=b92973ea-3c0b-4f48-ba59-d8ba434274f9 ticker=ROL reason=BUY_NOT_AVAILABLE detail=
2026-08-26 21:34:07,711 | INFO | edward.autonomous.market_cycle | universe_rejected instrument=c6fd4e8e-5bb4-4f8a-9727-5d8dddff2e7d ticker=VSYDP reason=CANDLES_UNAVAILABLE detail=_get_candles() takes 2 positional arguments but 5 were given
2026-08-26 21:34:07,711 | INFO | edward.autonomous.market_cycle | universe_rejected instrument=de08affe-4fbd-454e-9fd1-46a81b23f870 ticker=POSI reason=CANDLES_UNAVAILABLE detail=_get_candles() takes 2 positional arguments but 5 were given
2026-08-26 21:34:07,711 | INFO | edward.autonomous.market_cycle | universe_rejected instrument=219de1da-22cc-4932-9139-de8e497556e1 ticker=BSX reason=BUY_NOT_AVAILABLE detail=
2026-08-26 21:34:07,711 | INFO | edward.autonomous.market_cycle | universe_rejected instrument=c2e484a5-b9e6-4769-bc60-3f1993e46589 ticker=CNS reason=BUY_NOT_AVAILABLE detail=
2026-08-26 21:34:07,711 | INFO | edward.autonomous.market_cycle | universe_rejected instrument=23f90e28-1ced-45b1-b21c-d71eb628d4f5 ticker=PLNT reason=BUY_NOT_AVAILABLE detail=
2026-08-26 21:34:07,711 | INFO | edward.autonomous.market_cycle | universe_rejected instrument=35cedf89-b2a4-43e1-a575-42fdb9b43800 ticker=ZD reason=BUY_NOT_AVAILABLE detail=
2026-08-26 21:34:07,711 | INFO | edward.autonomous.market_cycle | universe_rejected instrument=14d147b9-d977-438a-80c0-441e5589da30 ticker=KROT reason=CANDLES_UNAVAILABLE detail=_get_candles() takes 2 positional arguments but 5 were given
2026-08-26 21:34:07,711 | INFO | edward.autonomous.market_cycle | universe_rejected instrument=26322786-aafd-4d53-aa30-c41738700c8a ticker=APAM reason=BUY_NOT_AVAILABLE detail=
2026-08-26 21:34:07,711 | INFO | edward.autonomous.market_cycle | universe_rejected instrument=c8928cd3-7747-42d9-a17e-4ea70b02a1ad ticker=ZG reason=BUY_NOT_AVAILABLE detail=
2026-08-26 21:34:07,711 | INFO | edward.autonomous.market_cycle | universe_rejected instrument=12b1afc9-6c00-41ed-ad4b-a31d865c4fc5 ticker=PUBM reason=BUY_NOT_AVAILABLE detail=
2026-08-26 21:34:07,711 | INFO | edward.autonomous.market_cycle | universe_rejected instrument=84bb0465-14d1-4d51-95ba-a915fd3594b1 ticker=JPM reason=BUY_NOT_AVAILABLE detail=
2026-08-26 21:34:07,711 | INFO | edward.autonomous.market_cycle | universe_rejected instrument=9eb38334-0eb6-418d-b265-c9612db23d16 ticker=968 reason=BUY_NOT_AVAILABLE detail=
2026-08-26 21:34:07,711 | INFO | edward.autonomous.market_cycle | universe_rejected instrument=1a31a7e9-4948-44af-a2e4-a2194d60c5c2 ticker=SOHU reason=BUY_NOT_AVAILABLE detail=
2026-08-26 21:34:07,711 | INFO | edward.autonomous.market_cycle | universe_rejected instrument=1e9584b1-1363-4686-b52c-e0183c526478 ticker=KNF reason=BUY_NOT_AVAILABLE detail=
2026-08-26 21:34:07,711 | INFO | edward.autonomous.market_cycle | universe_rejected instrument=db003323-1143-403a-953e-4876fd4dda6f ticker=ABCL reason=BUY_NOT_AVAILABLE detail=
2026-08-26 21:34:07,711 | INFO | edward.autonomous.market_cycle | universe_rejected instrument=6023557f-bb18-476e-a004-6a339b0ccb95 ticker=MTG reason=BUY_NOT_AVAILABLE detail=
2026-08-26 21:34:07,712 | INFO | edward.autonomous.market_cycle | universe_rejected instrument=6335bf07-98f0-4519-9a6c-9639fef3ee7c ticker=WY reason=BUY_NOT_AVAILABLE detail=
2026-08-26 21:34:07,712 | INFO | edward.autonomous.market_cycle | universe_rejected instrument=9ba367af-dfbd-4d9c-8730-4b1d5a47756e ticker=SIBN reason=CANDLES_UNAVAILABLE detail=_get_candles() takes 2 positional arguments but 5 were given
2026-08-26 21:34:07,712 | INFO | edward.autonomous.market_cycle | universe_rejected instrument=c3c5891d-481b-4d64-85bc-7745143c652d ticker=OUST reason=BUY_NOT_AVAILABLE detail=
2026-08-26 21:34:07,712 | INFO | edward.autonomous.market_cycle | universe_rejected instrument=e0093c33-ccd1-4050-8fdd-5996abc2c713 ticker=ASTS reason=BUY_NOT_AVAILABLE detail=
2026-08-26 21:34:07,712 | INFO | edward.autonomous.market_cycle | universe_rejected instrument=3215e223-351c-40ee-b8af-c5279242184e ticker=688 reason=BUY_NOT_AVAILABLE detail=
2026-08-26 21:34:07,712 | INFO | edward.autonomous.market_cycle | universe_rejected instrument=483d7f48-248e-4c4e-8f70-a0415480dd3a ticker=BRC reason=BUY_NOT_AVAILABLE detail=
2026-08-26 21:34:07,712 | INFO | edward.autonomous.market_cycle | universe_rejected instrument=8a23dd3b-04bb-41f3-a531-1bc3c08deecf ticker=KLSB reason=CANDLES_UNAVAILABLE detail=_get_candles() takes 2 positional arguments but 5 were given
2026-08-26 21:34:07,712 | INFO | edward.autonomous.market_cycle | universe_rejected instrument=d7697cc4-d107-473c-8cb1-e75aab73f6b0 ticker=GE reason=BUY_NOT_AVAILABLE detail=
2026-08-26 21:34:07,712 | INFO | edward.autonomous.market_cycle | universe_rejected instrument=b5e26096-d013-48e4-b2a9-2f38b6090feb ticker=CHMK reason=CANDLES_UNAVAILABLE detail=_get_candles() takes 2 positional arguments but 5 were given
2026-08-26 21:34:07,712 | INFO | edward.autonomous.market_cycle | universe_rejected instrument=ca166d4d-12d8-450c-bcbc-2941ee17e3f7 ticker=KLIC reason=BUY_NOT_AVAILABLE detail=
2026-08-26 21:34:07,712 | INFO | edward.autonomous.market_cycle | universe_rejected instrument=efed6bc7-c1aa-4ec5-a93a-54ec2e91f774 ticker=MGA reason=BUY_NOT_AVAILABLE detail=
2026-08-26 21:34:07,712 | INFO | edward.autonomous.market_cycle | universe_rejected instrument=ca292169-a1f1-4db2-a4b2-2e0727eab16e ticker=HIW reason=BUY_NOT_AVAILABLE detail=
2026-08-26 21:34:07,712 | INFO | edward.autonomous.market_cycle | universe_rejected instrument=d16f0b4b-42a2-452e-9a7a-10aa85ba7af0 ticker=CALM reason=BUY_NOT_AVAILABLE detail=
2026-08-26 21:34:07,712 | INFO | edward.autonomous.market_cycle | universe_rejected instrument=4dce4479-9636-4674-8856-257e23316612 ticker=WPM reason=BUY_NOT_AVAILABLE detail=
2026-08-26 21:34:07,712 | INFO | edward.autonomous.market_cycle | universe_rejected instrument=fc7929ee-05c0-4de2-a68c-760a0f57dec1 ticker=BALL reason=BUY_NOT_AVAILABLE detail=
2026-08-26 21:34:07,712 | INFO | edward.autonomous.market_cycle | universe_rejected instrument=620e9c90-8c05-4c16-bf06-4b07c87e7639 ticker=2318 reason=BUY_NOT_AVAILABLE detail=
2026-08-26 21:34:07,712 | INFO | edward.autonomous.market_cycle | universe_rejected instrument=10d48d4b-2f7a-4ecf-9482-e17067e11b6a ticker=HGV reason=BUY_NOT_AVAILABLE detail=
2026-08-26 21:34:07,712 | INFO | edward.autonomous.market_cycle | universe_rejected instrument=e09fe905-f4d7-43be-af13-8d594f9a5263 ticker=CHDN reason=BUY_NOT_AVAILABLE detail=
2026-08-26 21:34:07,712 | INFO | edward.autonomous.market_cycle | universe_rejected instrument=c75cf395-bb31-415e-a56f-b5b18f2d165a ticker=CC reason=BUY_NOT_AVAILABLE detail=
2026-08-26 21:34:07,712 | INFO | edward.autonomous.market_cycle | universe_rejected instrument=05dbfebd-6bc4-4645-8f21-dcf05476999d ticker=MRKZ reason=CANDLES_UNAVAILABLE detail=_get_candles() takes 2 positional arguments but 5 were given
2026-08-26 21:34:07,712 | INFO | edward.autonomous.market_cycle | universe_rejected instrument=1b62cd19-6e9f-481e-9eba-5c928615f7b9 ticker=MSI reason=BUY_NOT_AVAILABLE detail=
2026-08-26 21:34:07,712 | INFO | edward.autonomous.market_cycle | universe_rejected instrument=d561c658-cbf9-4a03-a142-7f5bbf327b5f ticker=LW reason=BUY_NOT_AVAILABLE detail=
2026-08-26 21:34:07,712 | INFO | edward.autonomous.market_cycle | universe_rejected instrument=a2285e64-078a-4b28-a678-cbcb447907da ticker=WHD reason=BUY_NOT_AVAILABLE detail=
2026-08-26 21:34:07,712 | INFO | edward.autonomous.market_cycle | universe_rejected instrument=bba7a33f-48a8-4788-8469-3a9f5d668e0a ticker=APTK reason=CANDLES_UNAVAILABLE detail=_get_candles() takes 2 positional arguments but 5 were given
2026-08-26 21:34:07,712 | INFO | edward.autonomous.market_cycle | universe_rejected instrument=9e62b445-fb94-4b9c-81e7-05af4abfa9bf ticker=MMI reason=BUY_NOT_AVAILABLE detail=
2026-08-26 21:34:07,713 | INFO | edward.autonomous.market_cycle | universe_rejected instrument=e14b996e-5130-472d-be01-8d39cd301633 ticker=AIV reason=BUY_NOT_AVAILABLE detail=
2026-08-26 21:34:07,713 | INFO | edward.autonomous.market_cycle | universe_rejected instrument=75c8f51f-8568-45d6-b0c4-1b8191b83dac ticker=EGP reason=BUY_NOT_AVAILABLE detail=
2026-08-26 21:34:07,713 | INFO | edward.autonomous.market_cycle | universe_rejected instrument=80892369-5a2e-47f0-9594-56f88dbbeaeb ticker=RJF reason=BUY_NOT_AVAILABLE detail=
2026-08-26 21:34:07,713 | INFO | edward.autonomous.market_cycle | universe_rejected instrument=146ba149-304d-480a-8d05-17bee4c83977 ticker=ROCK reason=BUY_NOT_AVAILABLE detail=
2026-08-26 21:34:07,713 | INFO | edward.autonomous.market_cycle | universe_rejected instrument=c39388bd-1a44-4267-a6d0-a6fe9f81dbdb ticker=ACM reason=BUY_NOT_AVAILABLE detail=
2026-08-26 21:34:07,713 | INFO | edward.autonomous.market_cycle | universe_rejected instrument=e29187ed-0676-4f53-a662-4fb32a9af131 ticker=AAL reason=BUY_NOT_AVAILABLE detail=
2026-08-26 21:34:07,713 | INFO | edward.autonomous.market_cycle | universe_rejected instrument=647532f8-a68c-479c-8dbe-fba00d392f31 ticker=HHR reason=BUY_NOT_AVAILABLE detail=
2026-08-26 21:34:07,713 | INFO | edward.autonomous.market_cycle | universe_rejected instrument=62560f05-3fd0-4d65-88f0-a27f249cc6de ticker=HYDR reason=CANDLES_UNAVAILABLE detail=_get_candles() takes 2 positional arguments but 5 were given
2026-08-26 21:34:07,713 | INFO | edward.autonomous.market_cycle | universe_rejected instrument=5dea1600-3901-4964-b131-d050b270c2bd ticker=ADSK reason=BUY_NOT_AVAILABLE detail=
2026-08-26 21:34:07,713 | INFO | edward.autonomous.market_cycle | universe_rejected instrument=e6ca560e-b847-484c-b500-e17ce0503072 ticker=FIZZ reason=BUY_NOT_AVAILABLE detail=
2026-08-26 21:34:07,713 | INFO | edward.autonomous.market_cycle | universe_rejected instrument=e268b9d4-7c8c-44b4-b2b2-11c0d55155e8 ticker=STSB reason=CANDLES_UNAVAILABLE detail=_get_candles() takes 2 positional arguments but 5 were given
2026-08-26 21:34:07,713 | INFO | edward.autonomous.market_cycle | universe_rejected instrument=aef098e6-8deb-4271-b301-1f170665fde1 ticker=ROK reason=BUY_NOT_AVAILABLE detail=
2026-08-26 21:34:07,713 | INFO | edward.autonomous.market_cycle | universe_rejected instrument=8d4cd905-d2d0-43d9-aacb-326b7c8b4546 ticker=GPI reason=BUY_NOT_AVAILABLE detail=
2026-08-26 21:34:07,713 | INFO | edward.autonomous.market_cycle | universe_rejected instrument=49cd5073-b703-4d0b-8155-24ddd1099ded ticker=HLI reason=BUY_NOT_AVAILABLE detail=
2026-08-26 21:34:07,713 | INFO | edward.autonomous.market_cycle | universe_rejected instrument=459644ea-7fff-4c26-bb2b-3f9b72dc9805 ticker=SOFI reason=BUY_NOT_AVAILABLE detail=
2026-08-26 21:34:07,713 | INFO | edward.autonomous.market_cycle | universe_rejected instrument=2ff42bea-3ea9-4af9-a06e-19fe0874b7a1 ticker=NKSH reason=CANDLES_UNAVAILABLE detail=_get_candles() takes 2 positional arguments but 5 were given
2026-08-26 21:34:07,713 | INFO | edward.autonomous.market_cycle | universe_rejected instrument=28fdec79-fcf0-40cb-b53c-586179f024e5 ticker=LNZLP reason=BUY_NOT_AVAILABLE detail=
2026-08-26 21:34:07,713 | INFO | edward.autonomous.market_cycle | universe_rejected instrument=559e1617-4534-4006-a8c9-a6d579fec5c3 ticker=BAX reason=BUY_NOT_AVAILABLE detail=
2026-08-26 21:34:07,713 | INFO | edward.autonomous.market_cycle | universe_rejected instrument=5535e3d7-b67a-494e-9274-116de06b4a03 ticker=VSAT reason=BUY_NOT_AVAILABLE detail=
2026-08-26 21:34:07,713 | INFO | edward.autonomous.market_cycle | universe_rejected instrument=d314a28d-ff1a-4f95-a33b-33b539ee3cb3 ticker=GDRX reason=BUY_NOT_AVAILABLE detail=
2026-08-26 21:34:07,713 | INFO | edward.autonomous.market_cycle | universe_rejected instrument=62dd116e-1131-4ce7-8c63-4d24308829b0 ticker=WEC reason=BUY_NOT_AVAILABLE detail=
2026-08-26 21:34:07,713 | INFO | edward.autonomous.market_cycle | universe_rejected instrument=20fe362e-9573-4692-ae7f-70f3a7e18b84 ticker=HLF reason=BUY_NOT_AVAILABLE detail=
2026-08-26 21:34:07,713 | INFO | edward.autonomous.market_cycle | universe_rejected instrument=b29ae136-0970-47af-b0ec-ac168cbd3447 ticker=FIVN reason=BUY_NOT_AVAILABLE detail=
2026-08-26 21:34:07,713 | INFO | edward.autonomous.market_cycle | universe_rejected instrument=b3d75f01-ee3e-4bb5-b701-94d3b7911667 ticker=ESE reason=BUY_NOT_AVAILABLE detail=
2026-08-26 21:34:07,713 | INFO | edward.autonomous.market_cycle | universe_rejected instrument=b15e4e87-710a-4e50-94ca-f0eb831f1a46 ticker=BAND reason=BUY_NOT_AVAILABLE detail=
2026-08-26 21:34:07,714 | INFO | edward.autonomous.market_cycle | universe_rejected instrument=5b9c80f6-37b9-43d6-9569-8fc24b6cc96a ticker=ITT reason=BUY_NOT_AVAILABLE detail=
2026-08-26 21:34:07,714 | INFO | edward.autonomous.market_cycle | universe_rejected instrument=a406e86c-d50b-45d6-ac6c-39256044515b ticker=NTCT reason=BUY_NOT_AVAILABLE detail=
2026-08-26 21:34:07,714 | INFO | edward.autonomous.market_cycle | universe_rejected instrument=c4ef80ab-4e90-41a2-970c-1110e53d14d6 ticker=MPC reason=BUY_NOT_AVAILABLE detail=
2026-08-26 21:34:07,714 | INFO | edward.autonomous.market_cycle | universe_rejected instrument=49e75489-58a8-4451-a433-eb7281c62c05 ticker=1928 reason=BUY_NOT_AVAILABLE detail=
2026-08-26 21:34:07,714 | INFO | edward.autonomous.market_cycle | universe_rejected instrument=878b3e6b-e962-4e28-aa3f-7fc3b91244d7 ticker=CL reason=BUY_NOT_AVAILABLE detail=
2026-08-26 21:34:07,714 | INFO | edward.autonomous.market_cycle | universe_rejected instrument=1dca50e3-a84a-49cc-a320-03cd78765d6a ticker=ATKR reason=BUY_NOT_AVAILABLE detail=
2026-08-26 21:34:07,714 | INFO | edward.autonomous.market_cycle | universe_rejected instrument=afe1c6ec-7126-487e-9f8c-ffbefcc5d44e ticker=XPEL reason=BUY_NOT_AVAILABLE detail=
2026-08-26 21:34:07,714 | INFO | edward.autonomous.market_cycle | universe_rejected instrument=55371b1f-8f7c-4c12-9d93-386fae5ec12a ticker=SFIN reason=CANDLES_UNAVAILABLE detail=_get_candles() takes 2 positional arguments but 5 were given
2026-08-26 21:34:07,714 | INFO | edward.autonomous.market_cycle | universe_rejected instrument=940a87b4-27d3-498d-bc37-cff76e66e54a ticker=FROG reason=BUY_NOT_AVAILABLE detail=
2026-08-26 21:34:07,714 | INFO | edward.autonomous.market_cycle | universe_rejected instrument=e5c14c8e-9c25-4103-8af5-c88cf33ae95b ticker=MZTI reason=BUY_NOT_AVAILABLE detail=
2026-08-26 21:34:07,714 | INFO | edward.autonomous.market_cycle | universe_rejected instrument=a15a13a2-49ad-4ccb-ad34-a38dd3e4407d ticker=MP reason=BUY_NOT_AVAILABLE detail=
2026-08-26 21:34:07,714 | INFO | edward.autonomous.market_cycle | universe_rejected instrument=02e819bb-e795-40cb-bcab-0ff82abea259 ticker=ASAN reason=BUY_NOT_AVAILABLE detail=
2026-08-26 21:34:07,714 | INFO | edward.autonomous.market_cycle | universe_rejected instrument=f4ea184f-27f4-4883-8b39-67151de89c09 ticker=AXTA reason=BUY_NOT_AVAILABLE detail=
2026-08-26 21:34:07,714 | INFO | edward.autonomous.market_cycle | universe_rejected instrument=d9219d25-5bbf-4ad4-8bec-97fe0bb73e5a ticker=ATR reason=BUY_NOT_AVAILABLE detail=
2026-08-26 21:34:07,714 | INFO | edward.autonomous.market_cycle | universe_rejected instrument=813d9baa-845b-457a-8b3e-2de5ad47ccfc ticker=GWW reason=BUY_NOT_AVAILABLE detail=
2026-08-26 21:34:07,714 | INFO | edward.autonomous.market_cycle | universe_rejected instrument=49f9baa0-156a-4838-be16-c2d19eafe21c ticker=JEF reason=BUY_NOT_AVAILABLE detail=
2026-08-26 21:34:07,714 | INFO | edward.autonomous.market_cycle | universe_rejected instrument=003260c7-e0c0-49c4-97a0-bf23398d3903 ticker=TDS reason=BUY_NOT_AVAILABLE detail=
2026-08-26 21:34:07,714 | INFO | edward.autonomous.market_cycle | universe_rejected instrument=e8487807-9441-4085-8053-502285606965 ticker=BX reason=BUY_NOT_AVAILABLE detail=
2026-08-26 21:34:07,714 | INFO | edward.autonomous.market_cycle | universe_rejected instrument=76cdfa3b-4f25-4f69-9450-db26e59a479d ticker=NWS reason=BUY_NOT_AVAILABLE detail=
2026-08-26 21:34:07,714 | INFO | edward.autonomous.market_cycle | universe_rejected instrument=ea403e02-9b37-45bb-b99e-3aa25b7a3941 ticker=BRO reason=BUY_NOT_AVAILABLE detail=
2026-08-26 21:34:07,714 | INFO | edward.autonomous.market_cycle | universe_rejected instrument=435107a9-a262-4a31-8a9b-2ee6f81c1184 ticker=RASP reason=CANDLES_UNAVAILABLE detail=_get_candles() takes 2 positional arguments but 5 were given
2026-08-26 21:34:07,714 | INFO | edward.autonomous.market_cycle | universe_rejected instrument=5df95134-bf55-4839-9a45-4afa541cbaf0 ticker=HQY reason=BUY_NOT_AVAILABLE detail=
2026-08-26 21:34:07,715 | INFO | edward.autonomous.market_cycle | universe_rejected instrument=d1dd7d36-53b7-4ab9-8e8e-ec7f3a731388 ticker=EWBC reason=BUY_NOT_AVAILABLE detail=
2026-08-26 21:34:07,715 | INFO | edward.autonomous.market_cycle | universe_rejected instrument=036e97fd-9680-4bfe-b26f-25c9453feb89 ticker=GATX reason=BUY_NOT_AVAILABLE detail=
2026-08-26 21:34:07,715 | INFO | edward.autonomous.market_cycle | universe_rejected instrument=f03a4e85-9950-4a63-a111-ecb254f195d5 ticker=BBIO reason=BUY_NOT_AVAILABLE detail=
2026-08-26 21:34:07,715 | INFO | edward.autonomous.market_cycle | universe_rejected instrument=a8c17ae2-1b62-43a9-8132-a1df59fd61d1 ticker=STE reason=BUY_NOT_AVAILABLE detail=
2026-08-26 21:34:07,715 | INFO | edward.autonomous.market_cycle | universe_rejected instrument=485aea0c-6583-43ae-92da-3689cc5368ce ticker=JKHY reason=BUY_NOT_AVAILABLE detail=
2026-08-26 21:34:07,715 | INFO | edward.autonomous.market_cycle | universe_rejected instrument=e5a9bbc0-e95c-427b-a8ca-0e54db9c3f4a ticker=MORN reason=BUY_NOT_AVAILABLE detail=
2026-08-26 21:34:07,715 | INFO | edward.autonomous.market_cycle | universe_rejected instrument=6eeb0c40-1a7f-4b57-aeee-a3dbb3846b80 ticker=BAZA reason=CANDLES_UNAVAILABLE detail=_get_candles() takes 2 positional arguments but 5 were given
2026-08-26 21:34:07,715 | INFO | edward.autonomous.market_cycle | universe_rejected instrument=975a6031-a3db-42fc-a7a0-78b98f6cc125 ticker=VVV reason=BUY_NOT_AVAILABLE detail=
2026-08-26 21:34:07,715 | INFO | edward.autonomous.market_cycle | universe_rejected instrument=9c39705a-bd99-4912-9051-92be1bc4dbae ticker=ALXO reason=BUY_NOT_AVAILABLE detail=
2026-08-26 21:34:07,715 | INFO | edward.autonomous.market_cycle | universe_rejected instrument=2df47252-1047-41cf-bce1-5c8fc5a1e8c2 ticker=VLTO reason=BUY_NOT_AVAILABLE detail=
2026-08-26 21:34:07,715 | INFO | edward.autonomous.market_cycle | universe_rejected instrument=61efb81b-1e83-49ad-bda3-20c6fd587ee0 ticker=AX reason=BUY_NOT_AVAILABLE detail=
2026-08-26 21:34:07,715 | INFO | edward.autonomous.market_cycle | universe_rejected instrument=7e58375b-01a1-4a98-850d-0f352eb078af ticker=NOMPP reason=CANDLES_UNAVAILABLE detail=_get_candles() takes 2 positional arguments but 5 were given
2026-08-26 21:34:07,715 | INFO | edward.autonomous.market_cycle | universe_rejected instrument=83b033e1-b983-43fb-8cbf-2223bbfc986b ticker=JACK reason=BUY_NOT_AVAILABLE detail=
2026-08-26 21:34:07,715 | INFO | edward.autonomous.market_cycle | universe_rejected instrument=0d96fc01-e777-44ab-a77e-b485236ee430 ticker=INGR reason=BUY_NOT_AVAILABLE detail=
2026-08-26 21:34:07,715 | INFO | edward.autonomous.market_cycle | universe_rejected instrument=8df3a5cf-05ab-4940-ada8-28b81decec23 ticker=FICO reason=BUY_NOT_AVAILABLE detail=
2026-08-26 21:34:07,715 | INFO | edward.autonomous.market_cycle | universe_rejected instrument=5f858c64-ba9a-4d66-86bf-73b5880cf30f ticker=CHKZ reason=CANDLES_UNAVAILABLE detail=_get_candles() takes 2 positional arguments but 5 were given
2026-08-26 21:34:07,715 | INFO | edward.autonomous.market_cycle | universe_rejected instrument=97424147-4d95-4d4c-872a-774c24f205f8 ticker=LENZ reason=BUY_NOT_AVAILABLE detail=
2026-08-26 21:34:07,715 | INFO | edward.autonomous.market_cycle | universe_rejected instrument=b50a255d-ba51-4784-a11c-271384eecbc8 ticker=TXN reason=BUY_NOT_AVAILABLE detail=
2026-08-26 21:34:07,715 | INFO | edward.autonomous.market_cycle | universe_rejected instrument=690845f6-e0b9-496a-a4e9-0db5027ff884 ticker=CHRS reason=BUY_NOT_AVAILABLE detail=
2026-08-26 21:34:07,715 | INFO | edward.autonomous.market_cycle | universe_rejected instrument=d370686f-3538-4bf7-8876-76cc77729dd1 ticker=HSIC reason=BUY_NOT_AVAILABLE detail=
2026-08-26 21:34:07,715 | INFO | edward.autonomous.market_cycle | universe_rejected instrument=bbdb3b65-9926-4bea-95bb-4a8301d51035 ticker=PEN reason=BUY_NOT_AVAILABLE detail=
2026-08-26 21:34:07,715 | INFO | edward.autonomous.market_cycle | universe_rejected instrument=aeb9107a-a546-4c10-8840-1eac174ea837 ticker=IFF reason=BUY_NOT_AVAILABLE detail=
2026-08-26 21:34:07,715 | INFO | edward.autonomous.market_cycle | universe_rejected instrument=706ebf28-dd94-4af5-9da0-fa94331f5bbd ticker=MSA reason=BUY_NOT_AVAILABLE detail=
2026-08-26 21:34:07,715 | INFO | edward.autonomous.market_cycle | universe_rejected instrument=25908b26-b5a6-4679-abab-dce970b1e303 ticker=PRU reason=BUY_NOT_AVAILABLE detail=
2026-08-26 21:34:07,715 | INFO | edward.autonomous.market_cycle | universe_rejected instrument=c4a9d0c3-025c-43a8-9881-26490ae5dd78 ticker=HEI reason=BUY_NOT_AVAILABLE detail=
2026-08-26 21:34:07,715 | INFO | edward.autonomous.market_cycle | universe_rejected instrument=0d09103e-4676-4805-9028-6fecda547bc9 ticker=URI reason=BUY_NOT_AVAILABLE detail=
2026-08-26 21:34:07,715 | INFO | edward.autonomous.market_cycle | universe_rejected instrument=9ceec7e3-bd2e-49ee-8561-a6a80537981f ticker=RIG reason=BUY_NOT_AVAILABLE detail=
2026-08-26 21:34:07,716 | INFO | edward.autonomous.market_cycle | universe_rejected instrument=5e4e93be-ec3b-4dc1-9004-691f2bbf22b9 ticker=CEG reason=BUY_NOT_AVAILABLE detail=
2026-08-26 21:34:07,716 | INFO | edward.autonomous.market_cycle | universe_rejected instrument=ee5b6129-78aa-4941-bf19-ed46821551e0 ticker=FITB reason=BUY_NOT_AVAILABLE detail=
2026-08-26 21:34:07,716 | INFO | edward.autonomous.market_cycle | universe_rejected instrument=0bdca049-f06d-4a27-b46c-f89236a44727 ticker=KFBA reason=CANDLES_UNAVAILABLE detail=_get_candles() takes 2 positional arguments but 5 were given
2026-08-26 21:34:07,716 | INFO | edward.autonomous.market_cycle | universe_rejected instrument=b09c2b51-9402-4ad0-8b18-1db0eb8a86bb ticker=BIDU reason=BUY_NOT_AVAILABLE detail=
2026-08-26 21:34:07,716 | INFO | edward.autonomous.market_cycle | universe_rejected instrument=b4db40ea-c397-4f8a-b3f6-fcb5892b30e8 ticker=CUBE reason=BUY_NOT_AVAILABLE detail=
2026-08-26 21:34:07,716 | INFO | edward.autonomous.market_cycle | universe_rejected instrument=6b9a0b95-e46e-4831-b65b-143b27799bbb ticker=XRX reason=BUY_NOT_AVAILABLE detail=
2026-08-26 21:34:07,716 | INFO | edward.autonomous.market_cycle | universe_rejected instrument=509edd0c-129c-4ee2-934d-7f6246126da1 ticker=GMKN reason=CANDLES_UNAVAILABLE detail=_get_candles() takes 2 positional arguments but 5 were given
2026-08-26 21:34:07,716 | INFO | edward.autonomous.market_cycle | universe_rejected instrument=caf30a25-dd17-45f4-b01b-8a4bb165e4f2 ticker=KGC reason=BUY_NOT_AVAILABLE detail=
2026-08-26 21:34:07,716 | INFO | edward.autonomous.market_cycle | universe_rejected instrument=5fd6b94d-60c4-467b-b92c-1a469b8d8d1c ticker=AMSF reason=BUY_NOT_AVAILABLE detail=
2026-08-26 21:34:07,716 | INFO | edward.autonomous.market_cycle | universe_rejected instrument=084be5cb-d603-4ef7-929b-655ee270dd26 ticker=MU reason=BUY_NOT_AVAILABLE detail=
2026-08-26 21:34:07,716 | INFO | edward.autonomous.market_cycle | universe_rejected instrument=f9959456-d36a-4b2d-8585-8b37b174063b ticker=SGI reason=BUY_NOT_AVAILABLE detail=
2026-08-26 21:34:07,716 | INFO | edward.autonomous.market_cycle | universe_rejected instrument=49960b88-6eae-4abe-830d-a32713e771f0 ticker=SHEL reason=BUY_NOT_AVAILABLE detail=
2026-08-26 21:34:07,716 | INFO | edward.autonomous.market_cycle | universe_rejected instrument=67063da6-d97e-446c-93a6-9ce8cf40fad3 ticker=BF.B reason=BUY_NOT_AVAILABLE detail=
2026-08-26 21:34:07,716 | INFO | edward.autonomous.market_cycle | universe_rejected instrument=025fcc3e-21a2-4287-ba99-7d3b546a864b ticker=LGIH reason=BUY_NOT_AVAILABLE detail=
2026-08-26 21:34:07,716 | INFO | edward.autonomous.market_cycle | universe_rejected instrument=54325edb-1463-430a-8c70-5287bc5df866 ticker=EG reason=BUY_NOT_AVAILABLE detail=
2026-08-26 21:34:07,716 | INFO | edward.autonomous.market_cycle | universe_rejected instrument=547b07b1-d739-4df8-9cdf-295f681d84a4 ticker=BE reason=BUY_NOT_AVAILABLE detail=
2026-08-26 21:34:07,716 | INFO | edward.autonomous.market_cycle | universe_rejected instrument=8b9f2548-d46a-47ed-9f24-c52502ac26fc ticker=BAC reason=BUY_NOT_AVAILABLE detail=
2026-08-26 21:34:07,716 | INFO | edward.autonomous.market_cycle | universe_rejected instrument=2fcbd213-f9cd-46b7-9f01-283f21cd937a ticker=TREE reason=BUY_NOT_AVAILABLE detail=
2026-08-26 21:34:07,716 | INFO | edward.autonomous.market_cycle | universe_rejected instrument=0054309c-8c00-430e-879f-0c128e6b9802 ticker=V reason=BUY_NOT_AVAILABLE detail=
2026-08-26 21:34:07,716 | INFO | edward.autonomous.market_cycle | universe_rejected instrument=6393e5ac-5608-4b67-adcd-021623ea609b ticker=GEN reason=BUY_NOT_AVAILABLE detail=
2026-08-26 21:34:07,716 | INFO | edward.autonomous.market_cycle | universe_rejected instrument=9cebca20-94ce-4678-aea4-46365b1444a7 ticker=GCO reason=BUY_NOT_AVAILABLE detail=
2026-08-26 21:34:07,716 | INFO | edward.autonomous.market_cycle | universe_rejected instrument=c7db4410-ae26-4d85-adaa-0da9b396c8c7 ticker=CFR reason=BUY_NOT_AVAILABLE detail=
2026-08-26 21:34:07,716 | INFO | edward.autonomous.market_cycle | universe_rejected instrument=3e8c14fa-f2cd-4479-b357-63335e48a18b ticker=AWI reason=BUY_NOT_AVAILABLE detail=
2026-08-26 21:34:07,716 | INFO | edward.autonomous.market_cycle | universe_rejected instrument=46b546ec-d031-4953-b2c5-9a0c432e34bb ticker=RNR reason=BUY_NOT_AVAILABLE detail=
2026-08-26 21:34:07,716 | INFO | edward.autonomous.market_cycle | universe_rejected instrument=4e7f76f8-572b-4581-b029-56d4d450f5f5 ticker=MSCI reason=BUY_NOT_AVAILABLE detail=
2026-08-26 21:34:07,716 | INFO | edward.autonomous.market_cycle | universe_rejected instrument=68fd5ee0-a05b-42a7-b05b-b0bfafef4c57 ticker=BRKR reason=BUY_NOT_AVAILABLE detail=
2026-08-26 21:34:07,716 | INFO | edward.autonomous.market_cycle | universe_rejected instrument=664921c5-b552-47a6-9ced-8735a3c6ca8a ticker=UPRO reason=CANDLES_UNAVAILABLE detail=_get_candles() takes 2 positional arguments but 5 were given
2026-08-26 21:34:07,717 | INFO | edward.autonomous.market_cycle | universe_rejected instrument=78775579-f51a-4be5-a36b-0203de8f2747 ticker=WERN reason=BUY_NOT_AVAILABLE detail=
2026-08-26 21:34:07,717 | INFO | edward.autonomous.market_cycle | universe_rejected instrument=71006e1a-1c3b-4afd-8b77-bf1c7075bd3b ticker=CM reason=BUY_NOT_AVAILABLE detail=
2026-08-26 21:34:07,717 | INFO | edward.autonomous.market_cycle | universe_rejected instrument=11e9f5ae-e34b-4ed2-bf62-22f38f916986 ticker=VNO reason=BUY_NOT_AVAILABLE detail=
2026-08-26 21:34:07,717 | INFO | edward.autonomous.market_cycle | universe_rejected instrument=5a334f63-0eaf-48ba-8101-55a8202c22c6 ticker=WSM reason=BUY_NOT_AVAILABLE detail=
2026-08-26 21:34:07,717 | INFO | edward.autonomous.market_cycle | universe_rejected instrument=2a51f764-f6d9-4ddf-b043-39fe888d50c6 ticker=1880 reason=BUY_NOT_AVAILABLE detail=
2026-08-26 21:34:07,717 | INFO | edward.autonomous.market_cycle | universe_rejected instrument=e9bcc3cc-0aff-41a3-a274-ead563c33fe7 ticker=LBRDK reason=BUY_NOT_AVAILABLE detail=
2026-08-26 21:34:07,717 | INFO | edward.autonomous.market_cycle | universe_rejected instrument=1c5fd815-eb3e-41b1-a5b7-9cc7c905bd78 ticker=APRI reason=CANDLES_UNAVAILABLE detail=_get_candles() takes 2 positional arguments but 5 were given
2026-08-26 21:34:07,717 | INFO | edward.autonomous.market_cycle | universe_rejected instrument=27299c1c-9da6-46c7-97d9-d954b156e587 ticker=MPWR reason=BUY_NOT_AVAILABLE detail=
2026-08-26 21:34:07,717 | INFO | edward.autonomous.market_cycle | universe_rejected instrument=baf2bba1-dc74-4881-8d3a-b8ad2fb4d185 ticker=PBI reason=BUY_NOT_AVAILABLE detail=
2026-08-26 21:34:07,717 | INFO | edward.autonomous.market_cycle | universe_rejected instrument=2ff5c588-1e4c-4a12-a871-a10eab5bb284 ticker=GPC reason=BUY_NOT_AVAILABLE detail=
2026-08-26 21:34:07,717 | INFO | edward.autonomous.market_cycle | universe_rejected instrument=083a1c2f-0bc5-43db-95e7-61e1b459e735 ticker=EXPE reason=BUY_NOT_AVAILABLE detail=
2026-08-26 21:34:07,717 | INFO | edward.autonomous.market_cycle | universe_rejected instrument=98fc1318-6990-4147-b0d1-b10999326461 ticker=MSNG reason=CANDLES_UNAVAILABLE detail=_get_candles() takes 2 positional arguments but 5 were given
2026-08-26 21:34:07,717 | INFO | edward.autonomous.market_cycle | universe_rejected instrument=136739fb-dfcc-4312-af06-d6f657bac08f ticker=CRS reason=BUY_NOT_AVAILABLE detail=
2026-08-26 21:34:07,717 | INFO | edward.autonomous.market_cycle | universe_rejected instrument=53b67587-96eb-4b41-8e0c-d2e3c0bdd234 ticker=AFKS reason=CANDLES_UNAVAILABLE detail=_get_candles() takes 2 positional arguments but 5 were given
2026-08-26 21:34:07,717 | INFO | edward.autonomous.market_cycle | universe_rejected instrument=c17c5885-e15f-4a78-b27d-326be887dc29 ticker=2015 reason=BUY_NOT_AVAILABLE detail=
2026-08-26 21:34:07,717 | INFO | edward.autonomous.market_cycle | universe_rejected instrument=0fc463b0-a04f-4b94-97e8-c0b8e131ff4c ticker=PB reason=BUY_NOT_AVAILABLE detail=
2026-08-26 21:34:07,717 | INFO | edward.autonomous.market_cycle | universe_rejected instrument=2113c648-6459-49c5-bdfc-3c608d2afaa0 ticker=RTSBP reason=CANDLES_UNAVAILABLE detail=_get_candles() takes 2 positional arguments but 5 were given
2026-08-26 21:34:07,717 | INFO | edward.autonomous.market_cycle | universe_rejected instrument=8d83a1e4-4365-43e8-acda-39d84e565361 ticker=ENR reason=BUY_NOT_AVAILABLE detail=
2026-08-26 21:34:07,717 | INFO | edward.autonomous.market_cycle | universe_rejected instrument=22263a4b-8fde-4325-95ea-6137a940e3c3 ticker=BFAM reason=BUY_NOT_AVAILABLE detail=
2026-08-26 21:34:07,717 | INFO | edward.autonomous.market_cycle | universe_rejected instrument=4ad8080e-8fcf-4351-97f4-bf4c34e8d541 ticker=TDC reason=BUY_NOT_AVAILABLE detail=
2026-08-26 21:34:07,717 | INFO | edward.autonomous.market_cycle | universe_rejected instrument=10620843-28ce-44e8-80c2-f26ceb1bd3e1 ticker=PLZL reason=CANDLES_UNAVAILABLE detail=_get_candles() takes 2 positional arguments but 5 were given
2026-08-26 21:34:07,717 | INFO | edward.autonomous.market_cycle | universe_rejected instrument=ad6a036d-d705-4ed2-8fbd-ff2480552d9c ticker=KKR reason=BUY_NOT_AVAILABLE detail=
2026-08-26 21:34:07,717 | INFO | edward.autonomous.market_cycle | universe_rejected instrument=30176832-2f91-4266-b94a-e26540dcad25 ticker=ALC reason=BUY_NOT_AVAILABLE detail=
2026-08-26 21:34:07,717 | INFO | edward.autonomous.market_cycle | universe_rejected instrument=0ec72c44-f2e7-434e-9688-2c3a5184936a ticker=APEI reason=BUY_NOT_AVAILABLE detail=
2026-08-26 21:34:07,717 | INFO | edward.autonomous.market_cycle | universe_rejected instrument=21988b46-7035-4f36-aa84-01c5f5f75298 ticker=SSNC reason=BUY_NOT_AVAILABLE detail=
2026-08-26 21:34:07,717 | INFO | edward.autonomous.market_cycle | universe_rejected instrument=e0c8c1ac-059a-41e9-bf2d-74ad27529073 ticker=BCE reason=BUY_NOT_AVAILABLE detail=
2026-08-26 21:34:07,717 | INFO | edward.autonomous.market_cycle | universe_rejected instrument=0fd508e4-14ea-496a-a45a-555e50333b15 ticker=ACN reason=BUY_NOT_AVAILABLE detail=
2026-08-26 21:34:07,718 | INFO | edward.autonomous.market_cycle | universe_rejected instrument=ab80ad63-00f1-4c9a-815d-f72d92e84be7 ticker=AA reason=BUY_NOT_AVAILABLE detail=
2026-08-26 21:34:07,718 | INFO | edward.autonomous.market_cycle | universe_rejected instrument=02bfcb7b-f625-4c18-9833-b90d48f1f1a4 ticker=1088 reason=BUY_NOT_AVAILABLE detail=
2026-08-26 21:34:07,718 | INFO | edward.autonomous.market_cycle | universe_rejected instrument=97935528-1e9e-434b-b40a-656a328500ae ticker=BOOT reason=BUY_NOT_AVAILABLE detail=
2026-08-26 21:34:07,718 | INFO | edward.autonomous.market_cycle | universe_rejected instrument=bf373701-ea90-4c2c-a338-441342964a81 ticker=NATI reason=BUY_NOT_AVAILABLE detail=
2026-08-26 21:34:07,718 | INFO | edward.autonomous.market_cycle | universe_rejected instrument=deab934f-7e5e-4467-a465-3624c1110e7b ticker=RTSB reason=CANDLES_UNAVAILABLE detail=_get_candles() takes 2 positional arguments but 5 were given
2026-08-26 21:34:07,718 | INFO | edward.autonomous.market_cycle | universe_rejected instrument=f89514e9-ba6f-4ac0-a464-b26c0a4c8881 ticker=GNRC reason=BUY_NOT_AVAILABLE detail=
2026-08-26 21:34:07,718 | INFO | edward.autonomous.market_cycle | universe_rejected instrument=ef7dcdd8-3889-43d1-8f8d-db47d687d68f ticker=TRNO reason=BUY_NOT_AVAILABLE detail=
2026-08-26 21:34:07,718 | INFO | edward.autonomous.market_cycle | universe_rejected instrument=b6890ed8-c6a1-40b5-9c23-7ff77f95bcf5 ticker=WTTR reason=BUY_NOT_AVAILABLE detail=
2026-08-26 21:34:07,718 | INFO | edward.autonomous.market_cycle | universe_rejected instrument=ab29b599-4cb4-4b57-9c17-02b140708bf7 ticker=LEAS reason=CANDLES_UNAVAILABLE detail=_get_candles() takes 2 positional arguments but 5 were given
2026-08-26 21:34:07,718 | INFO | edward.autonomous.market_cycle | universe_rejected instrument=44a1e3e8-b813-46dd-b1f8-d0e9d91c06d2 ticker=RTO reason=BUY_NOT_AVAILABLE detail=
2026-08-26 21:34:07,718 | INFO | edward.autonomous.market_cycle | universe_rejected instrument=fbab1bd8-dd39-4368-8431-f7bbed705c5b ticker=RCUS reason=BUY_NOT_AVAILABLE detail=
2026-08-26 21:34:07,718 | INFO | edward.autonomous.market_cycle | universe_rejected instrument=ca05586d-b2c7-4184-b0c0-5b5c9e9bbcb0 ticker=ARMK reason=BUY_NOT_AVAILABLE detail=
2026-08-26 21:34:07,718 | INFO | edward.autonomous.market_cycle | universe_rejected instrument=412c47a0-f495-4d27-9eec-6f4a36bb1175 ticker=3692 reason=BUY_NOT_AVAILABLE detail=
2026-08-26 21:34:07,718 | INFO | edward.autonomous.market_cycle | universe_rejected instrument=ff14c9fb-29c2-455c-830c-80d3c0a0c5e1 ticker=NGVT reason=BUY_NOT_AVAILABLE detail=
2026-08-26 21:34:07,718 | INFO | edward.autonomous.market_cycle | universe_rejected instrument=c33ce008-6f35-4f36-8a96-47d0fab6e297 ticker=WRBY reason=BUY_NOT_AVAILABLE detail=
2026-08-26 21:34:07,718 | INFO | edward.autonomous.market_cycle | universe_rejected instrument=f8a1293a-86e5-49bc-8fad-8e7ba483ad53 ticker=TPX reason=BUY_NOT_AVAILABLE detail=
2026-08-26 21:34:07,718 | INFO | edward.autonomous.market_cycle | universe_rejected instrument=687f8505-3561-4ec4-b344-77eaa8d0e6e6 ticker=AER reason=BUY_NOT_AVAILABLE detail=
2026-08-26 21:34:07,718 | INFO | edward.autonomous.market_cycle | universe_rejected instrument=e1be5766-c93c-43df-ba6b-4aa970f47219 ticker=LGND reason=BUY_NOT_AVAILABLE detail=
2026-08-26 21:34:07,718 | INFO | edward.autonomous.market_cycle | universe_rejected instrument=29fa9cee-8099-4bb3-a982-5101b0640d47 ticker=CHEF reason=BUY_NOT_AVAILABLE detail=
2026-08-26 21:34:07,718 | INFO | edward.autonomous.market_cycle | universe_rejected instrument=2ca51950-2047-4090-b6ba-6ecd486291a2 ticker=UTAR reason=CANDLES_UNAVAILABLE detail=_get_candles() takes 2 positional arguments but 5 were given
2026-08-26 21:34:07,718 | INFO | edward.autonomous.market_cycle | universe_rejected instrument=f3ef0cc8-5a4c-46b0-8307-be665b270d30 ticker=EME reason=BUY_NOT_AVAILABLE detail=
2026-08-26 21:34:07,718 | INFO | edward.autonomous.market_cycle | universe_rejected instrument=ae75a6f5-af2c-4e6a-ae6f-cbde32b32995 ticker=HTHT reason=BUY_NOT_AVAILABLE detail=
2026-08-26 21:34:07,718 | INFO | edward.autonomous.market_cycle | universe_rejected instrument=e6ac7123-1ccd-4ab1-a7a7-05dca772f160 ticker=SPCE reason=BUY_NOT_AVAILABLE detail=
2026-08-26 21:34:07,718 | INFO | edward.autonomous.market_cycle | universe_rejected instrument=8ec970c7-14cc-49fe-bf42-6ed99a9f8237 ticker=DXC reason=BUY_NOT_AVAILABLE detail=
2026-08-26 21:34:07,718 | INFO | edward.autonomous.market_cycle | universe_rejected instrument=de0158d8-be9a-4383-a8d7-51d2957f09d5 ticker=CVLT reason=BUY_NOT_AVAILABLE detail=
2026-08-26 21:34:07,718 | INFO | edward.autonomous.market_cycle | universe_rejected instrument=bab676e4-18aa-4700-928e-b823902f44c6 ticker=2628 reason=BUY_NOT_AVAILABLE detail=
2026-08-26 21:34:07,718 | INFO | edward.autonomous.market_cycle | universe_rejected instrument=cc8a731f-6f3e-4f10-aa82-8a2300684cb1 ticker=VNDA reason=BUY_NOT_AVAILABLE detail=
2026-08-26 21:34:07,718 | INFO | edward.autonomous.market_cycle | universe_rejected instrument=e027aaaa-cb20-4d48-be23-6d2d4b0edfb8 ticker=AVAN reason=CANDLES_UNAVAILABLE detail=_get_candles() takes 2 positional arguments but 5 were given
2026-08-26 21:34:07,719 | INFO | edward.autonomous.market_cycle | universe_rejected instrument=cd44b94d-d9c1-48bf-bf9b-6197feac8f85 ticker=CIEN reason=BUY_NOT_AVAILABLE detail=
2026-08-26 21:34:07,719 | INFO | edward.autonomous.market_cycle | universe_rejected instrument=7a434671-072d-49ce-a30f-08a7c860e7d4 ticker=MTCH reason=BUY_NOT_AVAILABLE detail=
2026-08-26 21:34:07,719 | INFO | edward.autonomous.market_cycle | universe_rejected instrument=c0d06821-f113-4e1f-aef9-69b32e02e400 ticker=WMB reason=BUY_NOT_AVAILABLE detail=
2026-08-26 21:34:07,719 | INFO | edward.autonomous.market_cycle | universe_rejected instrument=88edcb2d-0d7b-4601-9bfe-6117c759d304 ticker=MXL reason=BUY_NOT_AVAILABLE detail=
2026-08-26 21:34:07,719 | INFO | edward.autonomous.market_cycle | universe_rejected instrument=4e4662f0-6f4c-4e45-b32b-fd2c188fb781 ticker=NSSC reason=BUY_NOT_AVAILABLE detail=
2026-08-26 21:34:07,719 | INFO | edward.autonomous.market_cycle | universe_rejected instrument=b0f8b3a3-6614-4326-b7e7-f130b5bb78e8 ticker=MMS reason=BUY_NOT_AVAILABLE detail=
2026-08-26 21:34:07,719 | INFO | edward.autonomous.market_cycle | universe_rejected instrument=d10182d0-122f-497b-8a94-a58fd738eeef ticker=ADI reason=BUY_NOT_AVAILABLE detail=
2026-08-26 21:34:07,719 | INFO | edward.autonomous.market_cycle | universe_rejected instrument=5f1b8d88-700f-4273-9d2a-72219d429dda ticker=RITM reason=BUY_NOT_AVAILABLE detail=
2026-08-26 21:34:07,719 | INFO | edward.autonomous.market_cycle | universe_rejected instrument=ef80e6ce-e92e-43eb-815e-85a0fd668720 ticker=VIR reason=BUY_NOT_AVAILABLE detail=
2026-08-26 21:34:07,719 | INFO | edward.autonomous.market_cycle | universe_rejected instrument=5f016c4c-5af1-4e0b-8b06-083d9f86090e ticker=EXPD reason=BUY_NOT_AVAILABLE detail=
2026-08-26 21:34:07,719 | INFO | edward.autonomous.market_cycle | universe_rejected instrument=3786c329-9c56-4a57-840a-a02e471f1da5 ticker=FRHC reason=BUY_NOT_AVAILABLE detail=
2026-08-26 21:34:07,719 | INFO | edward.autonomous.market_cycle | universe_rejected instrument=a1b3921b-073c-4eec-9a2a-7a034ba0fd0a ticker=PJT reason=BUY_NOT_AVAILABLE detail=
2026-08-26 21:34:07,719 | INFO | edward.autonomous.market_cycle | universe_rejected instrument=4744e309-4b10-48c7-8dc8-c6ad1ccf5c3b ticker=TUZA reason=CANDLES_UNAVAILABLE detail=_get_candles() takes 2 positional arguments but 5 were given
2026-08-26 21:34:07,719 | INFO | edward.autonomous.market_cycle | universe_rejected instrument=a9a0e58d-eb17-4a6e-9a80-b05c563c446f ticker=KRYS reason=BUY_NOT_AVAILABLE detail=
2026-08-26 21:34:07,719 | INFO | edward.autonomous.market_cycle | universe_rejected instrument=467cd8dd-4fc5-4466-b8ef-24ec635deeda ticker=REX reason=BUY_NOT_AVAILABLE detail=
2026-08-26 21:34:07,719 | INFO | edward.autonomous.market_cycle | universe_rejected instrument=53f09a2d-093f-48ca-9add-893ce152f4ee ticker=PRAA reason=BUY_NOT_AVAILABLE detail=
2026-08-26 21:34:07,719 | INFO | edward.autonomous.market_cycle | universe_rejected instrument=1fae90d9-fb73-4c28-bdc0-11f47f991a05 ticker=CNTLP reason=CANDLES_UNAVAILABLE detail=_get_candles() takes 2 positional arguments but 5 were given
2026-08-26 21:34:07,719 | INFO | edward.autonomous.market_cycle | universe_rejected instrument=affad2be-53f2-4203-bd12-2214e7397dec ticker=DCI reason=BUY_NOT_AVAILABLE detail=
2026-08-26 21:34:07,719 | INFO | edward.autonomous.market_cycle | universe_rejected instrument=7611f4ed-de54-448d-8e82-3a8eeffc158c ticker=HUBG reason=BUY_NOT_AVAILABLE detail=
2026-08-26 21:34:07,719 | INFO | edward.autonomous.market_cycle | universe_rejected instrument=e53f0b8b-9164-4a45-9296-98800b554513 ticker=IT reason=BUY_NOT_AVAILABLE detail=
2026-08-26 21:34:07,719 | INFO | edward.autonomous.market_cycle | universe_rejected instrument=65e3d393-2283-47a7-b473-79999fbda067 ticker=1919 reason=BUY_NOT_AVAILABLE detail=
2026-08-26 21:34:07,719 | INFO | edward.autonomous.market_cycle | universe_rejected instrument=0bfdabdc-9279-4850-be46-93362cdfabc6 ticker=3888 reason=BUY_NOT_AVAILABLE detail=
2026-08-26 21:34:07,719 | INFO | edward.autonomous.market_cycle | universe_rejected instrument=840d4cc6-93a3-474d-a600-07330bdc1eda ticker=AME reason=BUY_NOT_AVAILABLE detail=
2026-08-26 21:34:07,719 | INFO | edward.autonomous.market_cycle | universe_rejected instrument=53eff42c-8fdb-48a2-baea-3a2b9827726d ticker=PSX reason=BUY_NOT_AVAILABLE detail=
2026-08-26 21:34:07,719 | INFO | edward.autonomous.market_cycle | universe_rejected instrument=c490b4f2-77f6-4219-a247-431d26f5ae7b ticker=SBCF reason=BUY_NOT_AVAILABLE detail=
2026-08-26 21:34:07,719 | INFO | edward.autonomous.market_cycle | universe_rejected instrument=d51318f3-4aa4-4a1f-8461-742945f5c9eb ticker=LOGI reason=BUY_NOT_AVAILABLE detail=
2026-08-26 21:34:07,719 | INFO | edward.autonomous.market_cycle | universe_rejected instrument=07fe62e1-03de-40ba-a09a-672b25b82a4a ticker=RRGB reason=BUY_NOT_AVAILABLE detail=
2026-08-26 21:34:07,719 | INFO | edward.autonomous.market_cycle | universe_rejected instrument=c370ffb2-9b34-458c-8e5f-730a1c078633 ticker=TSLA reason=BUY_NOT_AVAILABLE detail=
2026-08-26 21:34:07,720 | INFO | edward.autonomous.market_cycle | universe_rejected instrument=63c0fa02-2796-42aa-8d84-460459133322 ticker=RGR reason=BUY_NOT_AVAILABLE detail=
2026-08-26 21:34:07,720 | INFO | edward.autonomous.market_cycle | universe_rejected instrument=62960227-6bda-492c-aa2b-824f760da88c ticker=EQT reason=BUY_NOT_AVAILABLE detail=
2026-08-26 21:34:07,720 | INFO | edward.autonomous.market_cycle | universe_rejected instrument=12aecfc7-71cd-4527-978b-b727bb24d2a7 ticker=EGHT reason=BUY_NOT_AVAILABLE detail=
2026-08-26 21:34:07,720 | INFO | edward.autonomous.market_cycle | universe_rejected instrument=40529f3f-0e6e-439e-be73-279aa2e3a408 ticker=GDOT reason=BUY_NOT_AVAILABLE detail=
2026-08-26 21:34:07,720 | INFO | edward.autonomous.market_cycle | universe_rejected instrument=fe7e42e0-03d6-4cc7-91b9-deda41310b05 ticker=INSP reason=BUY_NOT_AVAILABLE detail=
2026-08-26 21:34:07,720 | INFO | edward.autonomous.market_cycle | universe_rejected instrument=81575098-df8a-45c4-82dc-1b64374dcfdb ticker=NVDA reason=BUY_NOT_AVAILABLE detail=
2026-08-26 21:34:07,720 | INFO | edward.autonomous.market_cycle | universe_rejected instrument=a42350b5-b402-46df-bcfd-14ffc1928adb ticker=VUZI reason=BUY_NOT_AVAILABLE detail=
2026-08-26 21:34:07,720 | INFO | edward.autonomous.market_cycle | universe_rejected instrument=75e003c2-ca14-4980-8d7b-e82ec6b6ffe1 ticker=OZON reason=CANDLES_UNAVAILABLE detail=_get_candles() takes 2 positional arguments but 5 were given
2026-08-26 21:34:07,720 | INFO | edward.autonomous.market_cycle | universe_rejected instrument=a702cd0c-2b53-4a45-9158-31a6e9df2b65 ticker=AAON reason=BUY_NOT_AVAILABLE detail=
2026-08-26 21:34:07,720 | INFO | edward.autonomous.market_cycle | universe_rejected instrument=88886812-cf07-4119-8fde-270bc6d798a1 ticker=RGEN reason=BUY_NOT_AVAILABLE detail=
2026-08-26 21:34:07,720 | INFO | edward.autonomous.market_cycle | universe_rejected instrument=e7fbead1-dce1-4633-b382-03bac87fa51a ticker=CMRC reason=BUY_NOT_AVAILABLE detail=
2026-08-26 21:34:07,720 | INFO | edward.autonomous.market_cycle | universe_rejected instrument=405badee-e508-40b8-824b-eb811d358787 ticker=GOOG reason=BUY_NOT_AVAILABLE detail=
2026-08-26 21:34:07,720 | INFO | edward.autonomous.market_cycle | universe_rejected instrument=82f8d11f-0307-45c3-bb94-8758a2f673a3 ticker=CNX reason=BUY_NOT_AVAILABLE detail=
2026-08-26 21:34:07,720 | INFO | edward.autonomous.market_cycle | universe_rejected instrument=c1ad8284-45de-468f-8a37-271f254ae601 ticker=AMPH reason=BUY_NOT_AVAILABLE detail=
2026-08-26 21:34:07,720 | INFO | edward.autonomous.market_cycle | universe_rejected instrument=cb9f9c90-81b0-43fc-951f-9983de0c47b5 ticker=AJG reason=BUY_NOT_AVAILABLE detail=
2026-08-26 21:34:07,720 | INFO | edward.autonomous.market_cycle | universe_rejected instrument=84593bea-c463-4c4c-bce1-c205af710844 ticker=GWRE reason=BUY_NOT_AVAILABLE detail=
2026-08-26 21:34:07,720 | INFO | edward.autonomous.market_cycle | universe_rejected instrument=f9259587-5304-42ee-9ec6-c4abfeece909 ticker=PAYC reason=BUY_NOT_AVAILABLE detail=
2026-08-26 21:34:07,720 | INFO | edward.autonomous.market_cycle | universe_rejected instrument=ca4bc3e7-8c3c-45e2-9a39-2bc4f48fd69c ticker=DNLI reason=BUY_NOT_AVAILABLE detail=
2026-08-26 21:34:07,720 | INFO | edward.autonomous.market_cycle | universe_rejected instrument=d24259f0-f199-4b2b-86ff-829f7c21051b ticker=MTD reason=BUY_NOT_AVAILABLE detail=
2026-08-26 21:34:07,720 | INFO | edward.autonomous.market_cycle | universe_rejected instrument=3ffc08e4-388d-4dce-8052-d0f5ff2ba549 ticker=R reason=BUY_NOT_AVAILABLE detail=
2026-08-26 21:34:07,720 | INFO | edward.autonomous.market_cycle | universe_rejected instrument=78365878-89ce-48c6-aa52-cc2046c461b3 ticker=BCRX reason=BUY_NOT_AVAILABLE detail=
2026-08-26 21:34:07,720 | INFO | edward.autonomous.market_cycle | universe_rejected instrument=8421874a-93cb-4998-af97-ee26287c59e8 ticker=VNT reason=BUY_NOT_AVAILABLE detail=
2026-08-26 21:34:07,720 | INFO | edward.autonomous.market_cycle | universe_rejected instrument=9b5f01f6-b836-45e4-af1b-e23cbab34507 ticker=KZIZP reason=CANDLES_UNAVAILABLE detail=_get_candles() takes 2 positional arguments but 5 were given
2026-08-26 21:34:07,720 | INFO | edward.autonomous.market_cycle | universe_rejected instrument=2f72f234-a93d-4854-aa2d-85c646535737 ticker=AVTR reason=BUY_NOT_AVAILABLE detail=
2026-08-26 21:34:07,720 | INFO | edward.autonomous.market_cycle | universe_rejected instrument=014b1f89-58c6-4ac8-9e98-1571420bce14 ticker=CTVA reason=BUY_NOT_AVAILABLE detail=
2026-08-26 21:34:07,720 | INFO | edward.autonomous.market_cycle | universe_rejected instrument=99366be4-994d-45c2-977b-112f04ae78e7 ticker=TGTX reason=BUY_NOT_AVAILABLE detail=
2026-08-26 21:34:07,720 | INFO | edward.autonomous.market_cycle | universe_rejected instrument=40ca6061-9acc-40ec-9571-4c41b10730d9 ticker=LIFE reason=CANDLES_UNAVAILABLE detail=_get_candles() takes 2 positional arguments but 5 were given
2026-08-26 21:34:07,720 | INFO | edward.autonomous.market_cycle | universe_rejected instrument=0b9afb23-280f-4fda-a7ad-816994959c6b ticker=DATA reason=CANDLES_UNAVAILABLE detail=_get_candles() takes 2 positional arguments but 5 were given
2026-08-26 21:34:07,720 | INFO | edward.autonomous.market_cycle | universe_rejected instrument=12812d87-c131-45ba-9ac1-0d3c732a9233 ticker=DG reason=BUY_NOT_AVAILABLE detail=
2026-08-26 21:34:07,720 | INFO | edward.autonomous.market_cycle | universe_rejected instrument=e8d1b48c-7c9e-4018-bc4b-933a1c42177e ticker=BWA reason=BUY_NOT_AVAILABLE detail=
2026-08-26 21:34:07,721 | INFO | edward.autonomous.market_cycle | universe_rejected instrument=458e56ee-b350-4a0b-892d-35c62014c41b ticker=ABM reason=BUY_NOT_AVAILABLE detail=
2026-08-26 21:34:07,721 | INFO | edward.autonomous.market_cycle | universe_rejected instrument=9152dafe-a004-4820-ad97-89ea4a448907 ticker=CENTA reason=BUY_NOT_AVAILABLE detail=
2026-08-26 21:34:07,721 | INFO | edward.autonomous.market_cycle | universe_rejected instrument=bbf021fc-d53e-49a9-b442-39d7f3a3bd2f ticker=FLGT reason=BUY_NOT_AVAILABLE detail=
2026-08-26 21:34:07,721 | INFO | edward.autonomous.market_cycle | universe_rejected instrument=cfb50a23-2465-497e-bc7e-e4f0e042cf3d ticker=IRKT reason=CANDLES_UNAVAILABLE detail=_get_candles() takes 2 positional arguments but 5 were given
2026-08-26 21:34:07,721 | INFO | edward.autonomous.market_cycle | universe_rejected instrument=17fbad56-930e-421b-8e5e-e8ee82444519 ticker=VAL reason=BUY_NOT_AVAILABLE detail=
2026-08-26 21:34:07,721 | INFO | edward.autonomous.market_cycle | universe_rejected instrument=a7db18cb-2609-42ea-afce-2c928c744865 ticker=BJ reason=BUY_NOT_AVAILABLE detail=
2026-08-26 21:34:07,721 | INFO | edward.autonomous.market_cycle | universe_rejected instrument=2118809d-994e-422d-b0a1-7806eb4992ef ticker=HPQ reason=BUY_NOT_AVAILABLE detail=
2026-08-26 21:34:07,721 | INFO | edward.autonomous.market_cycle | universe_rejected instrument=1829a1df-8848-426e-865e-4968e98c21ab ticker=NTR reason=BUY_NOT_AVAILABLE detail=
2026-08-26 21:34:07,721 | INFO | edward.autonomous.market_cycle | universe_rejected instrument=3e20bfa3-c019-4326-9ebc-c7b4cd4bb82f ticker=AOUT reason=BUY_NOT_AVAILABLE detail=
2026-08-26 21:34:07,721 | INFO | edward.autonomous.market_cycle | universe_rejected instrument=79b4083a-ac6b-4be3-a533-442a8ee928f6 ticker=1061 reason=BUY_NOT_AVAILABLE detail=
2026-08-26 21:34:07,721 | INFO | edward.autonomous.market_cycle | universe_rejected instrument=4c34ff9c-5292-4b03-b812-b6a512aac1e1 ticker=CAT reason=BUY_NOT_AVAILABLE detail=
2026-08-26 21:34:07,721 | INFO | edward.autonomous.market_cycle | universe_rejected instrument=1222ff0b-ea25-4012-8a81-a7f8ab0dfeaa ticker=YUMC reason=BUY_NOT_AVAILABLE detail=
2026-08-26 21:34:07,721 | INFO | edward.autonomous.market_cycle | universe_rejected instrument=1980be67-cc3b-4334-b980-3f0d2e0f2b22 ticker=BDTX reason=BUY_NOT_AVAILABLE detail=
2026-08-26 21:34:07,721 | INFO | edward.autonomous.market_cycle | universe_rejected instrument=7a1ace86-de53-472c-a2f0-ee82bcf36178 ticker=TPR reason=BUY_NOT_AVAILABLE detail=
2026-08-26 21:34:07,721 | INFO | edward.autonomous.market_cycle | universe_rejected instrument=d84d1a7f-4ce4-4dda-9cce-1e4b60698367 ticker=NTRS reason=BUY_NOT_AVAILABLE detail=
2026-08-26 21:34:07,721 | INFO | edward.autonomous.market_cycle | universe_rejected instrument=e2c86cb5-20b4-4ab5-9859-fa029344caa4 ticker=PLXS reason=BUY_NOT_AVAILABLE detail=
2026-08-26 21:34:07,721 | INFO | edward.autonomous.market_cycle | universe_rejected instrument=e53026a3-5585-478a-8ae7-59698864f681 ticker=ROST reason=CANDLES_UNAVAILABLE detail=_get_candles() takes 2 positional arguments but 5 were given
2026-08-26 21:34:07,721 | INFO | edward.autonomous.market_cycle | universe_rejected instrument=c2728f98-b50d-4be6-b90a-ba76d2561c96 ticker=UPS reason=BUY_NOT_AVAILABLE detail=
2026-08-26 21:34:07,721 | INFO | edward.autonomous.market_cycle | universe_rejected instrument=d738a3b0-6440-4558-9380-c4dc40003f4a ticker=ARI reason=BUY_NOT_AVAILABLE detail=
2026-08-26 21:34:07,721 | INFO | edward.autonomous.market_cycle | universe_rejected instrument=fa5707a2-9a06-4d82-b5ee-27a4acde0869 ticker=HSKA reason=BUY_NOT_AVAILABLE detail=
2026-08-26 21:34:07,721 | INFO | edward.autonomous.market_cycle | universe_rejected instrument=970ba4a7-b33d-4c89-a838-0644e3a13a61 ticker=FDX reason=BUY_NOT_AVAILABLE detail=
2026-08-26 21:34:07,721 | INFO | edward.autonomous.market_cycle | universe_rejected instrument=27d989f0-cc2f-436e-b613-cca64f978059 ticker=CNI reason=BUY_NOT_AVAILABLE detail=
2026-08-26 21:34:07,721 | INFO | edward.autonomous.market_cycle | universe_rejected instrument=665cab9c-4871-480d-ba4e-d3ea57e07e2c ticker=DBX reason=BUY_NOT_AVAILABLE detail=
2026-08-26 21:34:07,721 | INFO | edward.autonomous.market_cycle | universe_rejected instrument=76721c1c-52a9-4b45-987e-d075f651f1b1 ticker=TTLK reason=CANDLES_UNAVAILABLE detail=_get_candles() takes 2 positional arguments but 5 were given
2026-08-26 21:34:07,721 | INFO | edward.autonomous.market_cycle | universe_rejected instrument=edeab7d2-9a46-47c4-abec-585867359e66 ticker=CNP reason=BUY_NOT_AVAILABLE detail=
2026-08-26 21:34:07,721 | INFO | edward.autonomous.market_cycle | universe_rejected instrument=717ddee6-6204-4854-b4fb-17b9b6029060 ticker=SLAB reason=BUY_NOT_AVAILABLE detail=
2026-08-26 21:34:07,721 | INFO | edward.autonomous.market_cycle | universe_rejected instrument=dbb30d1d-4630-47d7-9417-a825d55fff3b ticker=OSIS reason=BUY_NOT_AVAILABLE detail=
2026-08-26 21:34:07,721 | INFO | edward.autonomous.market_cycle | universe_rejected instrument=e2c487ea-b83d-4493-a684-954fc05e01c6 ticker=CWH reason=BUY_NOT_AVAILABLE detail=
2026-08-26 21:34:07,721 | INFO | edward.autonomous.market_cycle | universe_rejected instrument=151089ed-f858-44fa-8079-1d32667d80c9 ticker=DLTR reason=BUY_NOT_AVAILABLE detail=
2026-08-26 21:34:07,721 | INFO | edward.autonomous.market_cycle | universe_rejected instrument=196cf251-3a43-4a95-bb5d-d5e46a602eeb ticker=GTX reason=BUY_NOT_AVAILABLE detail=
2026-08-26 21:34:07,722 | INFO | edward.autonomous.market_cycle | universe_rejected instrument=d8c913dd-089f-4824-8db8-978e242f48de ticker=CHGG reason=BUY_NOT_AVAILABLE detail=
2026-08-26 21:34:07,722 | INFO | edward.autonomous.market_cycle | universe_rejected instrument=730e3633-8f45-4a46-8642-a8cb1ae9fdf3 ticker=KVYO reason=BUY_NOT_AVAILABLE detail=
2026-08-26 21:34:07,722 | INFO | edward.autonomous.market_cycle | universe_rejected instrument=b34959df-518b-433d-8f1c-78ea0daa16ad ticker=LOW reason=BUY_NOT_AVAILABLE detail=
2026-08-26 21:34:07,722 | INFO | edward.autonomous.market_cycle | universe_rejected instrument=2a828e19-88a0-4c1a-8f48-bdd6b5e2f903 ticker=AZO reason=BUY_NOT_AVAILABLE detail=
2026-08-26 21:34:07,722 | INFO | edward.autonomous.market_cycle | universe_rejected instrument=9b5366b0-2a2e-4074-ace6-d844fefee42b ticker=NNSB reason=CANDLES_UNAVAILABLE detail=_get_candles() takes 2 positional arguments but 5 were given
2026-08-26 21:34:07,722 | INFO | edward.autonomous.market_cycle | universe_rejected instrument=bd50f6c2-cf14-4d9a-b82d-83ec28169043 ticker=MCO reason=BUY_NOT_AVAILABLE detail=
2026-08-26 21:34:07,722 | INFO | edward.autonomous.market_cycle | universe_rejected instrument=f28067bf-5065-410d-ad52-13f8a5e006bd ticker=916 reason=BUY_NOT_AVAILABLE detail=
2026-08-26 21:34:07,722 | INFO | edward.autonomous.market_cycle | universe_rejected instrument=deebfa10-8f1a-4ae8-83c7-7aa4a95e55c7 ticker=CHPT reason=BUY_NOT_AVAILABLE detail=
2026-08-26 21:34:07,722 | INFO | edward.autonomous.market_cycle | universe_rejected instrument=1fbecbbc-ef32-448c-b4fe-b0037795ba01 ticker=SVCB reason=CANDLES_UNAVAILABLE detail=_get_candles() takes 2 positional arguments but 5 were given
2026-08-26 21:34:07,722 | INFO | edward.autonomous.market_cycle | universe_rejected instrument=7e75fb01-3783-44f8-a8c2-aca99509aa86 ticker=FFIN reason=BUY_NOT_AVAILABLE detail=
2026-08-26 21:34:07,722 | INFO | edward.autonomous.market_cycle | universe_rejected instrument=e808331f-ec46-489f-b5e4-2836ba3ed877 ticker=HIG reason=BUY_NOT_AVAILABLE detail=
2026-08-26 21:34:07,722 | INFO | edward.autonomous.market_cycle | universe_rejected instrument=b1afb668-8dfc-4ff5-aa99-afa77e5a4b6e ticker=WAT reason=BUY_NOT_AVAILABLE detail=
2026-08-26 21:34:07,722 | INFO | edward.autonomous.market_cycle | universe_rejected instrument=ddc1a8b9-2962-41e5-8499-0a97779987e4 ticker=CDW reason=BUY_NOT_AVAILABLE detail=
2026-08-26 21:34:07,722 | INFO | edward.autonomous.market_cycle | universe_rejected instrument=b0842c06-4cdd-4be1-a654-da636602fe17 ticker=HOG reason=BUY_NOT_AVAILABLE detail=
2026-08-26 21:34:07,722 | INFO | edward.autonomous.market_cycle | universe_rejected instrument=815ae0ce-514e-4fa3-b2a5-e3688688036c ticker=MED reason=BUY_NOT_AVAILABLE detail=
2026-08-26 21:34:07,722 | INFO | edward.autonomous.market_cycle | universe_rejected instrument=55b9479a-0f70-4eda-9b73-90310f3c0295 ticker=UGI reason=BUY_NOT_AVAILABLE detail=
2026-08-26 21:34:07,722 | INFO | edward.autonomous.market_cycle | universe_rejected instrument=24b8c4f8-3551-4f61-844f-f0fd14dbadd6 ticker=GTLB reason=BUY_NOT_AVAILABLE detail=
2026-08-26 21:34:07,722 | INFO | edward.autonomous.market_cycle | universe_rejected instrument=149c55d2-81f2-4118-8e4e-2cf50fbd45f3 ticker=386 reason=BUY_NOT_AVAILABLE detail=
2026-08-26 21:34:07,722 | INFO | edward.autonomous.market_cycle | universe_rejected instrument=63e11274-3339-42f5-acc5-b1b8d91f575a ticker=VIRT reason=BUY_NOT_AVAILABLE detail=
2026-08-26 21:34:07,722 | INFO | edward.autonomous.market_cycle | universe_rejected instrument=7207bed8-24a7-4d8d-8020-e9a81551a825 ticker=GEVO reason=BUY_NOT_AVAILABLE detail=
2026-08-26 21:34:07,722 | INFO | edward.autonomous.market_cycle | universe_rejected instrument=293dfdc7-2b09-4476-ba08-6eacdf3c4b44 ticker=700 reason=BUY_NOT_AVAILABLE detail=
2026-08-26 21:34:07,722 | INFO | edward.autonomous.market_cycle | universe_rejected instrument=0542095e-0dca-48a6-ae49-a7d892c38acb ticker=VREX reason=BUY_NOT_AVAILABLE detail=
2026-08-26 21:34:07,722 | INFO | edward.autonomous.market_cycle | universe_rejected instrument=736cad0f-0dae-4828-bac3-8c157f0d0074 ticker=TRMB reason=BUY_NOT_AVAILABLE detail=
2026-08-26 21:34:07,722 | INFO | edward.autonomous.market_cycle | universe_rejected instrument=2e3a05e2-4646-48ed-8faa-4c2f8937bfc1 ticker=SHOP reason=BUY_NOT_AVAILABLE detail=
2026-08-26 21:34:07,722 | INFO | edward.autonomous.market_cycle | universe_rejected instrument=0fbcabab-f5c9-4e6b-8b56-88922f9c85cb ticker=ITGR reason=BUY_NOT_AVAILABLE detail=
2026-08-26 21:34:07,722 | INFO | edward.autonomous.market_cycle | universe_rejected instrument=8c74d943-b2bd-4553-898b-f103ce359f4d ticker=YUM reason=BUY_NOT_AVAILABLE detail=
2026-08-26 21:34:07,722 | INFO | edward.autonomous.market_cycle | universe_rejected instrument=a2045d7a-0630-4625-8996-a91f4936356c ticker=ALRM reason=BUY_NOT_AVAILABLE detail=
2026-08-26 21:34:07,722 | INFO | edward.autonomous.market_cycle | universe_rejected instrument=b53707e3-f9a1-4fd1-a045-fde7d66baf96 ticker=GEF reason=BUY_NOT_AVAILABLE detail=
2026-08-26 21:34:07,722 | INFO | edward.autonomous.market_cycle | universe_rejected instrument=c0e88a77-3f7b-4163-855d-ea52d31739c3 ticker=BXMT reason=BUY_NOT_AVAILABLE detail=
2026-08-26 21:34:07,722 | INFO | edward.autonomous.market_cycle | universe_rejected instrument=08f988ce-ac68-4d41-a5f4-7d006c8c4f8c ticker=SNOW reason=BUY_NOT_AVAILABLE detail=
2026-08-26 21:34:07,722 | INFO | edward.autonomous.market_cycle | universe_rejected instrument=437f26d8-17ae-4938-a847-a27bf222afbb ticker=PATH reason=BUY_NOT_AVAILABLE detail=
2026-08-26 21:34:07,723 | INFO | edward.autonomous.market_cycle | universe_rejected instrument=a01579a2-cec2-4fff-8f93-7c284240a3b8 ticker=BLDR reason=BUY_NOT_AVAILABLE detail=
2026-08-26 21:34:07,723 | INFO | edward.autonomous.market_cycle | universe_rejected instrument=b8c992db-6cb8-449e-8602-bb4252a28ea4 ticker=SARE reason=CANDLES_UNAVAILABLE detail=_get_candles() takes 2 positional arguments but 5 were given
2026-08-26 21:34:07,723 | INFO | edward.autonomous.market_cycle | universe_rejected instrument=7d263ff7-ec01-4688-9062-8448bc1a2ecc ticker=INTU reason=BUY_NOT_AVAILABLE detail=
2026-08-26 21:34:07,723 | INFO | edward.autonomous.market_cycle | universe_rejected instrument=fbc2eb4e-997e-4654-a1b1-4055e238bd00 ticker=GEMC reason=CANDLES_UNAVAILABLE detail=_get_candles() takes 2 positional arguments but 5 were given
2026-08-26 21:34:07,723 | INFO | edward.autonomous.market_cycle | universe_rejected instrument=e231df82-97dd-4d60-8b21-815f689732ac ticker=TCX reason=BUY_NOT_AVAILABLE detail=
2026-08-26 21:34:07,723 | INFO | edward.autonomous.market_cycle | universe_rejected instrument=9978b56f-782a-4a80-a4b1-a48cbecfd194 ticker=PHOR reason=CANDLES_UNAVAILABLE detail=_get_candles() takes 2 positional arguments but 5 were given
2026-08-26 21:34:07,723 | INFO | edward.autonomous.market_cycle | universe_rejected instrument=268aa705-2ff3-4cd4-9436-c82aedb164ad ticker=DUK reason=BUY_NOT_AVAILABLE detail=
2026-08-26 21:34:07,723 | INFO | edward.autonomous.market_cycle | universe_rejected instrument=2fa1d15e-236c-4e4e-8155-f740badfece6 ticker=HNFG reason=CANDLES_UNAVAILABLE detail=_get_candles() takes 2 positional arguments but 5 were given
2026-08-26 21:34:07,723 | INFO | edward.autonomous.market_cycle | universe_rejected instrument=06a747c6-8d3a-4a17-b978-73bc1c0e1082 ticker=BWXT reason=BUY_NOT_AVAILABLE detail=
2026-08-26 21:34:07,723 | INFO | edward.autonomous.market_cycle | universe_rejected instrument=1bc59961-8429-48b0-a931-b5597cb7264a ticker=RS reason=BUY_NOT_AVAILABLE detail=
2026-08-26 21:34:07,723 | INFO | edward.autonomous.market_cycle | universe_rejected instrument=cf9ed7ef-784d-4c2c-aabe-362891fcd80c ticker=HHRU reason=BUY_NOT_AVAILABLE detail=
2026-08-26 21:34:07,723 | INFO | edward.autonomous.market_cycle | universe_rejected instrument=ddc7adc7-c7ff-408a-8e41-1e506e012e1d ticker=CAH reason=BUY_NOT_AVAILABLE detail=
2026-08-26 21:34:07,723 | INFO | edward.autonomous.market_cycle | universe_rejected instrument=e271b0bc-20b4-4f71-8ba6-2bd6b3315e17 ticker=868 reason=BUY_NOT_AVAILABLE detail=
2026-08-26 21:34:07,723 | INFO | edward.autonomous.market_cycle | universe_rejected instrument=1f4723d6-e0de-4042-9d66-d0fe3e0199bd ticker=KEY reason=BUY_NOT_AVAILABLE detail=
2026-08-26 21:34:07,724 | INFO | edward.autonomous.market_cycle | universe_rejected instrument=29f68c60-14e7-44cc-bcb3-1c9b448b88eb ticker=WTS reason=BUY_NOT_AVAILABLE detail=
2026-08-26 21:34:07,724 | INFO | edward.autonomous.market_cycle | universe_rejected instrument=6f2c6950-28e5-4d65-8c1e-01f83bf38660 ticker=MDB reason=BUY_NOT_AVAILABLE detail=
2026-08-26 21:34:07,724 | INFO | edward.autonomous.market_cycle | universe_rejected instrument=7e669c8c-ed3e-4f86-a255-8af223f9b824 ticker=YRSB reason=CANDLES_UNAVAILABLE detail=_get_candles() takes 2 positional arguments but 5 were given
2026-08-26 21:34:07,724 | INFO | edward.autonomous.market_cycle | universe_rejected instrument=6d1fe262-7e20-4982-9951-1631e925906e ticker=NOK reason=BUY_NOT_AVAILABLE detail=
2026-08-26 21:34:07,724 | INFO | edward.autonomous.market_cycle | universe_rejected instrument=efdb54d3-2f92-44da-b7a3-8849e96039f6 ticker=TATNP reason=CANDLES_UNAVAILABLE detail=_get_candles() takes 2 positional arguments but 5 were given
2026-08-26 21:34:07,724 | INFO | edward.autonomous.market_cycle | universe_rejected instrument=0fde8a30-a9b3-4e85-b11c-c722a64ef443 ticker=1099 reason=BUY_NOT_AVAILABLE detail=
2026-08-26 21:34:07,724 | INFO | edward.autonomous.market_cycle | universe_rejected instrument=746f619a-cef1-44b2-8cb1-8a53f9fc3b84 ticker=CB reason=BUY_NOT_AVAILABLE detail=
2026-08-26 21:34:07,724 | INFO | edward.autonomous.market_cycle | universe_rejected instrument=d75e9d4d-bc9b-4357-a67f-3c45cf64acb0 ticker=DVA reason=BUY_NOT_AVAILABLE detail=
2026-08-26 21:34:07,724 | INFO | edward.autonomous.market_cycle | universe_rejected instrument=6d4a424f-4c69-4c24-b75f-4859ce422bd1 ticker=2319 reason=BUY_NOT_AVAILABLE detail=
2026-08-26 21:34:07,724 | INFO | edward.autonomous.market_cycle | universe_rejected instrument=6cdb74c4-2100-433b-9d6d-34961a322611 ticker=NYT reason=BUY_NOT_AVAILABLE detail=
2026-08-26 21:34:07,724 | INFO | edward.autonomous.market_cycle | universe_rejected instrument=a9132bc7-2b3c-430f-95ac-2db8392a02f1 ticker=MOS reason=BUY_NOT_AVAILABLE detail=
2026-08-26 21:34:07,724 | INFO | edward.autonomous.market_cycle | universe_rejected instrument=374f636a-cfdc-4ef8-8bcd-fe0e38f908e0 ticker=YEXT reason=BUY_NOT_AVAILABLE detail=
2026-08-26 21:34:07,724 | INFO | edward.autonomous.market_cycle | universe_rejected instrument=a8cd2735-0247-4802-a745-c61ed8ceb1b2 ticker=KD reason=BUY_NOT_AVAILABLE detail=
2026-08-26 21:34:07,724 | INFO | edward.autonomous.market_cycle | universe_rejected instrument=81863ddb-2afc-42c1-958f-c5ef4ec337dd ticker=FLR reason=BUY_NOT_AVAILABLE detail=
2026-08-26 21:34:07,724 | INFO | edward.autonomous.market_cycle | universe_rejected instrument=e27249eb-5146-437a-9218-2a117b19c040 ticker=UEC reason=BUY_NOT_AVAILABLE detail=
2026-08-26 21:34:07,724 | INFO | edward.autonomous.market_cycle | universe_rejected instrument=1c4c739a-edaa-432a-93b1-9eb4a98cf812 ticker=ZNTL reason=BUY_NOT_AVAILABLE detail=
2026-08-26 21:34:07,724 | INFO | edward.autonomous.market_cycle | universe_rejected instrument=205b66cd-fa09-4fbd-85c3-46eefc9eff40 ticker=KROTP reason=CANDLES_UNAVAILABLE detail=_get_candles() takes 2 positional arguments but 5 were given
2026-08-26 21:34:07,724 | INFO | edward.autonomous.market_cycle | universe_rejected instrument=3300af10-d71a-479c-b514-1e8674785cca ticker=WDAY reason=BUY_NOT_AVAILABLE detail=
2026-08-26 21:34:07,724 | INFO | edward.autonomous.market_cycle | universe_rejected instrument=2bba0d82-7c80-4515-bffc-b9c5ca46932a ticker=1299 reason=BUY_NOT_AVAILABLE detail=
2026-08-26 21:34:07,724 | INFO | edward.autonomous.market_cycle | universe_rejected instrument=7132b1c9-ee26-4464-b5b5-1046264b61d9 ticker=MAGN reason=CANDLES_UNAVAILABLE detail=_get_candles() takes 2 positional arguments but 5 were given
2026-08-26 21:34:07,724 | INFO | edward.autonomous.market_cycle | universe_rejected instrument=8e2b0325-0292-4654-8a18-4f63ed3b0e09 ticker=VTBR reason=CANDLES_UNAVAILABLE detail=_get_candles() takes 2 positional arguments but 5 were given
2026-08-26 21:34:07,724 | INFO | edward.autonomous.market_cycle | universe_rejected instrument=828d8785-5b64-4f68-b538-b7d20a0f6327 ticker=LUMN reason=BUY_NOT_AVAILABLE detail=
2026-08-26 21:34:07,724 | INFO | edward.autonomous.market_cycle | universe_rejected instrument=295c1db2-e115-4599-a9b6-1995960969c1 ticker=AON reason=BUY_NOT_AVAILABLE detail=
2026-08-26 21:34:07,724 | INFO | edward.autonomous.market_cycle | universe_rejected instrument=add8f614-caf0-411e-9a44-859581115e97 ticker=TTD reason=BUY_NOT_AVAILABLE detail=
2026-08-26 21:34:07,724 | INFO | edward.autonomous.market_cycle | universe_rejected instrument=68f42820-44ad-4e17-a8b3-30401d51ad30 ticker=EFX reason=BUY_NOT_AVAILABLE detail=
2026-08-26 21:34:07,725 | INFO | edward.autonomous.market_cycle | universe_rejected instrument=9444a7b2-a9c1-4cf7-80cb-3827fb8a7a62 ticker=MKC reason=BUY_NOT_AVAILABLE detail=
2026-08-26 21:34:07,725 | INFO | edward.autonomous.market_cycle | universe_rejected instrument=2c4f2a36-2516-406c-b1f7-b14390f54e44 ticker=SBAC reason=BUY_NOT_AVAILABLE detail=
2026-08-26 21:34:07,725 | INFO | edward.autonomous.market_cycle | universe_rejected instrument=d8fd77dc-9a9c-4a47-8c0f-dcfd406d594b ticker=TOL reason=BUY_NOT_AVAILABLE detail=
2026-08-26 21:34:07,725 | INFO | edward.autonomous.market_cycle | universe_rejected instrument=7731e92e-293d-4f97-bced-273d9d7258c1 ticker=SPG reason=BUY_NOT_AVAILABLE detail=
2026-08-26 21:34:07,725 | INFO | edward.autonomous.market_cycle | universe_rejected instrument=0618734b-4037-41bf-9d0f-a11af704ad81 ticker=AWK reason=BUY_NOT_AVAILABLE detail=
2026-08-26 21:34:07,725 | INFO | edward.autonomous.market_cycle | universe_rejected instrument=e941251d-3c3b-4700-be6a-f4d48a5a063e ticker=SCL reason=BUY_NOT_AVAILABLE detail=
2026-08-26 21:34:07,725 | INFO | edward.autonomous.market_cycle | universe_rejected instrument=2241690d-90f0-45c4-a8d7-69575f746ea8 ticker=DASH reason=BUY_NOT_AVAILABLE detail=
2026-08-26 21:34:07,725 | INFO | edward.autonomous.market_cycle | universe_rejected instrument=9d5c3f55-e039-4ac5-ad08-afdb65aa6c54 ticker=1044 reason=BUY_NOT_AVAILABLE detail=
2026-08-26 21:34:07,725 | INFO | edward.autonomous.market_cycle | universe_rejected instrument=7d24ab0a-e707-4a9e-8d78-6ee07e164881 ticker=TSM reason=BUY_NOT_AVAILABLE detail=
2026-08-26 21:34:07,725 | INFO | edward.autonomous.market_cycle | universe_rejected instrument=865e162c-19aa-4340-862f-829aae970692 ticker=SLP reason=BUY_NOT_AVAILABLE detail=
2026-08-26 21:34:07,725 | INFO | edward.autonomous.market_cycle | universe_rejected instrument=a5e1bcb3-3dc8-4c70-afa6-0b13bdced327 ticker=EAF reason=BUY_NOT_AVAILABLE detail=
2026-08-26 21:34:07,725 | INFO | edward.autonomous.market_cycle | universe_rejected instrument=f06a87cb-6a2f-42be-85ea-6698d3a62037 ticker=WTCM reason=CANDLES_UNAVAILABLE detail=_get_candles() takes 2 positional arguments but 5 were given
2026-08-26 21:34:07,725 | INFO | edward.autonomous.market_cycle | universe_rejected instrument=bd99a6d7-d939-45f5-9e4d-f84e9bcd3df5 ticker=BBWI reason=BUY_NOT_AVAILABLE detail=
2026-08-26 21:34:07,725 | INFO | edward.autonomous.market_cycle | universe_rejected instrument=8e70462e-f669-493f-9a96-84f0b9a52641 ticker=SRE reason=BUY_NOT_AVAILABLE detail=
2026-08-26 21:34:07,725 | INFO | edward.autonomous.market_cycle | universe_rejected instrument=205d63d0-153c-4ba5-80f3-bd6ec6d3c8ea ticker=16 reason=BUY_NOT_AVAILABLE detail=
2026-08-26 21:34:07,725 | INFO | edward.autonomous.market_cycle | universe_rejected instrument=3e47818c-6161-405e-a8e1-c332a4bc9d2a ticker=AVXL reason=BUY_NOT_AVAILABLE detail=
2026-08-26 21:34:07,725 | INFO | edward.autonomous.market_cycle | universe_rejected instrument=e2d9a349-78ea-42d1-9249-613f5259cc54 ticker=ATI reason=BUY_NOT_AVAILABLE detail=
2026-08-26 21:34:07,725 | INFO | edward.autonomous.market_cycle | universe_rejected instrument=cf34432d-7a69-42d2-aef0-defdd064bbf4 ticker=2328 reason=BUY_NOT_AVAILABLE detail=
2026-08-26 21:34:07,725 | INFO | edward.autonomous.market_cycle | universe_rejected instrument=dec01cd8-f2a6-4a9c-8982-de4f40143959 ticker=CLSK reason=BUY_NOT_AVAILABLE detail=
2026-08-26 21:34:07,725 | INFO | edward.autonomous.market_cycle | universe_rejected instrument=7bb4037a-5ee5-4590-b021-ec1a6080c672 ticker=LCID reason=BUY_NOT_AVAILABLE detail=
2026-08-26 21:34:07,725 | INFO | edward.autonomous.market_cycle | universe_rejected instrument=f268626c-be42-457e-90fc-65a8ef94a082 ticker=ARNC reason=BUY_NOT_AVAILABLE detail=
2026-08-26 21:34:07,725 | INFO | edward.autonomous.market_cycle | universe_rejected instrument=199dbed4-a36f-4d9d-bd9e-18b7a9d3c609 ticker=MKTX reason=BUY_NOT_AVAILABLE detail=
2026-08-26 21:34:07,725 | INFO | edward.autonomous.market_cycle | universe_rejected instrument=51bbf7ff-cf80-444d-aad1-9c0bd03ab906 ticker=INMD reason=BUY_NOT_AVAILABLE detail=
2026-08-26 21:34:07,725 | INFO | edward.autonomous.market_cycle | universe_rejected instrument=78b7146b-189f-4e0b-a62e-435f570b3293 ticker=HBAN reason=BUY_NOT_AVAILABLE detail=
2026-08-26 21:34:07,725 | INFO | edward.autonomous.market_cycle | universe_rejected instrument=d2bf903e-5a95-4f2a-af18-827a9e8e703e ticker=LPSN reason=BUY_NOT_AVAILABLE detail=
2026-08-26 21:34:07,725 | INFO | edward.autonomous.market_cycle | universe_rejected instrument=86e90a64-58d3-4bc9-921c-e963cf1e53e3 ticker=1385 reason=BUY_NOT_AVAILABLE detail=
2026-08-26 21:34:07,726 | INFO | edward.autonomous.market_cycle | universe_rejected instrument=a5776620-1e2f-47ea-bbd6-06d8e4a236d8 ticker=BANEP reason=CANDLES_UNAVAILABLE detail=_get_candles() takes 2 positional arguments but 5 were given
2026-08-26 21:34:07,726 | INFO | edward.autonomous.market_cycle | universe_rejected instrument=32bc81dd-8d7c-4def-abad-e05d43b3d367 ticker=BRX reason=BUY_NOT_AVAILABLE detail=
2026-08-26 21:34:07,726 | INFO | edward.autonomous.market_cycle | universe_rejected instrument=76782b62-da07-43f3-a6bb-61557a96173e ticker=NDSN reason=BUY_NOT_AVAILABLE detail=
2026-08-26 21:34:07,726 | INFO | edward.autonomous.market_cycle | universe_rejected instrument=e7062457-f2a7-43fe-99fd-be441a0227fb ticker=RARE reason=BUY_NOT_AVAILABLE detail=
2026-08-26 21:34:07,726 | INFO | edward.autonomous.market_cycle | universe_rejected instrument=2a3ac153-f5fb-4f6d-af66-38a8d2b2eacb ticker=OKEY reason=CANDLES_UNAVAILABLE detail=_get_candles() takes 2 positional arguments but 5 were given
2026-08-26 21:34:07,726 | INFO | edward.autonomous.market_cycle | universe_rejected instrument=4274413c-e07d-4ced-9fb9-1c87a5ed057a ticker=1658 reason=BUY_NOT_AVAILABLE detail=
2026-08-26 21:34:07,726 | INFO | edward.autonomous.market_cycle | universe_rejected instrument=421a4e43-30ad-493a-9a0e-26dff183b008 ticker=ANDE reason=BUY_NOT_AVAILABLE detail=
2026-08-26 21:34:07,726 | INFO | edward.autonomous.market_cycle | universe_rejected instrument=99fbf6b3-e90b-4d47-b8a2-2e2876657aee ticker=UFPI reason=BUY_NOT_AVAILABLE detail=
2026-08-26 21:34:07,726 | INFO | edward.autonomous.market_cycle | universe_rejected instrument=78e02586-0bdc-4ad7-b9a6-095d38daf2c8 ticker=GRMN reason=BUY_NOT_AVAILABLE detail=
2026-08-26 21:34:07,726 | INFO | edward.autonomous.market_cycle | universe_rejected instrument=c63b9051-756e-46a3-a404-bd0e1e23fdec ticker=MGY reason=BUY_NOT_AVAILABLE detail=
2026-08-26 21:34:07,726 | INFO | edward.autonomous.market_cycle | universe_rejected instrument=0401e850-fd49-4d7f-afcf-b40f9f25c2a6 ticker=PSEC reason=BUY_NOT_AVAILABLE detail=
2026-08-26 21:34:07,726 | INFO | edward.autonomous.market_cycle | universe_rejected instrument=67d223a5-49ed-4479-bf8b-19e18567db74 ticker=BDX reason=BUY_NOT_AVAILABLE detail=
2026-08-26 21:34:07,726 | INFO | edward.autonomous.market_cycle | universe_rejected instrument=dd8c4326-5329-4c67-bacf-ef0f1e419846 ticker=SONO reason=BUY_NOT_AVAILABLE detail=
2026-08-26 21:34:07,726 | INFO | edward.autonomous.market_cycle | universe_rejected instrument=9a41ec6e-edf0-4863-9ec0-fb3a5c6811e2 ticker=MRKP reason=CANDLES_UNAVAILABLE detail=_get_candles() takes 2 positional arguments but 5 were given
2026-08-26 21:34:07,726 | INFO | edward.autonomous.market_cycle | universe_rejected instrument=4d256912-bd91-4303-848a-b7e952c05690 ticker=DOCS reason=BUY_NOT_AVAILABLE detail=
2026-08-26 21:34:07,726 | INFO | edward.autonomous.market_cycle | universe_rejected instrument=db7f9521-15ec-48d8-86d2-30928d6080a7 ticker=FR reason=BUY_NOT_AVAILABLE detail=
2026-08-26 21:34:07,726 | INFO | edward.autonomous.market_cycle | universe_rejected instrument=6855d24d-9a7b-4c04-9969-07aa4d99b3c5 ticker=CVCO reason=BUY_NOT_AVAILABLE detail=
2026-08-26 21:34:07,726 | INFO | edward.autonomous.market_cycle | universe_rejected instrument=27ab7e0b-6c3e-4773-b042-2591f34a14ea ticker=TRV reason=BUY_NOT_AVAILABLE detail=
2026-08-26 21:34:07,726 | INFO | edward.autonomous.market_cycle | universe_rejected instrument=3e9f65ad-58c5-4147-b33b-db416ea06773 ticker=SAH reason=BUY_NOT_AVAILABLE detail=
2026-08-26 21:34:07,726 | INFO | edward.autonomous.market_cycle | universe_rejected instrument=21423d2d-9009-4d37-9325-883b368d13ae ticker=FLOT reason=CANDLES_UNAVAILABLE detail=_get_candles() takes 2 positional arguments but 5 were given
2026-08-26 21:34:07,726 | INFO | edward.autonomous.market_cycle | universe_rejected instrument=9da7d429-6884-4140-914c-14d0d5b6735d ticker=ENS reason=BUY_NOT_AVAILABLE detail=
2026-08-26 21:34:07,726 | INFO | edward.autonomous.market_cycle | universe_rejected instrument=67e4811b-17b6-4622-9dec-05c52c15cdd8 ticker=BKNG reason=BUY_NOT_AVAILABLE detail=
2026-08-26 21:34:07,726 | INFO | edward.autonomous.market_cycle | universe_rejected instrument=f84e6d6e-5720-4f16-b78b-e62f6629924c ticker=PRTA reason=BUY_NOT_AVAILABLE detail=
2026-08-26 21:34:07,726 | INFO | edward.autonomous.market_cycle | universe_rejected instrument=e4f54a0b-099d-4c30-b6d8-d22494328c41 ticker=STAG reason=BUY_NOT_AVAILABLE detail=
2026-08-26 21:34:07,726 | INFO | edward.autonomous.market_cycle | universe_rejected instrument=eaadc429-5eea-4b18-b213-b5277e8c3639 ticker=YY reason=BUY_NOT_AVAILABLE detail=
2026-08-26 21:34:07,726 | INFO | edward.autonomous.market_cycle | universe_rejected instrument=caa615ad-99c1-499c-b592-56368f2ebd66 ticker=KCHE reason=CANDLES_UNAVAILABLE detail=_get_candles() takes 2 positional arguments but 5 were given
2026-08-26 21:34:07,726 | INFO | edward.autonomous.market_cycle | universe_rejected instrument=5b48bb5c-226a-4cb9-838d-06e89c9f9d39 ticker=NKE reason=BUY_NOT_AVAILABLE detail=
2026-08-26 21:34:07,726 | INFO | edward.autonomous.market_cycle | universe_rejected instrument=e84fb2f1-f466-466e-82d3-ab960e1c5a09 ticker=DLX reason=BUY_NOT_AVAILABLE detail=
2026-08-26 21:34:07,726 | INFO | edward.autonomous.market_cycle | universe_rejected instrument=15dc2120-29d2-48b8-87c0-da1d95255f68 ticker=SPBE reason=CANDLES_UNAVAILABLE detail=_get_candles() takes 2 positional arguments but 5 were given
2026-08-26 21:34:07,727 | INFO | edward.autonomous.market_cycle | universe_rejected instrument=1d1f0baf-ed91-42f7-bc11-29c0b61f05a9 ticker=FTDR reason=BUY_NOT_AVAILABLE detail=
2026-08-26 21:34:07,727 | INFO | edward.autonomous.market_cycle | universe_rejected instrument=ee1804db-bee7-4073-b98e-eb9fe121a8e6 ticker=KHC reason=BUY_NOT_AVAILABLE detail=
2026-08-26 21:34:07,727 | INFO | edward.autonomous.market_cycle | universe_rejected instrument=78465d62-4b9c-4050-88c3-5771fb6c28c0 ticker=AG reason=BUY_NOT_AVAILABLE detail=
2026-08-26 21:34:07,727 | INFO | edward.autonomous.market_cycle | universe_rejected instrument=32e9cb9e-0d56-40a1-8a5e-94fbb9339a81 ticker=RHI reason=BUY_NOT_AVAILABLE detail=
2026-08-26 21:34:07,727 | INFO | edward.autonomous.market_cycle | universe_rejected instrument=1bf4177e-8dd6-430f-873b-19229cd025f7 ticker=9696 reason=BUY_NOT_AVAILABLE detail=
2026-08-26 21:34:07,727 | INFO | edward.autonomous.market_cycle | universe_rejected instrument=07d17d3e-fc69-4eae-a7d6-90455f392aa7 ticker=12 reason=BUY_NOT_AVAILABLE detail=
2026-08-26 21:34:07,727 | INFO | edward.autonomous.market_cycle | universe_rejected instrument=57bfbec0-c76f-4ee5-800d-216a8e5cfa83 ticker=2388 reason=BUY_NOT_AVAILABLE detail=
2026-08-26 21:34:07,727 | INFO | edward.autonomous.market_cycle | universe_rejected instrument=39f971cf-4bb9-48cb-bc29-bfe39c8f25ac ticker=THG reason=BUY_NOT_AVAILABLE detail=
2026-08-26 21:34:07,727 | INFO | edward.autonomous.market_cycle | universe_rejected instrument=9199ed48-bd05-4fda-b5d0-25c56d42e582 ticker=CG reason=BUY_NOT_AVAILABLE detail=
2026-08-26 21:34:07,727 | INFO | edward.autonomous.market_cycle | universe_rejected instrument=c2e4522a-a28d-4ee6-9516-790c9c3521a3 ticker=CPAY reason=BUY_NOT_AVAILABLE detail=
2026-08-26 21:34:07,727 | INFO | edward.autonomous.market_cycle | universe_rejected instrument=432abe6f-cf42-4eef-b9cb-f0a15003c478 ticker=ENPH reason=BUY_NOT_AVAILABLE detail=
2026-08-26 21:34:07,727 | INFO | edward.autonomous.market_cycle | universe_rejected instrument=7bf9cbf3-633f-4cea-8bf2-94b2266e0d08 ticker=HYLN reason=BUY_NOT_AVAILABLE detail=
2026-08-26 21:34:07,727 | INFO | edward.autonomous.market_cycle | universe_rejected instrument=b276b24e-8812-4bba-b121-8183214d061e ticker=JOUT reason=BUY_NOT_AVAILABLE detail=
2026-08-26 21:34:07,727 | INFO | edward.autonomous.market_cycle | universe_rejected instrument=cf07cbaa-5ef6-41f1-abc3-8d12d4bc6edf ticker=UKUZ reason=CANDLES_UNAVAILABLE detail=_get_candles() takes 2 positional arguments but 5 were given
2026-08-26 21:34:07,727 | INFO | edward.autonomous.market_cycle | universe_rejected instrument=6b74817f-70e2-4d4b-b126-6483f648b54c ticker=KALU reason=BUY_NOT_AVAILABLE detail=
2026-08-26 21:34:07,727 | INFO | edward.autonomous.market_cycle | universe_rejected instrument=fe2983a0-d6ac-48d5-a375-66068b23893e ticker=SKT reason=BUY_NOT_AVAILABLE detail=
2026-08-26 21:34:07,727 | INFO | edward.autonomous.market_cycle | universe_rejected instrument=2ee25fc1-ec22-4fe9-ab50-095205a876cb ticker=PATK reason=BUY_NOT_AVAILABLE detail=
2026-08-26 21:34:07,727 | INFO | edward.autonomous.market_cycle | universe_rejected instrument=cbdf1d32-5758-490e-a2b1-780eaa79bdf7 ticker=ABIO reason=CANDLES_UNAVAILABLE detail=_get_candles() takes 2 positional arguments but 5 were given
2026-08-26 21:34:07,727 | INFO | edward.autonomous.market_cycle | universe_rejected instrument=b7e320cd-0f6a-4492-9b52-1fd3f57e2c4e ticker=TAK reason=BUY_NOT_AVAILABLE detail=
2026-08-26 21:34:07,727 | INFO | edward.autonomous.market_cycle | universe_rejected instrument=cd479328-6380-4d62-ae57-7521e8b3af3e ticker=CASY reason=BUY_NOT_AVAILABLE detail=
2026-08-26 21:34:07,727 | INFO | edward.autonomous.market_cycle | universe_rejected instrument=0b946974-c0b3-4bd3-9fcb-4be93e766f2e ticker=KEYS reason=BUY_NOT_AVAILABLE detail=
2026-08-26 21:34:07,727 | INFO | edward.autonomous.market_cycle | universe_rejected instrument=d0dcba05-ada5-4e55-9eef-e09a5532464a ticker=HII reason=BUY_NOT_AVAILABLE detail=
2026-08-26 21:34:07,727 | INFO | edward.autonomous.market_cycle | universe_rejected instrument=59f6a6fb-b87b-41d5-b75c-d565c55fb6ce ticker=NVAX reason=BUY_NOT_AVAILABLE detail=
2026-08-26 21:34:07,727 | INFO | edward.autonomous.market_cycle | universe_rejected instrument=6b193dc1-608b-4a31-b291-3241ee7e3254 ticker=INVH reason=BUY_NOT_AVAILABLE detail=
2026-08-26 21:34:07,727 | INFO | edward.autonomous.market_cycle | universe_rejected instrument=b1c4f856-80fc-4b43-85de-8fcb0b704851 ticker=UUUU reason=BUY_NOT_AVAILABLE detail=
2026-08-26 21:34:07,727 | INFO | edward.autonomous.market_cycle | universe_rejected instrument=cd9afa92-c198-46dd-8105-ab1c439a4807 ticker=BHF reason=BUY_NOT_AVAILABLE detail=
2026-08-26 21:34:07,727 | INFO | edward.autonomous.market_cycle | universe_rejected instrument=6886065f-3d89-4e61-8236-031635b3df42 ticker=1876 reason=BUY_NOT_AVAILABLE detail=
2026-08-26 21:34:07,727 | INFO | edward.autonomous.market_cycle | universe_rejected instrument=d35cb3ba-d729-4af2-9aa0-3a311cafef62 ticker=STAA reason=BUY_NOT_AVAILABLE detail=
2026-08-26 21:34:07,727 | INFO | edward.autonomous.market_cycle | universe_rejected instrument=18fb3421-7637-48f1-b5b5-20a454e1af5b ticker=DVEC reason=CANDLES_UNAVAILABLE detail=_get_candles() takes 2 positional arguments but 5 were given
2026-08-26 21:34:07,727 | INFO | edward.autonomous.market_cycle | universe_rejected instrument=297cf988-8a17-4e72-bd55-42dd92fcc62a ticker=MAA reason=BUY_NOT_AVAILABLE detail=
2026-08-26 21:34:07,727 | INFO | edward.autonomous.market_cycle | universe_rejected instrument=327002fb-5fd9-4bab-8b0e-a4517eed522f ticker=AMT reason=BUY_NOT_AVAILABLE detail=
2026-08-26 21:34:07,727 | INFO | edward.autonomous.market_cycle | universe_rejected instrument=d69ebc99-fafb-4f82-af9c-b52aa49da613 ticker=YKENP reason=CANDLES_UNAVAILABLE detail=_get_candles() takes 2 positional arguments but 5 were given
2026-08-26 21:34:07,728 | INFO | edward.autonomous.market_cycle | universe_rejected instrument=d56b4115-b8de-460e-99cb-bbb8b91daa40 ticker=CVGW reason=BUY_NOT_AVAILABLE detail=
2026-08-26 21:34:07,728 | INFO | edward.autonomous.market_cycle | universe_rejected instrument=9ea96865-94bf-42db-b4e4-b469745f284b ticker=VC reason=BUY_NOT_AVAILABLE detail=
2026-08-26 21:34:07,728 | INFO | edward.autonomous.market_cycle | universe_rejected instrument=4e7b7f85-53fa-42d6-950f-726ac2f2ea0f ticker=KMPR reason=BUY_NOT_AVAILABLE detail=
2026-08-26 21:34:07,728 | INFO | edward.autonomous.market_cycle | universe_rejected instrument=a4e61935-2842-4dfb-a945-387608c140a7 ticker=FTNT reason=BUY_NOT_AVAILABLE detail=
2026-08-26 21:34:07,728 | INFO | edward.autonomous.market_cycle | universe_rejected instrument=9bb7b964-285f-43c6-ba61-1dc829f25e30 ticker=SAREP reason=CANDLES_UNAVAILABLE detail=_get_candles() takes 2 positional arguments but 5 were given
2026-08-26 21:34:07,728 | INFO | edward.autonomous.market_cycle | universe_rejected instrument=2c3e1205-7f27-4e60-8952-8d968a7a8ff7 ticker=KOD reason=BUY_NOT_AVAILABLE detail=
2026-08-26 21:34:07,728 | INFO | edward.autonomous.market_cycle | universe_rejected instrument=1a7766fb-3aa9-4b20-8817-b9b7607c0e7b ticker=ZAYM reason=CANDLES_UNAVAILABLE detail=_get_candles() takes 2 positional arguments but 5 were given
2026-08-26 21:34:07,728 | INFO | edward.autonomous.market_cycle | universe_rejected instrument=cd8063ad-73ad-4b31-bd0d-93138d9e99a2 ticker=MTSS reason=CANDLES_UNAVAILABLE detail=_get_candles() takes 2 positional arguments but 5 were given
2026-08-26 21:34:07,728 | INFO | edward.autonomous.market_cycle | universe_rejected instrument=38be8280-96ef-45e9-b0ed-da76bc77fe7c ticker=GLTR@GS reason=BUY_NOT_AVAILABLE detail=
2026-08-26 21:34:07,728 | INFO | edward.autonomous.market_cycle | universe_rejected instrument=a1f28fea-b2ab-46d8-8297-b85297232bf3 ticker=CSCO reason=BUY_NOT_AVAILABLE detail=
2026-08-26 21:34:07,728 | INFO | edward.autonomous.market_cycle | universe_rejected instrument=aeb8e3c7-b547-4073-b9cd-575590e1576d ticker=OZPH reason=CANDLES_UNAVAILABLE detail=_get_candles() takes 2 positional arguments but 5 were given
2026-08-26 21:34:07,728 | INFO | edward.autonomous.market_cycle | universe_rejected instrument=21ee7e94-867e-4d7d-a5f2-42b82b2c8dfc ticker=NFE reason=BUY_NOT_AVAILABLE detail=
2026-08-26 21:34:07,728 | INFO | edward.autonomous.market_cycle | universe_rejected instrument=133a3fdb-e9b2-46c8-a678-ea1178e79c26 ticker=NJR reason=BUY_NOT_AVAILABLE detail=
2026-08-26 21:34:07,728 | INFO | edward.autonomous.market_cycle | universe_rejected instrument=fca7f735-8c1a-4da3-9d04-1a9274dd50fc ticker=CHKP reason=BUY_NOT_AVAILABLE detail=
2026-08-26 21:34:07,728 | INFO | edward.autonomous.market_cycle | universe_rejected instrument=46fef208-a525-4471-85e5-8fe4cee5f8ec ticker=BILI reason=BUY_NOT_AVAILABLE detail=
2026-08-26 21:34:07,728 | INFO | edward.autonomous.market_cycle | universe_rejected instrument=09402b55-864f-4507-8c8f-a1304e20cfdb ticker=OI reason=BUY_NOT_AVAILABLE detail=
2026-08-26 21:34:07,728 | INFO | edward.autonomous.market_cycle | universe_rejected instrument=beaca09b-acb4-47cb-baf8-4d6c89d302e0 ticker=SXT reason=BUY_NOT_AVAILABLE detail=
2026-08-26 21:34:07,728 | INFO | edward.autonomous.market_cycle | universe_rejected instrument=73b77140-d985-4d72-9f66-9883baa29f3a ticker=2883 reason=BUY_NOT_AVAILABLE detail=
2026-08-26 21:34:07,728 | INFO | edward.autonomous.market_cycle | universe_rejected instrument=f62bc722-5133-4100-b5f6-36ee77752765 ticker=ADUS reason=BUY_NOT_AVAILABLE detail=
2026-08-26 21:34:07,728 | INFO | edward.autonomous.market_cycle | universe_rejected instrument=87f7beec-a1d5-45b6-a5d6-d46b3027953d ticker=UTL reason=BUY_NOT_AVAILABLE detail=
2026-08-26 21:34:07,728 | INFO | edward.autonomous.market_cycle | universe_rejected instrument=ed6e882e-78f0-42b1-afca-bc0c0aa8844b ticker=NVST reason=BUY_NOT_AVAILABLE detail=
2026-08-26 21:34:07,728 | INFO | edward.autonomous.market_cycle | universe_rejected instrument=f2427414-2e63-4f97-a739-c85df6e4fc93 ticker=AFL reason=BUY_NOT_AVAILABLE detail=
2026-08-26 21:34:07,728 | INFO | edward.autonomous.market_cycle | universe_rejected instrument=1c4e505d-8ea6-4493-a21f-1e8609e925b1 ticker=CCK reason=BUY_NOT_AVAILABLE detail=
2026-08-26 21:34:07,728 | INFO | edward.autonomous.market_cycle | universe_rejected instrument=24e0027e-ab3c-4eb8-9ee2-d93c9895b9e7 ticker=CINF reason=BUY_NOT_AVAILABLE detail=
2026-08-26 21:34:07,728 | INFO | edward.autonomous.market_cycle | universe_rejected instrument=aa276ea9-bc1a-44ea-a3d3-fc03f6eecd4f ticker=ACMR reason=BUY_NOT_AVAILABLE detail=
2026-08-26 21:34:07,728 | INFO | edward.autonomous.market_cycle | universe_rejected instrument=f60f96ec-2793-4475-9577-c0dab32a86fb ticker=HAE reason=BUY_NOT_AVAILABLE detail=
2026-08-26 21:34:07,728 | INFO | edward.autonomous.market_cycle | universe_rejected instrument=f295277c-fb3a-4a47-b942-93451319fdd5 ticker=9888 reason=BUY_NOT_AVAILABLE detail=
2026-08-26 21:34:07,728 | INFO | edward.autonomous.market_cycle | universe_rejected instrument=0a95fece-0165-4ab7-9c15-ea898dd0b0ab ticker=TNL reason=BUY_NOT_AVAILABLE detail=
2026-08-26 21:34:07,728 | INFO | edward.autonomous.market_cycle | universe_rejected instrument=ad0468f4-a2e5-48e2-861e-9e5a82371745 ticker=SPB@US reason=BUY_NOT_AVAILABLE detail=
2026-08-26 21:34:07,729 | INFO | edward.autonomous.market_cycle | universe_rejected instrument=d7d63464-6149-4d81-bd3e-2286c6056de5 ticker=RPM reason=BUY_NOT_AVAILABLE detail=
2026-08-26 21:34:07,729 | INFO | edward.autonomous.market_cycle | universe_rejected instrument=5bda95a4-0bcc-473c-af15-013e3b5361e1 ticker=CCS reason=BUY_NOT_AVAILABLE detail=
2026-08-26 21:34:07,729 | INFO | edward.autonomous.market_cycle | universe_rejected instrument=88e130e8-5b68-4b05-b9ae-baf32f5a3f21 ticker=FEES reason=CANDLES_UNAVAILABLE detail=_get_candles() takes 2 positional arguments but 5 were given
2026-08-26 21:34:07,729 | INFO | edward.autonomous.market_cycle | universe_rejected instrument=ffac99ad-bafa-430e-9750-e77a43176ede ticker=OBNE reason=CANDLES_UNAVAILABLE detail=_get_candles() takes 2 positional arguments but 5 were given
2026-08-26 21:34:07,729 | INFO | edward.autonomous.market_cycle | universe_rejected instrument=538b292f-b6d3-4382-9546-b30197fd045a ticker=KMI reason=BUY_NOT_AVAILABLE detail=
2026-08-26 21:34:07,729 | INFO | edward.autonomous.market_cycle | universe_rejected instrument=c6464c0c-e2a5-42b0-8a3d-f57d343576f4 ticker=SMPL reason=BUY_NOT_AVAILABLE detail=
2026-08-26 21:34:07,729 | INFO | edward.autonomous.market_cycle | universe_rejected instrument=c9af2078-9876-451d-967e-f24cbdc43601 ticker=ROKU reason=BUY_NOT_AVAILABLE detail=
2026-08-26 21:34:07,729 | INFO | edward.autonomous.market_cycle | universe_rejected instrument=0462c8c9-14e1-4555-a5d5-8ab42a4420c1 ticker=KMX reason=BUY_NOT_AVAILABLE detail=
2026-08-26 21:34:07,729 | INFO | edward.autonomous.market_cycle | universe_rejected instrument=e83342c4-847a-4269-a0b9-6ef73a376de0 ticker=DOC reason=BUY_NOT_AVAILABLE detail=
2026-08-26 21:34:07,729 | INFO | edward.autonomous.market_cycle | universe_rejected instrument=b4d1ec34-82ef-4a47-a639-67a8ab8b683e ticker=KOGK reason=CANDLES_UNAVAILABLE detail=_get_candles() takes 2 positional arguments but 5 were given
2026-08-26 21:34:07,729 | INFO | edward.autonomous.market_cycle | universe_rejected instrument=a74d4f18-f887-43c4-a819-d19ab05882ae ticker=MDGL reason=BUY_NOT_AVAILABLE detail=
2026-08-26 21:34:07,729 | INFO | edward.autonomous.market_cycle | universe_rejected instrument=dac6333c-f6ff-481a-9489-9267878211ef ticker=9626 reason=BUY_NOT_AVAILABLE detail=
2026-08-26 21:34:07,729 | INFO | edward.autonomous.market_cycle | universe_rejected instrument=8c12ecf3-ab2a-4edd-ac87-43e455c8d838 ticker=UNM reason=BUY_NOT_AVAILABLE detail=
2026-08-26 21:34:07,729 | INFO | edward.autonomous.market_cycle | universe_rejected instrument=a5b71071-1614-4cfc-a50f-eff7e5564dee ticker=PSN reason=BUY_NOT_AVAILABLE detail=
2026-08-26 21:34:07,729 | INFO | edward.autonomous.market_cycle | universe_rejected instrument=4d8209f9-3b75-437d-ad5f-2906d56f27e9 ticker=PMSB reason=CANDLES_UNAVAILABLE detail=_get_candles() takes 2 positional arguments but 5 were given
2026-08-26 21:34:07,729 | INFO | edward.autonomous.market_cycle | universe_rejected instrument=786c1d68-0864-4804-b3ca-2166766cd917 ticker=ARSA reason=CANDLES_UNAVAILABLE detail=_get_candles() takes 2 positional arguments but 5 were given
2026-08-26 21:34:07,729 | INFO | edward.autonomous.market_cycle | universe_rejected instrument=51be1fe4-9fe1-4626-9400-6cd1fb6286c5 ticker=GLRX reason=CANDLES_UNAVAILABLE detail=_get_candles() takes 2 positional arguments but 5 were given
2026-08-26 21:34:07,729 | INFO | edward.autonomous.market_cycle | universe_rejected instrument=fcc4de4a-2188-494a-bdb5-e412fddbcfb8 ticker=MEI reason=BUY_NOT_AVAILABLE detail=
2026-08-26 21:34:07,729 | INFO | edward.autonomous.market_cycle | universe_rejected instrument=45fb6af4-9076-4268-b038-ab7f37d15ab2 ticker=RBCM reason=CANDLES_UNAVAILABLE detail=_get_candles() takes 2 positional arguments but 5 were given
2026-08-26 21:34:07,729 | INFO | edward.autonomous.market_cycle | universe_rejected instrument=fb397e5b-cc73-4c45-ab89-bbbb1b5d9f14 ticker=S reason=BUY_NOT_AVAILABLE detail=
2026-08-26 21:34:07,729 | INFO | edward.autonomous.market_cycle | universe_rejected instrument=8bf669aa-0a82-412a-a91b-df2a257338c1 ticker=NFLX reason=BUY_NOT_AVAILABLE detail=
2026-08-26 21:34:07,729 | INFO | edward.autonomous.market_cycle | universe_rejected instrument=083c922b-1cc2-466b-98c4-fd9440576ba1 ticker=ED reason=BUY_NOT_AVAILABLE detail=
2026-08-26 21:34:07,729 | INFO | edward.autonomous.market_cycle | universe_rejected instrument=b81a8e5e-6fb4-4cd1-8a54-b407fc01bac6 ticker=INDB reason=BUY_NOT_AVAILABLE detail=
2026-08-26 21:34:07,729 | INFO | edward.autonomous.market_cycle | universe_rejected instrument=1edaf287-d018-4cb6-8936-3106d803c0a5 ticker=MRK reason=BUY_NOT_AVAILABLE detail=
2026-08-26 21:34:07,729 | INFO | edward.autonomous.market_cycle | universe_rejected instrument=1b3363dd-8c0e-4d67-abf2-0666ce5a23f5 ticker=VJGZP reason=CANDLES_UNAVAILABLE detail=_get_candles() takes 2 positional arguments but 5 were given
2026-08-26 21:34:07,729 | INFO | edward.autonomous.market_cycle | universe_rejected instrument=07cfa049-c185-42d2-8685-8cb86281a11b ticker=992 reason=BUY_NOT_AVAILABLE detail=
2026-08-26 21:34:07,729 | INFO | edward.autonomous.market_cycle | universe_rejected instrument=6df263b5-d7e3-441f-a73c-ab58ec5e2a0b ticker=ELV reason=BUY_NOT_AVAILABLE detail=
2026-08-26 21:34:07,730 | INFO | edward.autonomous.market_cycle | universe_rejected instrument=bc66c246-c0c4-4841-a43c-6028ac51a0fe ticker=UMBF reason=BUY_NOT_AVAILABLE detail=
2026-08-26 21:34:07,730 | INFO | edward.autonomous.market_cycle | universe_rejected instrument=16f5820e-fe57-42fb-a499-5b3eb9420404 ticker=D reason=BUY_NOT_AVAILABLE detail=
2026-08-26 21:34:07,730 | INFO | edward.autonomous.market_cycle | universe_rejected instrument=ffae4aa0-bc1e-417a-8bbf-2d359674b3a4 ticker=GO reason=BUY_NOT_AVAILABLE detail=
2026-08-26 21:34:07,730 | INFO | edward.autonomous.market_cycle | universe_rejected instrument=850e0c24-0e43-4378-bdde-2d8227c5af4b ticker=BRK.B reason=BUY_NOT_AVAILABLE detail=
2026-08-26 21:34:07,730 | INFO | edward.autonomous.market_cycle | universe_rejected instrument=60f41447-0e2c-4300-8a07-0ed5f6e2be93 ticker=URBN reason=BUY_NOT_AVAILABLE detail=
2026-08-26 21:34:07,730 | INFO | edward.autonomous.market_cycle | universe_rejected instrument=80d0eaab-433f-4ef1-a0d4-ad953c279610 ticker=9633 reason=BUY_NOT_AVAILABLE detail=
2026-08-26 21:34:07,730 | INFO | edward.autonomous.market_cycle | universe_rejected instrument=019029c2-6634-4536-a980-389575e09b74 ticker=MSRS reason=CANDLES_UNAVAILABLE detail=_get_candles() takes 2 positional arguments but 5 were given
2026-08-26 21:34:07,730 | INFO | edward.autonomous.market_cycle | universe_rejected instrument=3f1f7d54-b22d-4bfc-b418-9575d290c9fe ticker=CLB reason=BUY_NOT_AVAILABLE detail=
2026-08-26 21:34:07,730 | INFO | edward.autonomous.market_cycle | universe_rejected instrument=8065304c-f0e0-4ac8-9ddb-6a1e43b10ead ticker=PFSI reason=BUY_NOT_AVAILABLE detail=
2026-08-26 21:34:07,730 | INFO | edward.autonomous.market_cycle | universe_rejected instrument=0bd6b6c6-5417-462e-9657-f0e48ea5d999 ticker=CENT reason=BUY_NOT_AVAILABLE detail=
2026-08-26 21:34:07,730 | INFO | edward.autonomous.market_cycle | universe_rejected instrument=a8ab6ddd-2ae3-4baa-b05b-2214e11eaf04 ticker=TLS reason=BUY_NOT_AVAILABLE detail=
2026-08-26 21:34:07,730 | INFO | edward.autonomous.market_cycle | universe_rejected instrument=17748ebb-a610-4489-af29-e81fb87e4750 ticker=FLYW reason=BUY_NOT_AVAILABLE detail=
2026-08-26 21:34:07,730 | INFO | edward.autonomous.market_cycle | universe_rejected instrument=d9a2c394-2a0b-4087-a324-6c9bbbacbdfb ticker=SYNA reason=BUY_NOT_AVAILABLE detail=
2026-08-26 21:34:07,730 | INFO | edward.autonomous.market_cycle | universe_rejected instrument=4b7e4dda-6c97-4a91-a6ad-197a86af723e ticker=1810 reason=BUY_NOT_AVAILABLE detail=
2026-08-26 21:34:07,730 | INFO | edward.autonomous.market_cycle | universe_rejected instrument=5b57d10b-b93c-4629-9701-c08a863528df ticker=AVA reason=BUY_NOT_AVAILABLE detail=
2026-08-26 21:34:07,730 | INFO | edward.autonomous.market_cycle | universe_rejected instrument=52d53bd0-cdaa-4952-abfa-84176f0a6b66 ticker=NTRA reason=BUY_NOT_AVAILABLE detail=
2026-08-26 21:34:07,731 | INFO | edward.autonomous.market_cycle | universe_rejected instrument=6f0a5342-f120-4137-a906-1eb907e4f320 ticker=PFG reason=BUY_NOT_AVAILABLE detail=
2026-08-26 21:34:07,731 | INFO | edward.autonomous.market_cycle | universe_rejected instrument=2dfbc1fd-b92a-436e-b011-928c79e805f2 ticker=IRAO reason=CANDLES_UNAVAILABLE detail=_get_candles() takes 2 positional arguments but 5 were given
2026-08-26 21:34:07,731 | INFO | edward.autonomous.market_cycle | universe_rejected instrument=8df29d01-daef-4ee0-a001-2c98b4644057 ticker=101 reason=BUY_NOT_AVAILABLE detail=
2026-08-26 21:34:07,731 | INFO | edward.autonomous.market_cycle | universe_rejected instrument=6c3c5e3b-055a-4fc1-b596-65331b8057b8 ticker=RYTM reason=BUY_NOT_AVAILABLE detail=
2026-08-26 21:34:07,731 | INFO | edward.autonomous.market_cycle | universe_rejected instrument=af1f7fa9-d829-4dac-90f4-c8d44a6d4cd0 ticker=AGNC reason=BUY_NOT_AVAILABLE detail=
2026-08-26 21:34:07,731 | INFO | edward.autonomous.market_cycle | universe_rejected instrument=ab4e3d9f-117e-47a2-b986-f21a67d32e19 ticker=SPSC reason=BUY_NOT_AVAILABLE detail=
2026-08-26 21:34:07,731 | INFO | edward.autonomous.market_cycle | universe_rejected instrument=6b958774-ae50-4380-b041-173fb9a7fbc4 ticker=2600 reason=BUY_NOT_AVAILABLE detail=
2026-08-26 21:34:07,731 | INFO | edward.autonomous.market_cycle | universe_rejected instrument=e9a265b0-e517-4115-97bf-58fd61f680c1 ticker=881 reason=BUY_NOT_AVAILABLE detail=
2026-08-26 21:34:07,731 | INFO | edward.autonomous.market_cycle | universe_rejected instrument=976debde-4e2c-4796-b588-2339b70cb33a ticker=BLMN reason=BUY_NOT_AVAILABLE detail=
2026-08-26 21:34:07,731 | INFO | edward.autonomous.market_cycle | universe_rejected instrument=28f2768e-df9f-47d1-b5db-519a72b88304 ticker=CORT reason=BUY_NOT_AVAILABLE detail=
2026-08-26 21:34:07,731 | INFO | edward.autonomous.market_cycle | universe_rejected instrument=29c7a7b4-1ced-4a91-a8e5-eefdb2d03f30 ticker=REYN reason=BUY_NOT_AVAILABLE detail=
2026-08-26 21:34:07,731 | INFO | edward.autonomous.market_cycle | universe_rejected instrument=88c3b1dd-cf86-48b6-b479-464ce1149472 ticker=NSVZ reason=CANDLES_UNAVAILABLE detail=_get_candles() takes 2 positional arguments but 5 were given
2026-08-26 21:34:07,731 | INFO | edward.autonomous.market_cycle | universe_rejected instrument=687573d6-6f4b-4762-896e-ffa3a73c927a ticker=CRVL reason=BUY_NOT_AVAILABLE detail=
2026-08-26 21:34:07,731 | INFO | edward.autonomous.market_cycle | universe_rejected instrument=e1382f8a-4dac-4150-9259-54f53da0d0b5 ticker=WDC reason=BUY_NOT_AVAILABLE detail=
2026-08-26 21:34:07,731 | INFO | edward.autonomous.market_cycle | universe_rejected instrument=de85159d-0f59-40bd-aeb6-d971b97f68c3 ticker=GM reason=BUY_NOT_AVAILABLE detail=
2026-08-26 21:34:07,731 | INFO | edward.autonomous.market_cycle | universe_rejected instrument=0e64eea8-3cd9-4dd6-b974-b69ddf2c1cf3 ticker=AEE reason=BUY_NOT_AVAILABLE detail=
2026-08-26 21:34:07,731 | INFO | edward.autonomous.market_cycle | universe_rejected instrument=0c97a52e-bffc-4437-917a-dc402d5732ec ticker=MCRI reason=BUY_NOT_AVAILABLE detail=
2026-08-26 21:34:07,731 | INFO | edward.autonomous.market_cycle | universe_rejected instrument=2e65381d-d931-4231-ac20-e6120dc152b9 ticker=MET reason=BUY_NOT_AVAILABLE detail=
2026-08-26 21:34:07,731 | INFO | edward.autonomous.market_cycle | universe_rejected instrument=80de603d-2565-4725-beca-ededc12827e1 ticker=NYCB reason=BUY_NOT_AVAILABLE detail=
2026-08-26 21:34:07,731 | INFO | edward.autonomous.market_cycle | universe_rejected instrument=17265b77-7d2e-44ad-8b74-b0e9602729d5 ticker=AEO reason=BUY_NOT_AVAILABLE detail=
2026-08-26 21:34:07,731 | INFO | edward.autonomous.market_cycle | universe_rejected instrument=276db042-69eb-4fcc-87f8-586e4ac641b7 ticker=XYL reason=BUY_NOT_AVAILABLE detail=
2026-08-26 21:34:07,731 | INFO | edward.autonomous.market_cycle | universe_rejected instrument=d2d7f3c5-4f43-49be-8a38-ec65cb0769da ticker=ICE reason=BUY_NOT_AVAILABLE detail=
2026-08-26 21:34:07,731 | INFO | edward.autonomous.market_cycle | universe_rejected instrument=fc47a340-d996-4a34-98e0-d6dadd729865 ticker=NEO reason=BUY_NOT_AVAILABLE detail=
2026-08-26 21:34:07,731 | INFO | edward.autonomous.market_cycle | universe_rejected instrument=f93377cf-2944-47bb-a90f-25359d2f133c ticker=BLNG reason=CANDLES_UNAVAILABLE detail=_get_candles() takes 2 positional arguments but 5 were given
2026-08-26 21:34:07,731 | INFO | edward.autonomous.market_cycle | universe_rejected instrument=a7411dd3-c4a5-4167-bee7-f92faf725650 ticker=ALGN reason=BUY_NOT_AVAILABLE detail=
2026-08-26 21:34:07,731 | INFO | edward.autonomous.market_cycle | universe_rejected instrument=47dc8658-0d02-4429-b75e-02bdf465c22f ticker=DZRD reason=CANDLES_UNAVAILABLE detail=_get_candles() takes 2 positional arguments but 5 were given
2026-08-26 21:34:07,731 | INFO | edward.autonomous.market_cycle | universe_rejected instrument=bf48a7f4-0d10-4fa5-bd13-c51a3448c25b ticker=OC reason=BUY_NOT_AVAILABLE detail=
2026-08-26 21:34:07,731 | INFO | edward.autonomous.market_cycle | universe_rejected instrument=48528a09-9cc7-4f2f-ab1a-a763457f11ab ticker=66 reason=BUY_NOT_AVAILABLE detail=
2026-08-26 21:34:07,732 | INFO | edward.autonomous.market_cycle | universe_rejected instrument=4e5256e2-b167-45a9-99ef-336302dac1b1 ticker=LEN reason=BUY_NOT_AVAILABLE detail=
2026-08-26 21:34:07,732 | INFO | edward.autonomous.market_cycle | universe_rejected instrument=0964acd0-e2cb-4810-a177-ef4ad8856ff0 ticker=X5 reason=CANDLES_UNAVAILABLE detail=_get_candles() takes 2 positional arguments but 5 were given
2026-08-26 21:34:07,732 | INFO | edward.autonomous.market_cycle | universe_rejected instrument=ff58e828-dfb1-45b5-ab7e-326eec1b4f4a ticker=JCI reason=BUY_NOT_AVAILABLE detail=
2026-08-26 21:34:07,732 | INFO | edward.autonomous.market_cycle | universe_rejected instrument=10713464-dea9-4b6a-9d7e-c2d12c95bf1d ticker=GRBK reason=BUY_NOT_AVAILABLE detail=
2026-08-26 21:34:07,732 | INFO | edward.autonomous.market_cycle | universe_rejected instrument=066354c5-3972-4a74-9cdf-2514058a461b ticker=MGM reason=BUY_NOT_AVAILABLE detail=
2026-08-26 21:34:07,732 | INFO | edward.autonomous.market_cycle | universe_rejected instrument=80245efd-0cdb-48cc-91e1-702b44e98505 ticker=RIOT reason=BUY_NOT_AVAILABLE detail=
2026-08-26 21:34:07,732 | INFO | edward.autonomous.market_cycle | universe_rejected instrument=f7e713a7-7115-42e6-82cb-1dcd45664a78 ticker=AFG reason=BUY_NOT_AVAILABLE detail=
2026-08-26 21:34:07,732 | INFO | edward.autonomous.market_cycle | universe_rejected instrument=8885d421-fe2c-410a-850b-245c149fc84d ticker=SMTC reason=BUY_NOT_AVAILABLE detail=
2026-08-26 21:34:07,732 | INFO | edward.autonomous.market_cycle | universe_rejected instrument=0da66728-6c30-44c4-9264-df8fac2467ee ticker=NVTK reason=CANDLES_UNAVAILABLE detail=_get_candles() takes 2 positional arguments but 5 were given
2026-08-26 21:34:07,732 | INFO | edward.autonomous.market_cycle | universe_rejected instrument=bd1f8739-590e-4606-9d1c-c7dee5dcee0a ticker=EXLS reason=BUY_NOT_AVAILABLE detail=
2026-08-26 21:34:07,732 | INFO | edward.autonomous.market_cycle | universe_rejected instrument=a59d40f4-e8aa-4248-ab31-c1c89ae7d661 ticker=BYSI reason=BUY_NOT_AVAILABLE detail=
2026-08-26 21:34:07,732 | INFO | edward.autonomous.market_cycle | universe_rejected instrument=b8c52b10-60cf-4a1a-a461-c7153e0a0d25 ticker=SON reason=BUY_NOT_AVAILABLE detail=
2026-08-26 21:34:07,732 | INFO | edward.autonomous.market_cycle | universe_rejected instrument=d9b4e1c7-d49e-4be9-8db0-1a12537e0069 ticker=ICPT reason=BUY_NOT_AVAILABLE detail=
2026-08-26 21:34:07,732 | INFO | edward.autonomous.market_cycle | universe_rejected instrument=eebd6d98-5484-4d37-b2bb-77114608a038 ticker=ENB reason=BUY_NOT_AVAILABLE detail=
2026-08-26 21:34:07,732 | INFO | edward.autonomous.market_cycle | universe_rejected instrument=597a1ec6-6580-4911-b9ff-799f542119d7 ticker=APPS reason=BUY_NOT_AVAILABLE detail=
2026-08-26 21:34:07,732 | INFO | edward.autonomous.market_cycle | universe_rejected instrument=69e56041-ddab-4151-9832-e0a1e9f83a42 ticker=UNKL reason=CANDLES_UNAVAILABLE detail=_get_candles() takes 2 positional arguments but 5 were given
2026-08-26 21:34:07,732 | INFO | edward.autonomous.market_cycle | universe_rejected instrument=5000dfc6-bcd0-430d-8ba5-e116f4e1088a ticker=6969 reason=BUY_NOT_AVAILABLE detail=
2026-08-26 21:34:07,732 | INFO | edward.autonomous.market_cycle | universe_rejected instrument=93a4fc0d-87b0-41a3-8871-0c0af2605f9a ticker=NTES reason=BUY_NOT_AVAILABLE detail=
2026-08-26 21:34:07,732 | INFO | edward.autonomous.market_cycle | universe_rejected instrument=b83ab195-dcd2-4d44-b9bf-27fa294f19a0 ticker=AQUA reason=CANDLES_UNAVAILABLE detail=_get_candles() takes 2 positional arguments but 5 were given
2026-08-26 21:34:07,732 | INFO | edward.autonomous.market_cycle | universe_rejected instrument=ea9c1083-16bd-49a2-9dd3-bd7e9aa8a6fb ticker=BEN reason=BUY_NOT_AVAILABLE detail=
2026-08-26 21:34:07,732 | INFO | edward.autonomous.market_cycle | universe_rejected instrument=c834a8e6-7ef3-4eaf-b9b8-6d03786930f2 ticker=FLO reason=BUY_NOT_AVAILABLE detail=
2026-08-26 21:34:07,732 | INFO | edward.autonomous.market_cycle | universe_rejected instrument=7cfe7d9c-78dc-4a45-adf5-f8397b30eca0 ticker=LVS reason=BUY_NOT_AVAILABLE detail=
2026-08-26 21:34:07,732 | INFO | edward.autonomous.market_cycle | universe_rejected instrument=743d2657-b537-426a-96d6-b0d239d9c16f ticker=ICUI reason=BUY_NOT_AVAILABLE detail=
2026-08-26 21:34:07,732 | INFO | edward.autonomous.market_cycle | universe_rejected instrument=b19d6749-4557-49ff-9f55-621f626e5bcb ticker=U reason=BUY_NOT_AVAILABLE detail=
2026-08-26 21:34:07,732 | INFO | edward.autonomous.market_cycle | universe_rejected instrument=1e934707-3a46-44cf-b3ab-7e021c7bb264 ticker=1055 reason=BUY_NOT_AVAILABLE detail=
2026-08-26 21:34:07,732 | INFO | edward.autonomous.market_cycle | universe_rejected instrument=4774ec46-5547-4d83-b2cd-d09fc1110c6d ticker=ONC reason=BUY_NOT_AVAILABLE detail=
2026-08-26 21:34:07,732 | INFO | edward.autonomous.market_cycle | universe_rejected instrument=a2fd72e5-3e94-42b2-aa91-2163f2a2fcfc ticker=PUMP reason=BUY_NOT_AVAILABLE detail=
2026-08-26 21:34:07,732 | INFO | edward.autonomous.market_cycle | universe_rejected instrument=9075043a-9de1-421a-8225-381a485d0ea2 ticker=1066 reason=BUY_NOT_AVAILABLE detail=
2026-08-26 21:34:07,732 | INFO | edward.autonomous.market_cycle | universe_rejected instrument=7a8aa62c-6ae4-4932-b99f-0a841475c820 ticker=GBX reason=BUY_NOT_AVAILABLE detail=
2026-08-26 21:34:07,732 | INFO | edward.autonomous.market_cycle | universe_rejected instrument=414385e9-26a7-4a52-b7c0-80a684e3df22 ticker=939 reason=BUY_NOT_AVAILABLE detail=
2026-08-26 21:34:07,733 | INFO | edward.autonomous.market_cycle | universe_rejected instrument=85156a0a-babe-4274-9f52-396208956379 ticker=HCAT reason=BUY_NOT_AVAILABLE detail=
2026-08-26 21:34:07,733 | INFO | edward.autonomous.market_cycle | universe_rejected instrument=b8b5a367-fcbe-44ba-9141-db71f3db5e1c ticker=LITE reason=BUY_NOT_AVAILABLE detail=
2026-08-26 21:34:07,733 | INFO | edward.autonomous.market_cycle | universe_rejected instrument=d12918c9-0329-4397-92db-c0356593b6a8 ticker=NSC reason=BUY_NOT_AVAILABLE detail=
2026-08-26 21:34:07,733 | INFO | edward.autonomous.market_cycle | universe_rejected instrument=35d0b7bb-8086-42f1-824c-f40db20f6d4f ticker=KR reason=BUY_NOT_AVAILABLE detail=
2026-08-26 21:34:07,733 | INFO | edward.autonomous.market_cycle | universe_rejected instrument=c7afbd54-0ea8-4eae-baa6-6e1474feba4f ticker=TENB reason=BUY_NOT_AVAILABLE detail=
2026-08-26 21:34:07,733 | INFO | edward.autonomous.market_cycle | universe_rejected instrument=0c8d9e14-d60f-4e5a-8565-d0d278a8e4e4 ticker=2331 reason=BUY_NOT_AVAILABLE detail=
2026-08-26 21:34:07,733 | INFO | edward.autonomous.market_cycle | universe_rejected instrument=4a5c1154-3651-44b9-bd90-33af502c6ebc ticker=CLVT reason=BUY_NOT_AVAILABLE detail=
2026-08-26 21:34:07,733 | INFO | edward.autonomous.market_cycle | universe_rejected instrument=39220089-7aa3-485f-b649-67e236c893b7 ticker=SYK reason=BUY_NOT_AVAILABLE detail=
2026-08-26 21:34:07,733 | INFO | edward.autonomous.market_cycle | universe_rejected instrument=de24db88-d6da-4df4-b5ff-04767bc008c4 ticker=DUOL reason=BUY_NOT_AVAILABLE detail=
2026-08-26 21:34:07,733 | INFO | edward.autonomous.market_cycle | universe_rejected instrument=b1ec231c-70b0-4f5b-a3d8-e5a625ff0b68 ticker=CMP reason=BUY_NOT_AVAILABLE detail=
2026-08-26 21:34:07,733 | INFO | edward.autonomous.market_cycle | universe_rejected instrument=ab32aba3-35aa-4e74-860a-fe28770bcba6 ticker=KAI reason=BUY_NOT_AVAILABLE detail=
2026-08-26 21:34:07,733 | INFO | edward.autonomous.market_cycle | universe_rejected instrument=32fdfa53-eb65-468a-977b-adb412be15f8 ticker=CNQ reason=BUY_NOT_AVAILABLE detail=
2026-08-26 21:34:07,733 | INFO | edward.autonomous.market_cycle | universe_rejected instrument=96cf2471-8ea7-42a6-9164-9b181c2ccaa7 ticker=TGT reason=BUY_NOT_AVAILABLE detail=
2026-08-26 21:34:07,733 | INFO | edward.autonomous.market_cycle | universe_rejected instrument=fc996bf6-27ab-4e40-9c01-da2a6149b39b ticker=GBCI reason=BUY_NOT_AVAILABLE detail=
2026-08-26 21:34:07,733 | INFO | edward.autonomous.market_cycle | universe_rejected instrument=8766b484-6582-4a11-99e6-8692784cc5ff ticker=PBF reason=BUY_NOT_AVAILABLE detail=
2026-08-26 21:34:07,733 | INFO | edward.autonomous.market_cycle | universe_rejected instrument=3d83aedf-b48f-4791-9370-c0569170a82d ticker=KRKN reason=CANDLES_UNAVAILABLE detail=_get_candles() takes 2 positional arguments but 5 were given
2026-08-26 21:34:07,733 | INFO | edward.autonomous.market_cycle | universe_rejected instrument=409815a1-30e9-4dee-9bc8-6ee0d7bc1008 ticker=COFS reason=BUY_NOT_AVAILABLE detail=
2026-08-26 21:34:07,733 | INFO | edward.autonomous.market_cycle | universe_rejected instrument=d18b0e59-5162-4fec-a55e-fe4892b6782c ticker=USB reason=BUY_NOT_AVAILABLE detail=
2026-08-26 21:34:07,733 | INFO | edward.autonomous.market_cycle | universe_rejected instrument=96ff4661-5ab3-4ec8-a743-7e5b12351e44 ticker=FORR reason=BUY_NOT_AVAILABLE detail=
2026-08-26 21:34:07,733 | INFO | edward.autonomous.market_cycle | universe_rejected instrument=dd73d573-7186-471f-92d5-1885feaa90e6 ticker=LYV reason=BUY_NOT_AVAILABLE detail=
2026-08-26 21:34:07,733 | INFO | edward.autonomous.market_cycle | universe_rejected instrument=a46c2cfc-865c-4c3a-910e-6dfea1caf56b ticker=PCVX reason=BUY_NOT_AVAILABLE detail=
2026-08-26 21:34:07,733 | INFO | edward.autonomous.market_cycle | universe_rejected instrument=ccadf1c8-d790-4700-89c3-5ac45f2cd380 ticker=1378 reason=BUY_NOT_AVAILABLE detail=
2026-08-26 21:34:07,733 | INFO | edward.autonomous.market_cycle | universe_rejected instrument=dd7aec29-16c0-42e2-85ef-00e317463bf2 ticker=WTRG reason=BUY_NOT_AVAILABLE detail=
2026-08-26 21:34:07,733 | INFO | edward.autonomous.market_cycle | universe_rejected instrument=63a9e68c-14e8-46d9-abd5-df3835b581d3 ticker=MGRC reason=BUY_NOT_AVAILABLE detail=
2026-08-26 21:34:07,733 | INFO | edward.autonomous.market_cycle | universe_rejected instrument=521671f0-9e10-40ec-92ee-25bd223efc76 ticker=MUSA reason=BUY_NOT_AVAILABLE detail=
2026-08-26 21:34:07,733 | INFO | edward.autonomous.market_cycle | universe_rejected instrument=e2b354a5-ec36-4e35-9856-dc9e2a1148ee ticker=BBY reason=BUY_NOT_AVAILABLE detail=
2026-08-26 21:34:07,733 | INFO | edward.autonomous.market_cycle | universe_rejected instrument=eb05ebd4-a216-434b-bddd-69531f120ec9 ticker=ROLO reason=CANDLES_UNAVAILABLE detail=_get_candles() takes 2 positional arguments but 5 were given
2026-08-26 21:34:07,733 | INFO | edward.autonomous.market_cycle | universe_rejected instrument=4bf30a47-cdc1-42f3-972f-d42e2444dc2c ticker=LSCC reason=BUY_NOT_AVAILABLE detail=
2026-08-26 21:34:07,733 | INFO | edward.autonomous.market_cycle | universe_rejected instrument=7b524f34-9b84-4e2d-b75b-c60627e0a6bd ticker=ABCB reason=BUY_NOT_AVAILABLE detail=
2026-08-26 21:34:07,733 | INFO | edward.autonomous.market_cycle | universe_rejected instrument=83eb7377-8a65-4e3a-ac80-8af83c73fb47 ticker=CMCSA reason=BUY_NOT_AVAILABLE detail=
2026-08-26 21:34:07,734 | INFO | edward.autonomous.market_cycle | universe_rejected instrument=a4095c7d-dc51-4313-be5c-b073fd64b486 ticker=CCJ reason=BUY_NOT_AVAILABLE detail=
2026-08-26 21:34:07,734 | INFO | edward.autonomous.market_cycle | universe_rejected instrument=028860f0-768b-4faf-b746-25d5ef76314f ticker=TJX reason=BUY_NOT_AVAILABLE detail=
2026-08-26 21:34:07,734 | INFO | edward.autonomous.market_cycle | universe_rejected instrument=15d7a49f-3d29-452b-9347-b4d03a42590e ticker=CARS reason=BUY_NOT_AVAILABLE detail=
2026-08-26 21:34:07,734 | INFO | edward.autonomous.market_cycle | universe_rejected instrument=eed26d83-15a2-40a2-8d30-3d38672573e1 ticker=WMS reason=BUY_NOT_AVAILABLE detail=
2026-08-26 21:34:07,734 | INFO | edward.autonomous.market_cycle | universe_rejected instrument=7dda2af8-fa75-4930-9902-60d9f0c30571 ticker=2238 reason=BUY_NOT_AVAILABLE detail=
2026-08-26 21:34:07,734 | INFO | edward.autonomous.market_cycle | universe_rejected instrument=e749f14f-06b6-4f78-b145-6c0998861d46 ticker=MAC reason=BUY_NOT_AVAILABLE detail=
2026-08-26 21:34:07,734 | INFO | edward.autonomous.market_cycle | universe_rejected instrument=7c1602b2-1342-48f4-a893-a9ed540b0c7b ticker=KSS reason=BUY_NOT_AVAILABLE detail=
2026-08-26 21:34:07,734 | INFO | edward.autonomous.market_cycle | universe_rejected instrument=1f9e652d-f8ef-4ed4-b139-153a48df468a ticker=BMBL reason=BUY_NOT_AVAILABLE detail=
2026-08-26 21:34:07,734 | INFO | edward.autonomous.market_cycle | universe_rejected instrument=3f5aa3f5-9aa5-448f-8f40-fce8fee7c025 ticker=CDNS reason=BUY_NOT_AVAILABLE detail=
2026-08-26 21:34:07,734 | INFO | edward.autonomous.market_cycle | universe_rejected instrument=42d12f59-7a2d-4478-8dec-7064cb50fc64 ticker=NTNX reason=BUY_NOT_AVAILABLE detail=
2026-08-26 21:34:07,734 | INFO | edward.autonomous.market_cycle | universe_rejected instrument=64c0b131-5bba-45eb-a1b3-9729a180e4f9 ticker=LRCX reason=BUY_NOT_AVAILABLE detail=
2026-08-26 21:34:07,734 | INFO | edward.autonomous.market_cycle | universe_rejected instrument=a187129e-2a94-481b-88ae-d5f8b0f524ff ticker=QNST reason=BUY_NOT_AVAILABLE detail=
2026-08-26 21:34:07,734 | INFO | edward.autonomous.market_cycle | universe_rejected instrument=3d8f2777-4a11-4713-af60-8038d11e66fa ticker=OGKB reason=CANDLES_UNAVAILABLE detail=_get_candles() takes 2 positional arguments but 5 were given
2026-08-26 21:34:07,734 | INFO | edward.autonomous.market_cycle | universe_rejected instrument=88d1fe1c-0409-4d26-a5dc-bc4b292d6c55 ticker=DDD reason=BUY_NOT_AVAILABLE detail=
2026-08-26 21:34:07,734 | INFO | edward.autonomous.market_cycle | universe_rejected instrument=95f3dbeb-ca70-4a39-844b-35d4d3afdce6 ticker=LOPE reason=BUY_NOT_AVAILABLE detail=
2026-08-26 21:34:07,734 | INFO | edward.autonomous.market_cycle | universe_rejected instrument=f7c1e4e2-f1fb-4de1-b2dc-4fc0be727f56 ticker=ARE reason=BUY_NOT_AVAILABLE detail=
2026-08-26 21:34:07,734 | INFO | edward.autonomous.market_cycle | universe_rejected instrument=d614f6be-89a7-4fda-86f4-580f8d7463ae ticker=MGTS reason=CANDLES_UNAVAILABLE detail=_get_candles() takes 2 positional arguments but 5 were given
2026-08-26 21:34:07,734 | INFO | edward.autonomous.market_cycle | universe_rejected instrument=d5c92992-49ab-49ec-bbf7-ec94c8324191 ticker=UAL reason=BUY_NOT_AVAILABLE detail=
2026-08-26 21:34:07,734 | INFO | edward.autonomous.market_cycle | universe_rejected instrument=85b0944a-6e58-4c65-9818-f592d72de130 ticker=USFD reason=BUY_NOT_AVAILABLE detail=
2026-08-26 21:34:07,734 | INFO | edward.autonomous.market_cycle | universe_rejected instrument=1bd0e273-f620-41cb-803f-86bd88796c8c ticker=PINS reason=BUY_NOT_AVAILABLE detail=
2026-08-26 21:34:07,734 | INFO | edward.autonomous.market_cycle | universe_rejected instrument=ee64af27-d3f9-4a9a-a50a-7143c6087371 ticker=LMBZ reason=CANDLES_UNAVAILABLE detail=_get_candles() takes 2 positional arguments but 5 were given
2026-08-26 21:34:07,734 | INFO | edward.autonomous.market_cycle | universe_rejected instrument=3cc24f5f-1916-4502-889f-1a5f27ac580d ticker=DAN reason=BUY_NOT_AVAILABLE detail=
2026-08-26 21:34:07,734 | INFO | edward.autonomous.market_cycle | universe_rejected instrument=541cafeb-1f5e-4a97-82de-6d0b81c8b48b ticker=MSM reason=BUY_NOT_AVAILABLE detail=
2026-08-26 21:34:07,734 | INFO | edward.autonomous.market_cycle | universe_rejected instrument=b434b0c4-4be4-47d0-8605-4173d623e9fd ticker=LIN reason=BUY_NOT_AVAILABLE detail=
2026-08-26 21:34:07,734 | INFO | edward.autonomous.market_cycle | universe_rejected instrument=ec52b618-23ee-4d6d-995a-0b1dc1b608c4 ticker=JD reason=BUY_NOT_AVAILABLE detail=
2026-08-26 21:34:07,734 | INFO | edward.autonomous.market_cycle | universe_rejected instrument=e1276b89-9970-441d-9c62-16f59bd20c95 ticker=CARR reason=BUY_NOT_AVAILABLE detail=
2026-08-26 21:34:07,734 | INFO | edward.autonomous.market_cycle | universe_rejected instrument=f24ce416-78d8-4d17-81b0-b45f7959bb53 ticker=HAS reason=BUY_NOT_AVAILABLE detail=
2026-08-26 21:34:07,734 | INFO | edward.autonomous.market_cycle | universe_rejected instrument=28148ef4-9bea-470e-a231-b6bd79eda7cf ticker=BEAM reason=BUY_NOT_AVAILABLE detail=
2026-08-26 21:34:07,734 | INFO | edward.autonomous.market_cycle | universe_rejected instrument=c62f08b9-8f42-44f0-9013-6574dc01a19d ticker=ESS reason=BUY_NOT_AVAILABLE detail=
2026-08-26 21:34:07,734 | INFO | edward.autonomous.market_cycle | universe_rejected instrument=6d7d11bb-8707-4e87-a630-e863ad698696 ticker=DKNG reason=BUY_NOT_AVAILABLE detail=
2026-08-26 21:34:07,734 | INFO | edward.autonomous.market_cycle | universe_rejected instrument=0c49d7f6-1c0e-4b78-b0dd-3f9ddb0f8ab0 ticker=EVRG reason=BUY_NOT_AVAILABLE detail=
2026-08-26 21:34:07,734 | INFO | edward.autonomous.market_cycle | universe_rejected instrument=968ea1a4-88f0-474e-8637-999c9e0e8e38 ticker=FCN reason=BUY_NOT_AVAILABLE detail=
2026-08-26 21:34:07,735 | INFO | edward.autonomous.market_cycle | universe_rejected instrument=f126254d-f0ba-4b72-ae1d-9b1fc1463b1b ticker=CBSH reason=BUY_NOT_AVAILABLE detail=
2026-08-26 21:34:07,735 | INFO | edward.autonomous.market_cycle | universe_rejected instrument=aae21cb9-2389-43ce-89f2-2bec6484b0af ticker=ARCC reason=BUY_NOT_AVAILABLE detail=
2026-08-26 21:34:07,735 | INFO | edward.autonomous.market_cycle | universe_rejected instrument=241dc583-9e35-4b58-8bee-632691c8b4b8 ticker=KRSBP reason=CANDLES_UNAVAILABLE detail=_get_candles() takes 2 positional arguments but 5 were given
2026-08-26 21:34:07,735 | INFO | edward.autonomous.market_cycle | universe_rejected instrument=1fccd2d1-3241-48ee-b106-281f2b7d66f1 ticker=IDA reason=BUY_NOT_AVAILABLE detail=
2026-08-26 21:34:07,735 | INFO | edward.autonomous.market_cycle | universe_rejected instrument=49659fb7-7280-49f1-bc66-860d67147fee ticker=SPT reason=BUY_NOT_AVAILABLE detail=
2026-08-26 21:34:07,735 | INFO | edward.autonomous.market_cycle | universe_rejected instrument=2ed83401-4cd2-42e4-a634-d5c2f998cc65 ticker=TDY reason=BUY_NOT_AVAILABLE detail=
2026-08-26 21:34:07,735 | INFO | edward.autonomous.market_cycle | universe_rejected instrument=236c35ea-f0a2-49e9-ae6d-542c8fa9ed98 ticker=CRSP reason=BUY_NOT_AVAILABLE detail=
2026-08-26 21:34:07,735 | INFO | edward.autonomous.market_cycle | universe_rejected instrument=157956b0-b67b-4706-8d90-ce2c219c08d8 ticker=IR reason=BUY_NOT_AVAILABLE detail=
2026-08-26 21:34:07,735 | INFO | edward.autonomous.market_cycle | universe_rejected instrument=41d34020-a983-4233-8697-30b4d28c10ae ticker=IQV reason=BUY_NOT_AVAILABLE detail=
2026-08-26 21:34:07,735 | INFO | edward.autonomous.market_cycle | universe_rejected instrument=12046c31-cd4b-4798-b3a2-88d5f2fe6108 ticker=BLNK reason=BUY_NOT_AVAILABLE detail=
2026-08-26 21:34:07,735 | INFO | edward.autonomous.market_cycle | universe_rejected instrument=ebfda284-4291-4337-9dfb-f55610d0a907 ticker=CBOM reason=CANDLES_UNAVAILABLE detail=_get_candles() takes 2 positional arguments but 5 were given
2026-08-26 21:34:07,735 | INFO | edward.autonomous.market_cycle | universe_rejected instrument=18a8d973-f6a1-4ed8-a137-a0cc21b8fd45 ticker=REGN reason=BUY_NOT_AVAILABLE detail=
2026-08-26 21:34:07,735 | INFO | edward.autonomous.market_cycle | universe_rejected instrument=bfd90bab-8ce5-4e9b-98e4-4303c3663b85 ticker=6030 reason=BUY_NOT_AVAILABLE detail=
2026-08-26 21:34:07,735 | INFO | edward.autonomous.market_cycle | universe_rejected instrument=4307640c-568e-4bed-b8c1-b483437a7f94 ticker=BURL reason=BUY_NOT_AVAILABLE detail=
2026-08-26 21:34:07,735 | INFO | edward.autonomous.market_cycle | universe_rejected instrument=b5899916-28a4-4bc2-b3c1-44ef773737bf ticker=STX reason=BUY_NOT_AVAILABLE detail=
2026-08-26 21:34:07,735 | INFO | edward.autonomous.market_cycle | universe_rejected instrument=e780e24d-67c6-4251-b9cb-20a6223d435f ticker=JJSF reason=BUY_NOT_AVAILABLE detail=
2026-08-26 21:34:07,735 | INFO | edward.autonomous.market_cycle | universe_rejected instrument=4c898b30-f981-480d-bb61-4a8c772114e4 ticker=TRIP reason=BUY_NOT_AVAILABLE detail=
2026-08-26 21:34:07,735 | INFO | edward.autonomous.market_cycle | universe_rejected instrument=7519da43-82f1-418c-907d-c91220fe3e7f ticker=669 reason=BUY_NOT_AVAILABLE detail=
2026-08-26 21:34:07,735 | INFO | edward.autonomous.market_cycle | universe_rejected instrument=55ad25f8-9582-470d-8e27-f67d80be551d ticker=FOXA reason=BUY_NOT_AVAILABLE detail=
2026-08-26 21:34:07,735 | INFO | edward.autonomous.market_cycle | universe_rejected instrument=90ee52ae-29f1-4e31-bb05-3af256945593 ticker=ENVX reason=BUY_NOT_AVAILABLE detail=
2026-08-26 21:34:07,735 | INFO | edward.autonomous.market_cycle | universe_rejected instrument=5a2e5ab6-a7db-402e-90f7-c047ec900d10 ticker=UNH reason=BUY_NOT_AVAILABLE detail=
2026-08-26 21:34:07,735 | INFO | edward.autonomous.market_cycle | universe_rejected instrument=926fdfbf-4b07-47c9-8928-f49858ca33f2 ticker=ABRD reason=CANDLES_UNAVAILABLE detail=_get_candles() takes 2 positional arguments but 5 were given
2026-08-26 21:34:07,735 | INFO | edward.autonomous.market_cycle | universe_rejected instrument=45d4ad89-1f79-46ae-a400-c3f31e322042 ticker=PWR reason=BUY_NOT_AVAILABLE detail=
2026-08-26 21:34:07,735 | INFO | edward.autonomous.market_cycle | universe_rejected instrument=13af8e2a-67e6-4f48-9878-212156828f28 ticker=9999 reason=BUY_NOT_AVAILABLE detail=
2026-08-26 21:34:07,735 | INFO | edward.autonomous.market_cycle | universe_rejected instrument=22084f5c-5da9-4255-940e-31e597d9c527 ticker=MCHP reason=BUY_NOT_AVAILABLE detail=
2026-08-26 21:34:07,735 | INFO | edward.autonomous.market_cycle | universe_rejected instrument=44a2d008-0c00-4300-a026-1cea16ba571b ticker=KMT reason=BUY_NOT_AVAILABLE detail=
2026-08-26 21:34:07,735 | INFO | edward.autonomous.market_cycle | universe_rejected instrument=7ea8da3b-5ff4-4127-bc21-46a5df4f8d3a ticker=ONTO reason=BUY_NOT_AVAILABLE detail=
2026-08-26 21:34:07,735 | INFO | edward.autonomous.market_cycle | universe_rejected instrument=2abbf6a4-4d79-4ef6-bac5-5162e1ce12fc ticker=LAC reason=BUY_NOT_AVAILABLE detail=
2026-08-26 21:34:07,735 | INFO | edward.autonomous.market_cycle | universe_rejected instrument=fa6c3a73-b221-411b-a980-fecc8657a9b4 ticker=HIMS reason=BUY_NOT_AVAILABLE detail=
2026-08-26 21:34:07,735 | INFO | edward.autonomous.market_cycle | universe_rejected instrument=f259e5e6-bfbd-4973-ae38-4bf24a64df1c ticker=PANW reason=BUY_NOT_AVAILABLE detail=
2026-08-26 21:34:07,736 | INFO | edward.autonomous.market_cycle | universe_rejected instrument=e8ff24ab-d27e-4ae1-b26c-5543394c5f40 ticker=DLB reason=BUY_NOT_AVAILABLE detail=
2026-08-26 21:34:07,736 | INFO | edward.autonomous.market_cycle | universe_rejected instrument=c1cbc58d-2312-4ff1-9b93-893caf0fdc30 ticker=VRTX reason=BUY_NOT_AVAILABLE detail=
2026-08-26 21:34:07,736 | INFO | edward.autonomous.market_cycle | universe_rejected instrument=fa357631-e200-4e9c-969b-2b481507f4a3 ticker=CF reason=BUY_NOT_AVAILABLE detail=
2026-08-26 21:34:07,736 | INFO | edward.autonomous.market_cycle | universe_rejected instrument=7ffe5a84-1b38-4b95-a5eb-00e987f0f177 ticker=ATRO reason=BUY_NOT_AVAILABLE detail=
2026-08-26 21:34:07,736 | INFO | edward.autonomous.market_cycle | universe_rejected instrument=278d9ccc-4dde-484e-bf79-49ce8f733470 ticker=TRMK reason=CANDLES_UNAVAILABLE detail=_get_candles() takes 2 positional arguments but 5 were given
2026-08-26 21:34:07,736 | INFO | edward.autonomous.market_cycle | universe_rejected instrument=906c71ab-ca3e-444f-9aba-e6b46cd2ea9c ticker=ABT reason=BUY_NOT_AVAILABLE detail=
2026-08-26 21:34:07,736 | INFO | edward.autonomous.market_cycle | universe_rejected instrument=f355763e-30a8-43d8-ab93-f44f1038cd60 ticker=CACC reason=BUY_NOT_AVAILABLE detail=
2026-08-26 21:34:07,736 | INFO | edward.autonomous.market_cycle | universe_rejected instrument=ab1f751e-15b2-4c74-802c-1b3e8638c394 ticker=SOFL reason=CANDLES_UNAVAILABLE detail=_get_candles() takes 2 positional arguments but 5 were given
2026-08-26 21:34:07,736 | INFO | edward.autonomous.market_cycle | universe_rejected instrument=4158cc55-c051-4bb3-bf54-aacc2d3c1cf5 ticker=6881 reason=BUY_NOT_AVAILABLE detail=
2026-08-26 21:34:07,736 | INFO | edward.autonomous.market_cycle | universe_rejected instrument=3501239f-7d60-44a8-bc88-c4c9b1285f35 ticker=CUZ reason=BUY_NOT_AVAILABLE detail=
2026-08-26 21:34:07,736 | INFO | edward.autonomous.market_cycle | universe_rejected instrument=83baaf4b-823c-4c6c-a598-87c96cd76e03 ticker=ANIP reason=BUY_NOT_AVAILABLE detail=
2026-08-26 21:34:07,736 | INFO | edward.autonomous.market_cycle | universe_rejected instrument=13262f1b-21ae-42fa-94eb-0d5a7f3fb00e ticker=VAC reason=BUY_NOT_AVAILABLE detail=
2026-08-26 21:34:07,736 | INFO | edward.autonomous.market_cycle | universe_rejected instrument=515ab3f3-0b8d-4b04-8faa-a0fdd8f6eb22 ticker=PAGS reason=BUY_NOT_AVAILABLE detail=
2026-08-26 21:34:07,736 | INFO | edward.autonomous.market_cycle | universe_rejected instrument=593c33fb-7bed-486a-9353-7e075b7969c2 ticker=HRL reason=BUY_NOT_AVAILABLE detail=
2026-08-26 21:34:07,736 | INFO | edward.autonomous.market_cycle | universe_rejected instrument=945eae5e-5a91-4cc7-847a-b1c7f48e6764 ticker=FAST reason=BUY_NOT_AVAILABLE detail=
2026-08-26 21:34:07,736 | INFO | edward.autonomous.market_cycle | universe_rejected instrument=0dfa1f99-25d0-463a-a38f-240405e37d35 ticker=HCA reason=BUY_NOT_AVAILABLE detail=
2026-08-26 21:34:07,736 | INFO | edward.autonomous.market_cycle | universe_rejected instrument=1f40b2dc-c72b-41fd-b6f8-8096a0626140 ticker=OIS reason=BUY_NOT_AVAILABLE detail=
2026-08-26 21:34:07,736 | INFO | edward.autonomous.market_cycle | universe_rejected instrument=1c599635-91ba-441b-84db-9d90a9355fef ticker=ETN reason=BUY_NOT_AVAILABLE detail=
2026-08-26 21:34:07,736 | INFO | edward.autonomous.market_cycle | universe_rejected instrument=0b9cc47d-78e8-4dc2-b46e-581f8e4f8936 ticker=BCC reason=BUY_NOT_AVAILABLE detail=
2026-08-26 21:34:07,736 | INFO | edward.autonomous.market_cycle | universe_rejected instrument=4dea0a7b-2ba0-4929-b5cc-9e22df091ec5 ticker=WPC reason=BUY_NOT_AVAILABLE detail=
2026-08-26 21:34:07,736 | INFO | edward.autonomous.market_cycle | universe_rejected instrument=8b84da1d-3f04-464d-8847-0339658d1fe4 ticker=DORM reason=BUY_NOT_AVAILABLE detail=
2026-08-26 21:34:07,736 | INFO | edward.autonomous.market_cycle | universe_rejected instrument=27c45fca-6ca2-485a-bdb0-fdc990a0a923 ticker=CLX reason=BUY_NOT_AVAILABLE detail=
2026-08-26 21:34:07,736 | INFO | edward.autonomous.market_cycle | universe_rejected instrument=6891e539-6070-4ba6-99c0-7eb1df9c816e ticker=KRKNP reason=CANDLES_UNAVAILABLE detail=_get_candles() takes 2 positional arguments but 5 were given
2026-08-26 21:34:07,736 | INFO | edward.autonomous.market_cycle | universe_rejected instrument=fa6aae10-b8d5-48c8-bbfd-d320d925d096 ticker=CHMF reason=CANDLES_UNAVAILABLE detail=_get_candles() takes 2 positional arguments but 5 were given
2026-08-26 21:34:07,736 | INFO | edward.autonomous.market_cycle | universe_rejected instrument=a0d3f5c1-3fee-4fc3-ba47-f4edb18858e0 ticker=TWLO reason=BUY_NOT_AVAILABLE detail=
2026-08-26 21:34:07,736 | INFO | edward.autonomous.market_cycle | universe_rejected instrument=2adfa0e9-352a-4506-9862-c7d972b14680 ticker=RLAY reason=BUY_NOT_AVAILABLE detail=
2026-08-26 21:34:07,736 | INFO | edward.autonomous.market_cycle | universe_rejected instrument=9fd80d53-8649-4ddd-b6df-f468d18bc201 ticker=LNTH reason=BUY_NOT_AVAILABLE detail=
2026-08-26 21:34:07,736 | INFO | edward.autonomous.market_cycle | universe_rejected instrument=b9b687ff-2bad-4996-89c4-658dfa73f906 ticker=SLDB reason=BUY_NOT_AVAILABLE detail=
2026-08-26 21:34:07,736 | INFO | edward.autonomous.market_cycle | universe_rejected instrument=9a88a875-7dde-431a-ad1d-dc8ba3cf8a39 ticker=WW reason=BUY_NOT_AVAILABLE detail=
2026-08-26 21:34:07,736 | INFO | edward.autonomous.market_cycle | universe_rejected instrument=3c901a56-5c9b-4257-9f09-fd038fb1d559 ticker=MLKN reason=BUY_NOT_AVAILABLE detail=
2026-08-26 21:34:07,736 | INFO | edward.autonomous.market_cycle | universe_rejected instrument=fb46349d-a7ef-413b-917f-edec1a1529cc ticker=SAGO reason=CANDLES_UNAVAILABLE detail=_get_candles() takes 2 positional arguments but 5 were given
2026-08-26 21:34:07,736 | INFO | edward.autonomous.market_cycle | universe_rejected instrument=34da26e7-f5b0-480d-aa76-d038bebb5cd7 ticker=RIO reason=BUY_NOT_AVAILABLE detail=
2026-08-26 21:34:07,737 | INFO | edward.autonomous.market_cycle | universe_rejected instrument=7644353c-9334-4d08-a44d-e01dd580a65e ticker=HUBB reason=BUY_NOT_AVAILABLE detail=
2026-08-26 21:34:07,737 | INFO | edward.autonomous.market_cycle | universe_rejected instrument=886bee82-c1bb-4d88-9b02-ee9c3fc21371 ticker=NWSA reason=BUY_NOT_AVAILABLE detail=
2026-08-26 21:34:07,737 | INFO | edward.autonomous.market_cycle | universe_rejected instrument=bc21fb4f-8838-4355-8697-fb0d8fc809c8 ticker=NKNCP reason=CANDLES_UNAVAILABLE detail=_get_candles() takes 2 positional arguments but 5 were given
2026-08-26 21:34:07,737 | INFO | edward.autonomous.market_cycle | universe_rejected instrument=d9d009df-f3c3-4470-a031-1b91540084e3 ticker=ZIM reason=BUY_NOT_AVAILABLE detail=
2026-08-26 21:34:07,737 | INFO | edward.autonomous.market_cycle | universe_rejected instrument=cbe0b91a-da69-4102-99d3-e5b2833df853 ticker=GTN reason=BUY_NOT_AVAILABLE detail=
2026-08-26 21:34:07,737 | INFO | edward.autonomous.market_cycle | universe_rejected instrument=4d8f71fc-2a03-41e5-b9d8-2dc6336a86a6 ticker=AMAT reason=BUY_NOT_AVAILABLE detail=
2026-08-26 21:34:07,737 | INFO | edward.autonomous.market_cycle | universe_rejected instrument=3905690d-70e5-4b74-b45c-f09e8cf8c824 ticker=HLT reason=BUY_NOT_AVAILABLE detail=
2026-08-26 21:34:07,737 | INFO | edward.autonomous.market_cycle | universe_rejected instrument=90ac8947-846a-42e6-a40f-e4660b97b01a ticker=SNA reason=BUY_NOT_AVAILABLE detail=
2026-08-26 21:34:07,737 | INFO | edward.autonomous.market_cycle | universe_rejected instrument=f377b7a2-5795-40a5-bd18-fb527885eb09 ticker=AMD reason=BUY_NOT_AVAILABLE detail=
2026-08-26 21:34:07,737 | INFO | edward.autonomous.market_cycle | universe_rejected instrument=5bf3e542-c574-48e8-a843-13d4f5d51770 ticker=TVTX reason=BUY_NOT_AVAILABLE detail=
2026-08-26 21:34:07,737 | INFO | edward.autonomous.market_cycle | universe_rejected instrument=f6e866d9-6388-4a55-80f9-27a4fc69392e ticker=NET reason=BUY_NOT_AVAILABLE detail=
2026-08-26 21:34:07,737 | INFO | edward.autonomous.market_cycle | universe_rejected instrument=a44a1ac5-9174-4885-b665-6b51f499dea3 ticker=CSGP reason=BUY_NOT_AVAILABLE detail=
2026-08-26 21:34:07,737 | INFO | edward.autonomous.market_cycle | universe_rejected instrument=34f5aa05-5b8c-44a4-a4cd-37645fd0d4c6 ticker=SPOT reason=BUY_NOT_AVAILABLE detail=
2026-08-26 21:34:07,737 | INFO | edward.autonomous.market_cycle | universe_rejected instrument=e3b88609-7782-46fd-a7a4-4118e7b25cfc ticker=PODD reason=BUY_NOT_AVAILABLE detail=
2026-08-26 21:34:07,737 | INFO | edward.autonomous.market_cycle | universe_rejected instrument=69f5da81-80c7-4c12-85dc-3bb7524c4a35 ticker=OBNEP reason=CANDLES_UNAVAILABLE detail=_get_candles() takes 2 positional arguments but 5 were given
2026-08-26 21:34:07,737 | INFO | edward.autonomous.market_cycle | universe_rejected instrument=bf6f44c0-2b6c-4894-908f-6e2deb4ca99b ticker=HAL reason=BUY_NOT_AVAILABLE detail=
2026-08-26 21:34:07,737 | INFO | edward.autonomous.market_cycle | universe_rejected instrument=918b0bb4-9fcc-41e7-ab00-e7fc3e3b2310 ticker=PNC reason=BUY_NOT_AVAILABLE detail=
2026-08-26 21:34:07,737 | INFO | edward.autonomous.market_cycle | universe_rejected instrument=0a2b5903-a8d0-45e1-9c34-74f559e60d34 ticker=DOW reason=BUY_NOT_AVAILABLE detail=
2026-08-26 21:34:07,737 | INFO | edward.autonomous.market_cycle | universe_rejected instrument=e4863d0a-48e4-49bd-b623-b6b26f1c6f51 ticker=LCII reason=BUY_NOT_AVAILABLE detail=
2026-08-26 21:34:07,737 | INFO | edward.autonomous.market_cycle | universe_rejected instrument=e6a9ccd4-e12c-48be-a780-f9038f8bf37c ticker=SLQT reason=BUY_NOT_AVAILABLE detail=
2026-08-26 21:34:07,737 | INFO | edward.autonomous.market_cycle | universe_rejected instrument=0d433c6b-d972-48c2-9724-800776d1c70f ticker=F reason=BUY_NOT_AVAILABLE detail=
2026-08-26 21:34:07,737 | INFO | edward.autonomous.market_cycle | universe_rejected instrument=902afb0a-9a04-41da-a9eb-df4ae2473938 ticker=HUM reason=BUY_NOT_AVAILABLE detail=
2026-08-26 21:34:07,737 | INFO | edward.autonomous.market_cycle | universe_rejected instrument=1402c4dd-c98b-42a0-aa81-e18d898dce6c ticker=RIVN reason=BUY_NOT_AVAILABLE detail=
2026-08-26 21:34:07,737 | INFO | edward.autonomous.market_cycle | universe_rejected instrument=1b43e4a0-7f0b-4de0-acca-968a7c448dbd ticker=EW reason=BUY_NOT_AVAILABLE detail=
2026-08-26 21:34:07,737 | INFO | edward.autonomous.market_cycle | universe_rejected instrument=e0e607a3-d6df-44b5-b139-65f8668668d9 ticker=AORT reason=BUY_NOT_AVAILABLE detail=
2026-08-26 21:34:07,737 | INFO | edward.autonomous.market_cycle | universe_rejected instrument=a11b0004-bcfa-45fe-955b-2985c1659937 ticker=VMC reason=BUY_NOT_AVAILABLE detail=
2026-08-26 21:34:07,737 | INFO | edward.autonomous.market_cycle | universe_rejected instrument=ba12afb1-9ea7-4283-a76c-07ff4aa13b8a ticker=SMG reason=BUY_NOT_AVAILABLE detail=
2026-08-26 21:34:07,737 | INFO | edward.autonomous.market_cycle | universe_rejected instrument=67e771e1-d025-43ee-90a6-57b3d730aeb2 ticker=BAH reason=BUY_NOT_AVAILABLE detail=
2026-08-26 21:34:07,737 | INFO | edward.autonomous.market_cycle | universe_rejected instrument=95455b8c-3813-4cd0-acfc-5459d8f9048d ticker=TSN reason=BUY_NOT_AVAILABLE detail=
2026-08-26 21:34:07,737 | INFO | edward.autonomous.market_cycle | universe_rejected instrument=d4e42dba-694f-4a1c-89d5-e131ef22e93d ticker=RXRX reason=BUY_NOT_AVAILABLE detail=
2026-08-26 21:34:07,737 | INFO | edward.autonomous.market_cycle | universe_rejected instrument=c705915d-395a-40de-a786-00da340df68a ticker=RGLD reason=BUY_NOT_AVAILABLE detail=
2026-08-26 21:34:07,737 | INFO | edward.autonomous.market_cycle | universe_rejected instrument=da10b23a-2f0c-4e13-8e18-8393d95e0b3a ticker=G reason=BUY_NOT_AVAILABLE detail=
2026-08-26 21:34:07,738 | INFO | edward.autonomous.market_cycle | universe_rejected instrument=e118e3d8-0576-476a-844a-89b37e6b16ec ticker=GLW reason=BUY_NOT_AVAILABLE detail=
2026-08-26 21:34:07,738 | INFO | edward.autonomous.market_cycle | universe_rejected instrument=9dd5ddc1-6b9c-4bc2-8f9d-f080ca2db669 ticker=WLK reason=BUY_NOT_AVAILABLE detail=
2026-08-26 21:34:07,738 | INFO | edward.autonomous.market_cycle | universe_rejected instrument=492beaac-3728-4e55-bd12-1e09182f59c7 ticker=LYFT reason=BUY_NOT_AVAILABLE detail=
2026-08-26 21:34:07,738 | INFO | edward.autonomous.market_cycle | universe_rejected instrument=64aeb159-12e8-48c7-b14a-5211c7301d6c ticker=DIS reason=BUY_NOT_AVAILABLE detail=
2026-08-26 21:34:07,738 | INFO | edward.autonomous.market_cycle | universe_rejected instrument=aa183ebe-3dae-4f4b-b7a2-c03539375417 ticker=FIVE@GS reason=BUY_NOT_AVAILABLE detail=
2026-08-26 21:34:07,738 | INFO | edward.autonomous.market_cycle | universe_rejected instrument=f6ca39a8-c214-425e-acc8-c70943fe1622 ticker=BUD reason=BUY_NOT_AVAILABLE detail=
2026-08-26 21:34:07,738 | INFO | edward.autonomous.market_cycle | universe_rejected instrument=2f44118c-72d6-4a4d-9c1f-63a77c3e0331 ticker=FRME reason=BUY_NOT_AVAILABLE detail=
2026-08-26 21:34:07,738 | INFO | edward.autonomous.market_cycle | universe_rejected instrument=ec010d2f-a4e1-463a-816a-c00b9b044345 ticker=EVRZ reason=TRADING_NOT_AVAILABLE detail=SECURITY_TRADING_STATUS_NOT_AVAILABLE_FOR_TRADING
2026-08-26 21:34:07,738 | INFO | edward.autonomous.market_cycle | universe_rejected instrument=6707f9fd-cac2-4219-8a9c-4407349d3d4f ticker=RSG reason=BUY_NOT_AVAILABLE detail=
2026-08-26 21:34:07,738 | INFO | edward.autonomous.market_cycle | universe_rejected instrument=31b5d325-b3f1-4e23-9f6e-bc2b020d6e65 ticker=MMC reason=BUY_NOT_AVAILABLE detail=
2026-08-26 21:34:07,738 | INFO | edward.autonomous.market_cycle | universe_rejected instrument=b2db7bb1-6f04-4c3c-b910-fb7fd8aab52d ticker=LSRG reason=CANDLES_UNAVAILABLE detail=_get_candles() takes 2 positional arguments but 5 were given
2026-08-26 21:34:07,738 | INFO | edward.autonomous.market_cycle | universe_rejected instrument=4164ae8b-6f9d-43f7-b0a9-960e215722a7 ticker=SKY reason=BUY_NOT_AVAILABLE detail=
2026-08-26 21:34:07,738 | INFO | edward.autonomous.market_cycle | universe_rejected instrument=e6b2463d-744e-489c-b07a-f22220f75ca9 ticker=BZUN reason=BUY_NOT_AVAILABLE detail=
2026-08-26 21:34:07,738 | INFO | edward.autonomous.market_cycle | universe_rejected instrument=c2a68941-589b-45e3-b2ad-321dea3d47a6 ticker=ELS reason=BUY_NOT_AVAILABLE detail=
2026-08-26 21:34:07,738 | INFO | edward.autonomous.market_cycle | universe_rejected instrument=0595ccee-d670-4a59-a9ef-d5eeba9e4353 ticker=ILMN reason=BUY_NOT_AVAILABLE detail=
2026-08-26 21:34:07,738 | INFO | edward.autonomous.market_cycle | universe_rejected instrument=37ad3e1f-1b08-4fae-9de9-163242b048ae ticker=PSA reason=BUY_NOT_AVAILABLE detail=
2026-08-26 21:34:07,739 | INFO | edward.autonomous.market_cycle | universe_rejected instrument=fd5e6255-25ba-4b44-a6b9-9bb00e004d84 ticker=FBIN reason=BUY_NOT_AVAILABLE detail=
2026-08-26 21:34:07,739 | INFO | edward.autonomous.market_cycle | universe_rejected instrument=76589a13-0f7a-4ca6-b96b-56abec784cac ticker=CRL reason=BUY_NOT_AVAILABLE detail=
2026-08-26 21:34:07,739 | INFO | edward.autonomous.market_cycle | universe_rejected instrument=00a14cf4-a81f-4ee6-83ca-9833ddc4a59d ticker=DRI reason=BUY_NOT_AVAILABLE detail=
2026-08-26 21:34:07,739 | INFO | edward.autonomous.market_cycle | universe_rejected instrument=602d3535-6294-42c5-a21e-5ade00fcc2ef ticker=TDOC reason=BUY_NOT_AVAILABLE detail=
2026-08-26 21:34:07,739 | INFO | edward.autonomous.market_cycle | universe_rejected instrument=0fff97eb-18d7-426f-bf3f-bdf0bd03ae5b ticker=SITE reason=BUY_NOT_AVAILABLE detail=
2026-08-26 21:34:07,739 | INFO | edward.autonomous.market_cycle | universe_rejected instrument=16cebeb2-3144-4647-a68d-c22279957500 ticker=USPH reason=BUY_NOT_AVAILABLE detail=
2026-08-26 21:34:07,739 | INFO | edward.autonomous.market_cycle | universe_rejected instrument=c1bcbfcd-e6cd-4706-a0f7-72500ffaf3d4 ticker=SFTL reason=BUY_NOT_AVAILABLE detail=
2026-08-26 21:34:07,739 | INFO | edward.autonomous.market_cycle | universe_rejected instrument=050173e0-f7bd-470a-b98a-28ad4cbae23e ticker=WCC reason=BUY_NOT_AVAILABLE detail=
2026-08-26 21:34:07,739 | INFO | edward.autonomous.market_cycle | universe_rejected instrument=842fe062-b44b-45e1-b860-09b30fbdb91f ticker=PFGC reason=BUY_NOT_AVAILABLE detail=
2026-08-26 21:34:07,739 | INFO | edward.autonomous.market_cycle | universe_rejected instrument=6996bb7d-3a65-456d-96d7-d37e0b3a8b05 ticker=COF reason=BUY_NOT_AVAILABLE detail=
2026-08-26 21:34:07,739 | INFO | edward.autonomous.market_cycle | universe_rejected instrument=9691cd8f-e0a4-4b44-bad9-8b0ea7d30f86 ticker=KIDS reason=BUY_NOT_AVAILABLE detail=
2026-08-26 21:34:07,739 | INFO | edward.autonomous.market_cycle | universe_rejected instrument=aa2e9cd7-4a01-4570-9c73-b019be037010 ticker=1997 reason=BUY_NOT_AVAILABLE detail=
2026-08-26 21:34:07,739 | INFO | edward.autonomous.market_cycle | universe_rejected instrument=33ed8c5b-4e0e-433c-a95f-494f091f01f3 ticker=MSGE reason=BUY_NOT_AVAILABLE detail=
2026-08-26 21:34:07,739 | INFO | edward.autonomous.market_cycle | universe_rejected instrument=bd685d6d-715f-499b-a50d-3b47c04a65a6 ticker=MISB reason=CANDLES_UNAVAILABLE detail=_get_candles() takes 2 positional arguments but 5 were given
2026-08-26 21:34:07,739 | INFO | edward.autonomous.market_cycle | universe_rejected instrument=148c7113-e6d5-45c4-8cad-5f1a5a8272ce ticker=ABR reason=BUY_NOT_AVAILABLE detail=
2026-08-26 21:34:07,739 | INFO | edward.autonomous.market_cycle | universe_rejected instrument=bac17da4-084c-4e8d-b5bd-4820bcd1b808 ticker=MKSI reason=BUY_NOT_AVAILABLE detail=
2026-08-26 21:34:07,739 | INFO | edward.autonomous.market_cycle | universe_rejected instrument=e74f508f-fbec-468f-8c6b-164fd396d5e5 ticker=SCHW reason=BUY_NOT_AVAILABLE detail=
2026-08-26 21:34:07,739 | INFO | edward.autonomous.market_cycle | universe_rejected instrument=b39ca028-a2de-4f8b-996f-bc8f17233600 ticker=WYNN reason=BUY_NOT_AVAILABLE detail=
2026-08-26 21:34:07,739 | INFO | edward.autonomous.market_cycle | universe_rejected instrument=1b92bae3-a7f0-47c8-9ff7-2f6fbb39bc4f ticker=BC reason=BUY_NOT_AVAILABLE detail=
2026-08-26 21:34:07,739 | INFO | edward.autonomous.market_cycle | universe_rejected instrument=73956ab3-0338-49a0-a421-83b4321975c0 ticker=SAIC reason=BUY_NOT_AVAILABLE detail=
2026-08-26 21:34:07,739 | INFO | edward.autonomous.market_cycle | universe_rejected instrument=88e000dc-a7bc-4f73-bb47-90006b58f689 ticker=ACGL reason=BUY_NOT_AVAILABLE detail=
2026-08-26 21:34:07,739 | INFO | edward.autonomous.market_cycle | universe_rejected instrument=cee93f1c-8845-4481-bf5b-f46bf241a0db ticker=O reason=BUY_NOT_AVAILABLE detail=
2026-08-26 21:34:07,739 | INFO | edward.autonomous.market_cycle | universe_rejected instrument=0717edd2-f0dd-4e5f-8cf0-2873074cb55d ticker=VTS reason=BUY_NOT_AVAILABLE detail=
2026-08-26 21:34:07,739 | INFO | edward.autonomous.market_cycle | universe_rejected instrument=bcb1159f-93a3-45cf-9fd0-64dd0de66af2 ticker=UHS reason=BUY_NOT_AVAILABLE detail=
2026-08-26 21:34:07,739 | INFO | edward.autonomous.market_cycle | universe_rejected instrument=3ebd4310-1c6b-43af-97f4-7537438b36b8 ticker=KTB reason=BUY_NOT_AVAILABLE detail=
2026-08-26 21:34:07,739 | INFO | edward.autonomous.market_cycle | universe_rejected instrument=cdd0b1b7-f946-45d0-9a1b-fc88e9615949 ticker=PAG reason=BUY_NOT_AVAILABLE detail=
2026-08-26 21:34:07,739 | INFO | edward.autonomous.market_cycle | universe_rejected instrument=140da63f-e71a-41ce-9521-a26c76c71056 ticker=SLB reason=BUY_NOT_AVAILABLE detail=
2026-08-26 21:34:07,739 | INFO | edward.autonomous.market_cycle | universe_rejected instrument=7301917e-d6af-4064-a012-40f26dee0a60 ticker=BXP reason=BUY_NOT_AVAILABLE detail=
2026-08-26 21:34:07,739 | INFO | edward.autonomous.market_cycle | universe_rejected instrument=b5170ff8-aa5e-4837-8101-bd81d12a5785 ticker=6185 reason=BUY_NOT_AVAILABLE detail=
2026-08-26 21:34:07,739 | INFO | edward.autonomous.market_cycle | universe_rejected instrument=0d0bd102-cac8-42f6-b05c-bc15d4292834 ticker=JBHT reason=BUY_NOT_AVAILABLE detail=
2026-08-26 21:34:07,739 | INFO | edward.autonomous.market_cycle | universe_rejected instrument=15ea50b0-dc68-4835-a06d-585d4536defb ticker=GRAL reason=BUY_NOT_AVAILABLE detail=
2026-08-26 21:34:07,740 | INFO | edward.autonomous.market_cycle | universe_rejected instrument=f85c6e5d-ecdf-4710-883b-dc39d7abe1b0 ticker=AXON reason=BUY_NOT_AVAILABLE detail=
2026-08-26 21:34:07,740 | INFO | edward.autonomous.market_cycle | universe_rejected instrument=320f7af4-22ff-45d4-baad-78394e247323 ticker=APPN reason=BUY_NOT_AVAILABLE detail=
2026-08-26 21:34:07,740 | INFO | edward.autonomous.market_cycle | universe_rejected instrument=a762c7ca-ee67-4bea-9c2b-c6a0248df532 ticker=ROST reason=BUY_NOT_AVAILABLE detail=
2026-08-26 21:34:07,740 | INFO | edward.autonomous.market_cycle | universe_rejected instrument=09c5f10f-b671-4acc-bc17-db491a1a66eb ticker=GAZAP reason=CANDLES_UNAVAILABLE detail=_get_candles() takes 2 positional arguments but 5 were given
2026-08-26 21:34:07,740 | INFO | edward.autonomous.market_cycle | universe_rejected instrument=8407c0b7-2e1f-413d-abe0-f12c2ffc9acc ticker=COTY reason=BUY_NOT_AVAILABLE detail=
2026-08-26 21:34:07,740 | INFO | edward.autonomous.market_cycle | universe_rejected instrument=e1b089f3-9bf1-44c3-897f-25e9f591bebc ticker=RTKMP reason=CANDLES_UNAVAILABLE detail=_get_candles() takes 2 positional arguments but 5 were given
2026-08-26 21:34:07,740 | INFO | edward.autonomous.market_cycle | universe_rejected instrument=9bb2c004-f207-43f5-93a3-f5063472d48c ticker=FUL reason=BUY_NOT_AVAILABLE detail=
2026-08-26 21:34:07,740 | INFO | edward.autonomous.market_cycle | universe_rejected instrument=9b55690e-e15d-4df1-8336-fa47624ab4bf ticker=NSP reason=BUY_NOT_AVAILABLE detail=
2026-08-26 21:34:07,740 | INFO | edward.autonomous.market_cycle | universe_rejected instrument=b2eac6e6-e773-49cf-8727-a51d8d11bcc6 ticker=PGR reason=BUY_NOT_AVAILABLE detail=
2026-08-26 21:34:07,740 | INFO | edward.autonomous.market_cycle | universe_rejected instrument=220d6d28-3854-451a-ab29-d2988311f5e6 ticker=TRHC reason=BUY_NOT_AVAILABLE detail=
2026-08-26 21:34:07,740 | INFO | edward.autonomous.market_cycle | universe_rejected instrument=b7e148da-bb03-4c00-b5ea-6b5e7cb2596f ticker=KRC reason=BUY_NOT_AVAILABLE detail=
2026-08-26 21:34:07,740 | INFO | edward.autonomous.market_cycle | universe_rejected instrument=1d0c07ae-0f8b-40fb-9d1d-5af8c984ca37 ticker=AXP reason=BUY_NOT_AVAILABLE detail=
2026-08-26 21:34:07,740 | INFO | edward.autonomous.market_cycle | universe_rejected instrument=9ce0b071-a5b8-4921-9357-8f1bcde396a8 ticker=W reason=BUY_NOT_AVAILABLE detail=
2026-08-26 21:34:07,740 | INFO | edward.autonomous.market_cycle | universe_rejected instrument=a1f9d237-3d68-457e-998b-7d05a5f336e5 ticker=ANIK reason=BUY_NOT_AVAILABLE detail=
2026-08-26 21:34:07,740 | INFO | edward.autonomous.market_cycle | universe_rejected instrument=c4d54656-38e4-47ed-a8ae-7f5ea551bfb9 ticker=SBH reason=BUY_NOT_AVAILABLE detail=
2026-08-26 21:34:07,740 | INFO | edward.autonomous.market_cycle | universe_rejected instrument=0382723a-5ea5-409b-a17e-67c31c26333e ticker=SHOO reason=BUY_NOT_AVAILABLE detail=
2026-08-26 21:34:07,740 | INFO | edward.autonomous.market_cycle | universe_rejected instrument=cab70365-34fc-4bb4-b8bf-b4b0c1b547fa ticker=VVX reason=BUY_NOT_AVAILABLE detail=
2026-08-26 21:34:07,740 | INFO | edward.autonomous.market_cycle | universe_rejected instrument=93237253-bc46-4f7c-88af-7774e5d25dca ticker=GSHD reason=BUY_NOT_AVAILABLE detail=
2026-08-26 21:34:07,740 | INFO | edward.autonomous.market_cycle | universe_rejected instrument=aa73fef1-a246-4c7f-b68c-f5f206b4668d ticker=PRLB reason=BUY_NOT_AVAILABLE detail=
2026-08-26 21:34:07,740 | INFO | edward.autonomous.market_cycle | universe_rejected instrument=f2eb7eef-6bb1-4be6-a7e1-46dffd25f432 ticker=CHRW reason=BUY_NOT_AVAILABLE detail=
2026-08-26 21:34:07,740 | INFO | edward.autonomous.market_cycle | universe_rejected instrument=0df9f0f2-07a4-4ee2-a1b8-1ff77b559fb4 ticker=RAMP reason=BUY_NOT_AVAILABLE detail=
2026-08-26 21:34:07,740 | INFO | edward.autonomous.market_cycle | universe_rejected instrument=414928c5-2ae2-4dff-9420-5f1c85146a99 ticker=TORS reason=CANDLES_UNAVAILABLE detail=_get_candles() takes 2 positional arguments but 5 were given
2026-08-26 21:34:07,740 | INFO | edward.autonomous.market_cycle | universe_rejected instrument=c0443ded-66a8-4e59-aad1-f851e7a2916b ticker=LII reason=BUY_NOT_AVAILABLE detail=
2026-08-26 21:34:07,740 | INFO | edward.autonomous.market_cycle | universe_rejected instrument=61d3a753-578b-4cff-b20e-0121b4fc1465 ticker=PACB reason=BUY_NOT_AVAILABLE detail=
2026-08-26 21:34:07,740 | INFO | edward.autonomous.market_cycle | universe_rejected instrument=4330445b-b540-4d5d-835e-b9a7679aa6fb ticker=MOH reason=BUY_NOT_AVAILABLE detail=
2026-08-26 21:34:07,740 | INFO | edward.autonomous.market_cycle | universe_rejected instrument=49dd0d89-18d3-48a0-92fd-5ff8a422f705 ticker=CBRE reason=BUY_NOT_AVAILABLE detail=
2026-08-26 21:34:07,740 | INFO | edward.autonomous.market_cycle | universe_rejected instrument=258cfef4-eee6-4d43-a57a-025030cd8ab0 ticker=MSGS reason=BUY_NOT_AVAILABLE detail=
2026-08-26 21:34:07,740 | INFO | edward.autonomous.market_cycle | universe_rejected instrument=e07171af-d50f-48b9-9bd6-4bf73f3b1545 ticker=914 reason=BUY_NOT_AVAILABLE detail=
2026-08-26 21:34:07,740 | INFO | edward.autonomous.market_cycle | universe_rejected instrument=8ac1635a-fbbc-4bc4-bb23-8010d349c82d ticker=UCTT reason=BUY_NOT_AVAILABLE detail=
2026-08-26 21:34:07,740 | INFO | edward.autonomous.market_cycle | universe_rejected instrument=71e3ff4d-6c83-4213-b5d6-4ec1f2d94a0f ticker=QTWO reason=BUY_NOT_AVAILABLE detail=
2026-08-26 21:34:07,740 | INFO | edward.autonomous.market_cycle | universe_rejected instrument=d93ec938-3641-425b-84b1-89fbce198b50 ticker=ULTA reason=BUY_NOT_AVAILABLE detail=
2026-08-26 21:34:07,741 | INFO | edward.autonomous.market_cycle | universe_rejected instrument=896159d6-b1b2-450f-9c85-2b20c9f1fd2b ticker=VRSN reason=BUY_NOT_AVAILABLE detail=
2026-08-26 21:34:07,741 | INFO | edward.autonomous.market_cycle | universe_rejected instrument=3112d684-216c-4409-ab73-4316e8582f81 ticker=MGTSP reason=CANDLES_UNAVAILABLE detail=_get_candles() takes 2 positional arguments but 5 were given
2026-08-26 21:34:07,741 | INFO | edward.autonomous.market_cycle | universe_rejected instrument=a3b6361f-c1b9-4661-8e74-10811c483330 ticker=PKG reason=BUY_NOT_AVAILABLE detail=
2026-08-26 21:34:07,741 | INFO | edward.autonomous.market_cycle | universe_rejected instrument=e3f629fd-367b-4dbd-922c-4a4c130c70ab ticker=KLVZ reason=CANDLES_UNAVAILABLE detail=_get_candles() takes 2 positional arguments but 5 were given
2026-08-26 21:34:07,741 | INFO | edward.autonomous.market_cycle | universe_rejected instrument=0c275361-5f48-4138-a592-6da7d275075d ticker=IGSTP reason=CANDLES_UNAVAILABLE detail=_get_candles() takes 2 positional arguments but 5 were given
2026-08-26 21:34:07,741 | INFO | edward.autonomous.market_cycle | universe_rejected instrument=022ba2c7-d18d-443e-b4ec-b14e2f28c115 ticker=USNA reason=BUY_NOT_AVAILABLE detail=
2026-08-26 21:34:07,741 | INFO | edward.autonomous.market_cycle | universe_rejected instrument=24a00984-04d3-4076-9de6-4647b53ebd88 ticker=RBLX reason=BUY_NOT_AVAILABLE detail=
2026-08-26 21:34:07,741 | INFO | edward.autonomous.market_cycle | universe_rejected instrument=85450a36-98f8-4a71-a1b3-9a5116b6acd8 ticker=RCL reason=BUY_NOT_AVAILABLE detail=
2026-08-26 21:34:07,741 | INFO | edward.autonomous.market_cycle | universe_rejected instrument=641576a5-9abd-47fa-99c5-7380c8890355 ticker=IGST reason=CANDLES_UNAVAILABLE detail=_get_candles() takes 2 positional arguments but 5 were given
2026-08-26 21:34:07,741 | INFO | edward.autonomous.market_cycle | universe_rejected instrument=a52259a3-7e39-4b85-8af0-cc39da74ee68 ticker=TOST reason=BUY_NOT_AVAILABLE detail=
2026-08-26 21:34:07,741 | INFO | edward.autonomous.market_cycle | universe_rejected instrument=119b1192-62c3-40d5-9e6f-5489fa9ea08a ticker=HWM reason=BUY_NOT_AVAILABLE detail=
2026-08-26 21:34:07,741 | INFO | edward.autonomous.market_cycle | universe_rejected instrument=eebfe2f2-7bf3-40e2-a8f1-4898cc16ca1f ticker=GOOGL reason=BUY_NOT_AVAILABLE detail=
2026-08-26 21:34:07,741 | INFO | edward.autonomous.market_cycle | universe_rejected instrument=fbf7839d-9d07-41bb-875f-64a928bd2bf0 ticker=MUR reason=BUY_NOT_AVAILABLE detail=
2026-08-26 21:34:07,741 | INFO | edward.autonomous.market_cycle | universe_rejected instrument=f1374f83-7934-41f7-a210-097ed5beecd5 ticker=VEON-RX reason=CANDLES_UNAVAILABLE detail=_get_candles() takes 2 positional arguments but 5 were given
2026-08-26 21:34:07,741 | INFO | edward.autonomous.market_cycle | universe_rejected instrument=9a5d1a68-5ded-4f5d-abef-5d03e22aa9d9 ticker=FI reason=BUY_NOT_AVAILABLE detail=
2026-08-26 21:34:07,741 | INFO | edward.autonomous.market_cycle | universe_rejected instrument=81d56973-9ec0-41cb-9448-2a96b3fb7acc ticker=AVY reason=BUY_NOT_AVAILABLE detail=
2026-08-26 21:34:07,741 | INFO | edward.autonomous.market_cycle | universe_rejected instrument=c09c1942-68a1-40c3-97e3-3a91ac08efe5 ticker=NTZL reason=CANDLES_UNAVAILABLE detail=_get_candles() takes 2 positional arguments but 5 were given
2026-08-26 21:34:07,741 | INFO | edward.autonomous.market_cycle | universe_rejected instrument=aeef6af8-39a7-4c2c-a697-cc40eeb70b2d ticker=ORA reason=BUY_NOT_AVAILABLE detail=
2026-08-26 21:34:07,741 | INFO | edward.autonomous.market_cycle | universe_rejected instrument=d7bcc2e4-a2ae-4d2e-acf6-36de8c21c4be ticker=CPRT reason=BUY_NOT_AVAILABLE detail=
2026-08-26 21:34:07,741 | INFO | edward.autonomous.market_cycle | universe_rejected instrument=b79c0704-3a0d-4dbf-a7ad-75de7cd30c5b ticker=JLL reason=BUY_NOT_AVAILABLE detail=
2026-08-26 21:34:07,741 | INFO | edward.autonomous.market_cycle | universe_rejected instrument=21192dcf-3a96-4da7-9a21-5de1e5a7fa1f ticker=AFRM reason=BUY_NOT_AVAILABLE detail=
2026-08-26 21:34:07,741 | INFO | edward.autonomous.market_cycle | universe_rejected instrument=27037140-5a94-43a9-a980-209af26ebc1e ticker=MATV reason=BUY_NOT_AVAILABLE detail=
2026-08-26 21:34:07,741 | INFO | edward.autonomous.market_cycle | universe_rejected instrument=b20b4a75-f05c-434f-a2db-b2f66f05e2cd ticker=DECK reason=BUY_NOT_AVAILABLE detail=
2026-08-26 21:34:07,741 | INFO | edward.autonomous.market_cycle | universe_rejected instrument=b4c40f95-8cb1-4454-8776-69823ae89ed2 ticker=ADP reason=BUY_NOT_AVAILABLE detail=
2026-08-26 21:34:07,741 | INFO | edward.autonomous.market_cycle | universe_rejected instrument=1d9d6e81-a0d7-4830-9403-d8d331433529 ticker=MS reason=BUY_NOT_AVAILABLE detail=
2026-08-26 21:34:07,741 | INFO | edward.autonomous.market_cycle | universe_rejected instrument=d93d8b04-c29b-4537-b448-4a9812c4858c ticker=CWST reason=BUY_NOT_AVAILABLE detail=
2026-08-26 21:34:07,741 | INFO | edward.autonomous.market_cycle | universe_rejected instrument=5ad22402-d684-499d-ac26-a29405ec40a5 ticker=RMD reason=BUY_NOT_AVAILABLE detail=
2026-08-26 21:34:07,741 | INFO | edward.autonomous.market_cycle | universe_rejected instrument=780c06a5-6467-42a4-8eef-fc52eb9be492 ticker=OGS reason=BUY_NOT_AVAILABLE detail=
2026-08-26 21:34:07,741 | INFO | edward.autonomous.market_cycle | universe_rejected instrument=5f676f6e-3e52-4448-9ae8-d628337c8fad ticker=COUR reason=BUY_NOT_AVAILABLE detail=
2026-08-26 21:34:07,741 | INFO | edward.autonomous.market_cycle | universe_rejected instrument=335cb2e2-6922-42a3-803b-60024cf79ce1 ticker=SAGOP reason=CANDLES_UNAVAILABLE detail=_get_candles() takes 2 positional arguments but 5 were given
2026-08-26 21:34:07,741 | INFO | edward.autonomous.market_cycle | universe_rejected instrument=c420b0a5-1e45-42a4-baac-47162ec73dd7 ticker=MD reason=BUY_NOT_AVAILABLE detail=
2026-08-26 21:34:07,741 | INFO | edward.autonomous.market_cycle | universe_rejected instrument=6fdc957d-0062-48fc-9b6c-dcf64f3c966a ticker=YNDX@US reason=BUY_NOT_AVAILABLE detail=
2026-08-26 21:34:07,741 | INFO | edward.autonomous.market_cycle | universe_rejected instrument=e856f084-6392-4701-8571-e5b54251e66d ticker=EMN reason=BUY_NOT_AVAILABLE detail=
2026-08-26 21:34:07,742 | INFO | edward.autonomous.market_cycle | universe_rejected instrument=7de75794-a27f-4d81-a39b-492345813822 ticker=YDEX reason=CANDLES_UNAVAILABLE detail=_get_candles() takes 2 positional arguments but 5 were given
2026-08-26 21:34:07,742 | INFO | edward.autonomous.market_cycle | universe_rejected instrument=a7406393-8952-4ded-9a73-21fc5c514d2b ticker=HCCI reason=BUY_NOT_AVAILABLE detail=
2026-08-26 21:34:07,742 | INFO | edward.autonomous.market_cycle | universe_rejected instrument=387be82f-4b39-4c49-82b1-ca50ae66ba2c ticker=FCFS reason=BUY_NOT_AVAILABLE detail=
2026-08-26 21:34:07,742 | INFO | edward.autonomous.market_cycle | universe_rejected instrument=bf431366-f86a-4510-86b4-b953f3eca6c9 ticker=FOCS reason=BUY_NOT_AVAILABLE detail=
2026-08-26 21:34:07,742 | INFO | edward.autonomous.market_cycle | universe_rejected instrument=4c5774d2-a1c6-4069-860b-3a93db0b4931 ticker=VSYD reason=CANDLES_UNAVAILABLE detail=_get_candles() takes 2 positional arguments but 5 were given
2026-08-26 21:34:07,742 | INFO | edward.autonomous.market_cycle | universe_rejected instrument=167f36d8-dc0f-4621-b330-159dbf1ac427 ticker=UA reason=BUY_NOT_AVAILABLE detail=
2026-08-26 21:34:07,742 | INFO | edward.autonomous.market_cycle | universe_rejected instrument=db3b4eb4-a60e-429d-a29f-ce76cb96c6d2 ticker=CNMD reason=BUY_NOT_AVAILABLE detail=
2026-08-26 21:34:07,742 | INFO | edward.autonomous.market_cycle | universe_rejected instrument=45ef05f4-90cf-4b5d-985d-b4045cdcc7be ticker=LFUS reason=BUY_NOT_AVAILABLE detail=
2026-08-26 21:34:07,742 | INFO | edward.autonomous.market_cycle | universe_rejected instrument=0a55e045-e9a6-42d2-ac55-29674634af2f ticker=BANE reason=CANDLES_UNAVAILABLE detail=_get_candles() takes 2 positional arguments but 5 were given
2026-08-26 21:34:07,742 | INFO | edward.autonomous.market_cycle | universe_rejected instrument=e426032f-998f-47c3-9b1c-c9117f40f824 ticker=ICLR reason=BUY_NOT_AVAILABLE detail=
2026-08-26 21:34:07,742 | INFO | edward.autonomous.market_cycle | universe_rejected instrument=185022d1-ecb3-48bb-a5c2-0bea8905a699 ticker=TWST reason=BUY_NOT_AVAILABLE detail=
2026-08-26 21:34:07,742 | INFO | edward.autonomous.market_cycle | universe_rejected instrument=1c69e020-f3b1-455c-affa-45f8b8049234 ticker=AFLT reason=CANDLES_UNAVAILABLE detail=_get_candles() takes 2 positional arguments but 5 were given
2026-08-26 21:34:07,742 | INFO | edward.autonomous.market_cycle | universe_rejected instrument=054288c8-dc67-4d74-af6a-b01c8b0d57d9 ticker=2020 reason=BUY_NOT_AVAILABLE detail=
2026-08-26 21:34:07,742 | INFO | edward.autonomous.market_cycle | universe_rejected instrument=82e64ecf-2468-425a-876a-e7fb8ff423aa ticker=MCK reason=BUY_NOT_AVAILABLE detail=
2026-08-26 21:34:07,742 | INFO | edward.autonomous.market_cycle | universe_rejected instrument=a6c1d57a-4b42-417d-b50b-6d2f10c5cf93 ticker=TRUP reason=BUY_NOT_AVAILABLE detail=
2026-08-26 21:34:07,742 | INFO | edward.autonomous.market_cycle | universe_rejected instrument=54b47a29-d238-44b9-a751-adf42be92c57 ticker=XYZ reason=BUY_NOT_AVAILABLE detail=
2026-08-26 21:34:07,742 | INFO | edward.autonomous.market_cycle | universe_rejected instrument=8aac5377-ef54-4e5e-818b-fd715f834a17 ticker=CELL reason=BUY_NOT_AVAILABLE detail=
2026-08-26 21:34:07,742 | INFO | edward.autonomous.market_cycle | universe_rejected instrument=dbceb161-feca-45e8-ad96-fdac008d48a2 ticker=ATRC reason=BUY_NOT_AVAILABLE detail=
2026-08-26 21:34:07,742 | INFO | edward.autonomous.market_cycle | universe_rejected instrument=5d08b030-d8a0-45a7-b16e-39dde51c6277 ticker=DT reason=BUY_NOT_AVAILABLE detail=
2026-08-26 21:34:07,742 | INFO | edward.autonomous.market_cycle | universe_rejected instrument=3b3788de-0a9c-4bb9-8ec8-ed69e9749e3e ticker=GLPI reason=BUY_NOT_AVAILABLE detail=
2026-08-26 21:34:07,742 | INFO | edward.autonomous.market_cycle | universe_rejected instrument=bc9ae435-7739-4a4c-a15d-f4f999eacd44 ticker=HLNE reason=BUY_NOT_AVAILABLE detail=
2026-08-26 21:34:07,742 | INFO | edward.autonomous.market_cycle | universe_rejected instrument=97b4c319-1a9e-4550-a9f1-c39b489713ba ticker=MISBP reason=CANDLES_UNAVAILABLE detail=_get_candles() takes 2 positional arguments but 5 were given
2026-08-26 21:34:07,742 | INFO | edward.autonomous.market_cycle | universe_rejected instrument=502d1724-67e8-4924-b4d6-c0bb985ffc29 ticker=NMIH reason=BUY_NOT_AVAILABLE detail=
2026-08-26 21:34:07,742 | INFO | edward.autonomous.market_cycle | universe_rejected instrument=dd925882-8a7c-4309-93d4-f24cc880f799 ticker=VYX reason=BUY_NOT_AVAILABLE detail=
2026-08-26 21:34:07,742 | INFO | edward.autonomous.market_cycle | universe_rejected instrument=f87771f6-15dc-4748-9dd4-a802fd0fe37f ticker=AEIS reason=BUY_NOT_AVAILABLE detail=
2026-08-26 21:34:07,742 | INFO | edward.autonomous.market_cycle | universe_rejected instrument=a225b2d2-7f1d-4b75-970e-1bf13aabf438 ticker=FG reason=BUY_NOT_AVAILABLE detail=
2026-08-26 21:34:07,742 | INFO | edward.autonomous.market_cycle | universe_rejected instrument=f7d09baa-c7eb-428c-ba28-9e2ea1c35149 ticker=WKC reason=BUY_NOT_AVAILABLE detail=
2026-08-26 21:34:07,742 | INFO | edward.autonomous.market_cycle | universe_rejected instrument=397660ad-2fcd-40f5-bd15-18d41b8b7cac ticker=BA reason=BUY_NOT_AVAILABLE detail=
2026-08-26 21:34:07,742 | INFO | edward.autonomous.market_cycle | universe_rejected instrument=4e3a2871-1f8e-4b26-8b92-a4b9bd218016 ticker=TFC reason=BUY_NOT_AVAILABLE detail=
2026-08-26 21:34:07,742 | INFO | edward.autonomous.market_cycle | universe_rejected instrument=9f856202-63b2-48d0-8cb1-9d566e788598 ticker=DINO reason=BUY_NOT_AVAILABLE detail=
2026-08-26 21:34:07,742 | INFO | edward.autonomous.market_cycle | universe_rejected instrument=81c1b911-e59b-46ea-8dec-517b3ee9485d ticker=GEHC reason=BUY_NOT_AVAILABLE detail=
2026-08-26 21:34:07,743 | INFO | edward.autonomous.market_cycle | universe_rejected instrument=2d5cb1ef-04e8-45a9-af6d-9964b460f4e2 ticker=ACAD reason=BUY_NOT_AVAILABLE detail=
2026-08-26 21:34:07,743 | INFO | edward.autonomous.market_cycle | universe_rejected instrument=f1b89b92-51e2-4db5-89df-17c228aa41fd ticker=ELMT reason=CANDLES_UNAVAILABLE detail=_get_candles() takes 2 positional arguments but 5 were given
2026-08-26 21:34:07,743 | INFO | edward.autonomous.market_cycle | universe_rejected instrument=6d529c33-0908-476f-8a5f-819363863be1 ticker=SR reason=BUY_NOT_AVAILABLE detail=
2026-08-26 21:34:07,743 | INFO | edward.autonomous.market_cycle | universe_rejected instrument=ca370ca5-e42b-44e4-a0a5-daf5e51d02a7 ticker=IBM reason=BUY_NOT_AVAILABLE detail=
2026-08-26 21:34:07,743 | INFO | edward.autonomous.market_cycle | universe_rejected instrument=fcd68d9b-5235-4ea5-bac3-fa1922042944 ticker=TMUS reason=BUY_NOT_AVAILABLE detail=
2026-08-26 21:34:07,743 | INFO | edward.autonomous.market_cycle | universe_rejected instrument=677c93f4-31b5-4aa2-aabf-daafb0ee0d03 ticker=MRVL reason=BUY_NOT_AVAILABLE detail=
2026-08-26 21:34:07,743 | INFO | edward.autonomous.market_cycle | universe_rejected instrument=c57ffec9-299f-4a40-b297-440ad96abc18 ticker=ITRI reason=BUY_NOT_AVAILABLE detail=
2026-08-26 21:34:07,743 | INFO | edward.autonomous.market_cycle | universe_rejected instrument=cf95e808-ee88-4374-bff3-388a7261a1f9 ticker=MTB reason=BUY_NOT_AVAILABLE detail=
2026-08-26 21:34:07,743 | INFO | edward.autonomous.market_cycle | universe_rejected instrument=2a55a4de-5da9-4702-81a4-a143ac81ddcd ticker=TTC reason=BUY_NOT_AVAILABLE detail=
2026-08-26 21:34:07,743 | INFO | edward.autonomous.market_cycle | universe_rejected instrument=c9108b8c-ee2e-4579-bf75-237309d3fc9d ticker=ACIW reason=BUY_NOT_AVAILABLE detail=
2026-08-26 21:34:07,743 | INFO | edward.autonomous.market_cycle | universe_rejected instrument=f5518bda-4006-4690-91b8-18ce08540282 ticker=AN reason=BUY_NOT_AVAILABLE detail=
2026-08-26 21:34:07,743 | INFO | edward.autonomous.market_cycle | universe_rejected instrument=91fcb67e-cd4c-4977-bafb-26ad227002de ticker=NSIT reason=BUY_NOT_AVAILABLE detail=
2026-08-26 21:34:07,743 | INFO | edward.autonomous.market_cycle | universe_rejected instrument=90e8bf31-37cd-4cbc-9a67-d7741aa212a1 ticker=SRDX reason=BUY_NOT_AVAILABLE detail=
2026-08-26 21:34:07,743 | INFO | edward.autonomous.market_cycle | universe_rejected instrument=8a9a01a7-ca78-4bda-9149-e61eab7c2a0f ticker=FCNCA reason=BUY_NOT_AVAILABLE detail=
2026-08-26 21:34:07,743 | INFO | edward.autonomous.market_cycle | universe_rejected instrument=1d4298ff-f5ce-4065-954d-2f96e861baa8 ticker=IEX reason=BUY_NOT_AVAILABLE detail=
2026-08-26 21:34:07,743 | INFO | edward.autonomous.market_cycle | universe_rejected instrument=cf1c6158-a303-43ac-89eb-9b1db8f96043 ticker=MVID reason=CANDLES_UNAVAILABLE detail=_get_candles() takes 2 positional arguments but 5 were given
2026-08-26 21:34:07,743 | INFO | edward.autonomous.market_cycle | universe_rejected instrument=70d7b3c8-1e3a-49e6-8104-8381d0497f14 ticker=BOX reason=BUY_NOT_AVAILABLE detail=
2026-08-26 21:34:07,743 | INFO | edward.autonomous.market_cycle | universe_rejected instrument=c004b4cc-229f-4fe6-8d60-5b68ce234222 ticker=KYMR reason=BUY_NOT_AVAILABLE detail=
2026-08-26 21:34:07,743 | INFO | edward.autonomous.market_cycle | universe_rejected instrument=fdae511f-bf92-4343-b7df-107f4c3722f2 ticker=STLD reason=BUY_NOT_AVAILABLE detail=
2026-08-26 21:34:07,743 | INFO | edward.autonomous.market_cycle | universe_rejected instrument=b24a3a21-ad05-43b3-8ddc-495301a118c6 ticker=PCRX reason=BUY_NOT_AVAILABLE detail=
2026-08-26 21:34:07,743 | INFO | edward.autonomous.market_cycle | universe_rejected instrument=afdd2b3b-1dc7-4b47-97a5-749ae7739e3d ticker=LKQ reason=BUY_NOT_AVAILABLE detail=
2026-08-26 21:34:07,743 | INFO | edward.autonomous.market_cycle | universe_rejected instrument=c4a50fd3-5a1a-4ec4-b290-0baf65ee3817 ticker=HD reason=BUY_NOT_AVAILABLE detail=
2026-08-26 21:34:07,743 | INFO | edward.autonomous.market_cycle | universe_rejected instrument=27fa975b-ed85-4fa4-aee3-f8ffad027879 ticker=IPAR reason=BUY_NOT_AVAILABLE detail=
2026-08-26 21:34:07,743 | INFO | edward.autonomous.market_cycle | universe_rejected instrument=d6461eb6-6557-4993-8d26-6202a1820667 ticker=WTCMP reason=CANDLES_UNAVAILABLE detail=_get_candles() takes 2 positional arguments but 5 were given
2026-08-26 21:34:07,743 | INFO | edward.autonomous.market_cycle | universe_rejected instrument=279349ba-5647-4afd-a87f-e5bb29ca4229 ticker=RBC reason=BUY_NOT_AVAILABLE detail=
2026-08-26 21:34:07,743 | INFO | edward.autonomous.market_cycle | universe_rejected instrument=1c0d371b-1b75-4185-8877-45da35cbd692 ticker=MFGSP reason=CANDLES_UNAVAILABLE detail=_get_candles() takes 2 positional arguments but 5 were given
2026-08-26 21:34:07,743 | INFO | edward.autonomous.market_cycle | universe_rejected instrument=5a4b9636-2445-43db-a298-9dada56ba3e8 ticker=PAZA reason=CANDLES_UNAVAILABLE detail=_get_candles() takes 2 positional arguments but 5 were given
2026-08-26 21:34:07,743 | INFO | edward.autonomous.market_cycle | universe_rejected instrument=78913834-0d5e-42b9-9189-e5e9f12f2a7b ticker=MYRG reason=BUY_NOT_AVAILABLE detail=
2026-08-26 21:34:07,743 | INFO | edward.autonomous.market_cycle | universe_rejected instrument=2e40158c-225a-4ed0-81be-f4628e9b5705 ticker=SBUX reason=BUY_NOT_AVAILABLE detail=
2026-08-26 21:34:07,743 | INFO | edward.autonomous.market_cycle | universe_rejected instrument=1d26d440-3463-4166-95fe-0523cb0964a1 ticker=AMKR reason=BUY_NOT_AVAILABLE detail=
2026-08-26 21:34:07,743 | INFO | edward.autonomous.market_cycle | universe_rejected instrument=0fb20944-6a38-4184-bf29-0c7c68d06f0e ticker=BFH reason=BUY_NOT_AVAILABLE detail=
2026-08-26 21:34:07,743 | INFO | edward.autonomous.market_cycle | universe_rejected instrument=35bacac3-b2ef-4ee4-824e-f62aab7d64f3 ticker=TER reason=BUY_NOT_AVAILABLE detail=
2026-08-26 21:34:07,744 | INFO | edward.autonomous.market_cycle | universe_rejected instrument=9f34b8cd-bb41-46f7-9616-8e303a8b4d8b ticker=CPRI reason=BUY_NOT_AVAILABLE detail=
2026-08-26 21:34:07,744 | INFO | edward.autonomous.market_cycle | universe_rejected instrument=81dd81b2-b4ea-4240-82e4-ad2bf2150875 ticker=HUN reason=BUY_NOT_AVAILABLE detail=
2026-08-26 21:34:07,744 | INFO | edward.autonomous.market_cycle | universe_rejected instrument=34257b47-8930-4afc-8089-bb6e23a75d37 ticker=BKU reason=BUY_NOT_AVAILABLE detail=
2026-08-26 21:34:07,744 | INFO | edward.autonomous.market_cycle | universe_rejected instrument=9a3eb77a-d3c9-4b90-84b0-63066db4bd08 ticker=SAP reason=BUY_NOT_AVAILABLE detail=
2026-08-26 21:34:07,744 | INFO | edward.autonomous.market_cycle | universe_rejected instrument=8b35b8a8-38c3-404a-a4ae-8831c2e3cd7d ticker=ZIP reason=BUY_NOT_AVAILABLE detail=
2026-08-26 21:34:07,744 | INFO | edward.autonomous.market_cycle | universe_rejected instrument=7aeda392-2910-48d8-b10e-c41cebb137c2 ticker=TRGP reason=BUY_NOT_AVAILABLE detail=
2026-08-26 21:34:07,744 | INFO | edward.autonomous.market_cycle | universe_rejected instrument=fbbbd595-f91b-40ba-9656-d75150a93831 ticker=PG reason=BUY_NOT_AVAILABLE detail=
2026-08-26 21:34:07,744 | INFO | edward.autonomous.market_cycle | universe_rejected instrument=0874c17c-cc15-426e-b73d-b7aa8cf52572 ticker=ALGM reason=BUY_NOT_AVAILABLE detail=
2026-08-26 21:34:07,744 | INFO | edward.autonomous.market_cycle | universe_rejected instrument=3233f5e5-b8ce-45f1-a520-30cc52282197 ticker=FELE reason=BUY_NOT_AVAILABLE detail=
2026-08-26 21:34:07,744 | INFO | edward.autonomous.market_cycle | universe_rejected instrument=bbe8d7c3-c699-485e-a42e-902295a76646 ticker=ECL reason=BUY_NOT_AVAILABLE detail=
2026-08-26 21:34:07,744 | INFO | edward.autonomous.market_cycle | universe_rejected instrument=71aa83c9-f872-4673-aaec-f09d530497d4 ticker=PAYX reason=BUY_NOT_AVAILABLE detail=
2026-08-26 21:34:07,744 | INFO | edward.autonomous.market_cycle | universe_rejected instrument=a8b7fed7-004b-4065-8404-daeff1203f62 ticker=KOPN reason=BUY_NOT_AVAILABLE detail=
2026-08-26 21:34:07,744 | INFO | edward.autonomous.market_cycle | universe_rejected instrument=1ed313a9-c6d6-4359-9cf2-e2d7011de00e ticker=YKEN reason=CANDLES_UNAVAILABLE detail=_get_candles() takes 2 positional arguments but 5 were given
2026-08-26 21:34:07,744 | INFO | edward.autonomous.market_cycle | universe_rejected instrument=579cf92f-fb8d-4ec5-9820-9774651dee71 ticker=NVS reason=BUY_NOT_AVAILABLE detail=
2026-08-26 21:34:07,744 | INFO | edward.autonomous.market_cycle | universe_rejected instrument=80a39145-b2f7-46f5-9ef0-1478baafb0a6 ticker=PMSBP reason=CANDLES_UNAVAILABLE detail=_get_candles() takes 2 positional arguments but 5 were given
2026-08-26 21:34:07,744 | INFO | edward.autonomous.market_cycle | universe_rejected instrument=02f05ef8-eff1-4a44-94fb-0c5ba88a63c5 ticker=ONL reason=BUY_NOT_AVAILABLE detail=
2026-08-26 21:34:07,744 | INFO | edward.autonomous.market_cycle | universe_rejected instrument=689bb25e-3e76-4a59-b9bb-65b826a9fc83 ticker=FND reason=BUY_NOT_AVAILABLE detail=
2026-08-26 21:34:07,744 | INFO | edward.autonomous.market_cycle | universe_rejected instrument=f84fbb84-7875-4d54-b28c-29bc918830bb ticker=M reason=BUY_NOT_AVAILABLE detail=
2026-08-26 21:34:07,744 | INFO | edward.autonomous.market_cycle | universe_rejected instrument=03193dc2-c6f2-45b8-9017-346c62e57edc ticker=VICR reason=BUY_NOT_AVAILABLE detail=
2026-08-26 21:34:07,744 | INFO | edward.autonomous.market_cycle | universe_rejected instrument=e798081d-5367-425d-a322-092b86f02dbf ticker=NRG reason=BUY_NOT_AVAILABLE detail=
2026-08-26 21:34:07,744 | INFO | edward.autonomous.market_cycle | universe_rejected instrument=ffe159d2-4650-4627-b528-170e21dcac11 ticker=LRN reason=BUY_NOT_AVAILABLE detail=
2026-08-26 21:34:07,744 | INFO | edward.autonomous.market_cycle | universe_rejected instrument=3058acbe-11f6-4bcc-9a70-238e70c2c588 ticker=MSTT reason=CANDLES_UNAVAILABLE detail=_get_candles() takes 2 positional arguments but 5 were given
2026-08-26 21:34:07,744 | INFO | edward.autonomous.market_cycle | universe_rejected instrument=6596db8c-816c-4699-a2e1-a7f2eaa2a7e4 ticker=WWD reason=BUY_NOT_AVAILABLE detail=
2026-08-26 21:34:07,744 | INFO | edward.autonomous.market_cycle | universe_rejected instrument=71e9e3f7-60b6-4ec5-ae49-d4eba51d648e ticker=USBN reason=CANDLES_UNAVAILABLE detail=_get_candles() takes 2 positional arguments but 5 were given
2026-08-26 21:34:07,744 | INFO | edward.autonomous.market_cycle | universe_rejected instrument=65eac4e0-bf21-4c19-b954-44f7e3351edd ticker=6098 reason=BUY_NOT_AVAILABLE detail=
2026-08-26 21:34:07,744 | INFO | edward.autonomous.market_cycle | universe_rejected instrument=8a1eb642-da5d-4dcd-a4e0-cc21e5712afd ticker=AUPH reason=BUY_NOT_AVAILABLE detail=
2026-08-26 21:34:07,744 | INFO | edward.autonomous.market_cycle | universe_rejected instrument=eb4ba863-e85f-4f80-8c29-f2627938ee58 ticker=MTLR reason=CANDLES_UNAVAILABLE detail=_get_candles() takes 2 positional arguments but 5 were given
2026-08-26 21:34:07,744 | INFO | edward.autonomous.market_cycle | universe_rejected instrument=b55e97ad-430f-4a7b-9c92-f1dc51a33626 ticker=960 reason=BUY_NOT_AVAILABLE detail=
2026-08-26 21:34:07,744 | INFO | edward.autonomous.market_cycle | universe_rejected instrument=9fca0d4a-96c8-422f-bef1-703b9939a27c ticker=OMF reason=BUY_NOT_AVAILABLE detail=
2026-08-26 21:34:07,745 | INFO | edward.autonomous.market_cycle | universe_rejected instrument=8f581456-8a31-4288-862c-7eb0760e9546 ticker=NUE reason=BUY_NOT_AVAILABLE detail=
2026-08-26 21:34:07,745 | INFO | edward.autonomous.market_cycle | universe_rejected instrument=4b73354d-7a6f-4fea-bd70-b02cea49f08f ticker=LPLA reason=BUY_NOT_AVAILABLE detail=
2026-08-26 21:34:07,745 | INFO | edward.autonomous.market_cycle | universe_rejected instrument=9c84aaad-3152-45b8-bcea-d615406e2c81 ticker=TTMI reason=BUY_NOT_AVAILABLE detail=
2026-08-26 21:34:07,745 | INFO | edward.autonomous.market_cycle | universe_rejected instrument=2ef8c93e-e1df-4896-81a0-50c409c3d5d8 ticker=1898 reason=BUY_NOT_AVAILABLE detail=
2026-08-26 21:34:07,745 | INFO | edward.autonomous.market_cycle | universe_rejected instrument=90d82d38-a42b-48d9-8f81-defb1b0e7a6f ticker=SBRA reason=BUY_NOT_AVAILABLE detail=
2026-08-26 21:34:07,745 | INFO | edward.autonomous.market_cycle | universe_rejected instrument=ac67756d-7e3a-4180-81e4-84f411301003 ticker=TXT reason=BUY_NOT_AVAILABLE detail=
2026-08-26 21:34:07,745 | INFO | edward.autonomous.market_cycle | universe_rejected instrument=d39b1cc9-0af8-41a7-a511-4d6d032bf599 ticker=TEX reason=BUY_NOT_AVAILABLE detail=
2026-08-26 21:34:07,745 | INFO | edward.autonomous.market_cycle | universe_rejected instrument=c428f9b4-1f2a-4794-9f53-4e4d3ef46ad3 ticker=AIZ reason=BUY_NOT_AVAILABLE detail=
2026-08-26 21:34:07,745 | INFO | edward.autonomous.market_cycle | universe_rejected instrument=ba7579c3-4f36-4cb2-a022-bee5b9e931aa ticker=DKS reason=BUY_NOT_AVAILABLE detail=
2026-08-26 21:34:07,745 | INFO | edward.autonomous.market_cycle | universe_rejected instrument=d18af333-0087-4326-b60b-da386fa3b82f ticker=OSK reason=BUY_NOT_AVAILABLE detail=
2026-08-26 21:34:07,745 | INFO | edward.autonomous.market_cycle | universe_rejected instrument=11373215-3b6c-4860-bd09-b857266f18ab ticker=WSC reason=BUY_NOT_AVAILABLE detail=
2026-08-26 21:34:07,745 | INFO | edward.autonomous.market_cycle | universe_rejected instrument=1936e51c-d914-4171-ac66-6390a605cb5b ticker=IVAT reason=CANDLES_UNAVAILABLE detail=_get_candles() takes 2 positional arguments but 5 were given
2026-08-26 21:34:07,745 | INFO | edward.autonomous.market_cycle | universe_rejected instrument=cd3affd4-3b50-43fd-b008-518f54108d59 ticker=AKRN reason=CANDLES_UNAVAILABLE detail=_get_candles() takes 2 positional arguments but 5 were given
2026-08-26 21:34:07,745 | INFO | edward.autonomous.market_cycle | universe_rejected instrument=2c68ff96-b323-4222-ab73-34d07afd17e8 ticker=MSTR reason=BUY_NOT_AVAILABLE detail=
2026-08-26 21:34:07,745 | INFO | edward.autonomous.market_cycle | universe_rejected instrument=0d53d29a-3794-41c6-ba72-556d46bacb46 ticker=MDMG reason=CANDLES_UNAVAILABLE detail=_get_candles() takes 2 positional arguments but 5 were given
2026-08-26 21:34:07,745 | INFO | edward.autonomous.market_cycle | universe_rejected instrument=469b9a46-869f-426c-bcee-89ec5f54b181 ticker=SNBR reason=BUY_NOT_AVAILABLE detail=
2026-08-26 21:34:07,745 | INFO | edward.autonomous.market_cycle | universe_rejected instrument=0af69ab3-563c-4109-a7d6-a320fa66b93c ticker=AMH reason=BUY_NOT_AVAILABLE detail=
2026-08-26 21:34:07,745 | INFO | edward.autonomous.market_cycle | universe_rejected instrument=ed93d777-696e-42fe-9989-d985c8219bc1 ticker=RNG reason=BUY_NOT_AVAILABLE detail=
2026-08-26 21:34:07,745 | INFO | edward.autonomous.market_cycle | universe_rejected instrument=6b8f6b65-a370-4b31-932e-dd018f7c6098 ticker=DY reason=BUY_NOT_AVAILABLE detail=
2026-08-26 21:34:07,745 | INFO | edward.autonomous.market_cycle | universe_rejected instrument=5868cc46-b9e1-49f4-8b6e-f9b7e1e12af6 ticker=IBN reason=BUY_NOT_AVAILABLE detail=
2026-08-26 21:34:07,745 | INFO | edward.autonomous.market_cycle | universe_rejected instrument=a99b68d1-1a36-4ee6-b3ba-b0dd99b0d422 ticker=STNE reason=BUY_NOT_AVAILABLE detail=
2026-08-26 21:34:07,745 | INFO | edward.autonomous.market_cycle | universe_rejected instrument=c190ff1f-1447-4227-b543-316332699ca5 ticker=SBERP reason=CANDLES_UNAVAILABLE detail=_get_candles() takes 2 positional arguments but 5 were given
2026-08-26 21:34:07,745 | INFO | edward.autonomous.market_cycle | universe_rejected instrument=50d2ef1a-9310-47b0-a9d8-285a3f041c73 ticker=CHTR reason=BUY_NOT_AVAILABLE detail=
2026-08-26 21:34:07,745 | INFO | edward.autonomous.market_cycle | universe_rejected instrument=73c414fb-3387-466f-8280-758696c49107 ticker=RVTY reason=BUY_NOT_AVAILABLE detail=
2026-08-26 21:34:07,745 | INFO | edward.autonomous.market_cycle | universe_rejected instrument=5f1e6b0a-4413-489c-b336-40b43730eaf5 ticker=LENT reason=CANDLES_UNAVAILABLE detail=_get_candles() takes 2 positional arguments but 5 were given
2026-08-26 21:34:07,745 | INFO | edward.autonomous.market_cycle | universe_rejected instrument=dee9e3dd-88df-4392-a409-f1461d5ca71b ticker=AES reason=BUY_NOT_AVAILABLE detail=
2026-08-26 21:34:07,745 | INFO | edward.autonomous.market_cycle | universe_rejected instrument=06fcb9ef-29c8-4828-992a-9117defe184c ticker=KDP reason=BUY_NOT_AVAILABLE detail=
2026-08-26 21:34:07,745 | INFO | edward.autonomous.market_cycle | universe_rejected instrument=4a771b8e-821f-4544-9eeb-6ae9b838d317 ticker=AM reason=BUY_NOT_AVAILABLE detail=
2026-08-26 21:34:07,745 | INFO | edward.autonomous.market_cycle | universe_rejected instrument=aae786d8-e8f4-4428-91bb-cffa39ad01e4 ticker=ASTR reason=CANDLES_UNAVAILABLE detail=_get_candles() takes 2 positional arguments but 5 were given
2026-08-26 21:34:07,745 | INFO | edward.autonomous.market_cycle | universe_rejected instrument=3e5de5d3-0c9b-4e15-b6bb-898e0dd658f2 ticker=RRC reason=BUY_NOT_AVAILABLE detail=
2026-08-26 21:34:07,745 | INFO | edward.autonomous.market_cycle | universe_rejected instrument=d974bf08-4b06-4d6c-9f81-1041784d3692 ticker=CMCO reason=BUY_NOT_AVAILABLE detail=
2026-08-26 21:34:07,745 | INFO | edward.autonomous.market_cycle | universe_rejected instrument=009058ab-f153-4bce-b7f4-a195147c2c72 ticker=BKR reason=BUY_NOT_AVAILABLE detail=
2026-08-26 21:34:07,745 | INFO | edward.autonomous.market_cycle | universe_rejected instrument=422c0980-f048-440a-a11b-e4ad7e2e336d ticker=VFC reason=BUY_NOT_AVAILABLE detail=
2026-08-26 21:34:07,746 | INFO | edward.autonomous.market_cycle | universe_rejected instrument=eb1c260c-23d8-4774-b38e-89b22c894997 ticker=BTI reason=BUY_NOT_AVAILABLE detail=
2026-08-26 21:34:07,746 | INFO | edward.autonomous.market_cycle | universe_rejected instrument=303100b7-4c5c-4fea-8834-d0b675855527 ticker=RKKE reason=CANDLES_UNAVAILABLE detail=_get_candles() takes 2 positional arguments but 5 were given
2026-08-26 21:34:07,746 | INFO | edward.autonomous.market_cycle | universe_rejected instrument=c38b8e00-b8b7-4b1c-9eeb-07fb557e57c9 ticker=DHI reason=BUY_NOT_AVAILABLE detail=
2026-08-26 21:34:07,746 | INFO | edward.autonomous.market_cycle | universe_rejected instrument=73ce8404-3273-4d83-82e8-8f9d34eb8c40 ticker=2899 reason=BUY_NOT_AVAILABLE detail=
2026-08-26 21:34:07,746 | INFO | edward.autonomous.market_cycle | universe_rejected instrument=12f13bce-bbc6-4bd9-a664-0f1414419718 ticker=LUV reason=BUY_NOT_AVAILABLE detail=
2026-08-26 21:34:07,746 | INFO | edward.autonomous.market_cycle | universe_rejected instrument=63166c37-b7e0-4edb-8f90-75977f78ec47 ticker=METCB reason=BUY_NOT_AVAILABLE detail=
2026-08-26 21:34:07,746 | INFO | edward.autonomous.market_cycle | universe_rejected instrument=e79680ec-c32b-4b14-bf6f-8ef6e143a41b ticker=MRKC reason=CANDLES_UNAVAILABLE detail=_get_candles() takes 2 positional arguments but 5 were given
2026-08-26 21:34:07,746 | INFO | edward.autonomous.market_cycle | universe_rejected instrument=dd96f60c-26fe-402f-9c98-5ce15c7b7892 ticker=GKOS reason=BUY_NOT_AVAILABLE detail=
2026-08-26 21:34:07,746 | INFO | edward.autonomous.market_cycle | universe_rejected instrument=6e96a6b4-df16-43d6-adc0-d1e684aa81a3 ticker=GT reason=BUY_NOT_AVAILABLE detail=
2026-08-26 21:34:07,746 | INFO | edward.autonomous.market_cycle | universe_rejected instrument=b95e715b-5cb6-4d12-8921-8732302b2b44 ticker=GL reason=BUY_NOT_AVAILABLE detail=
2026-08-26 21:34:07,746 | INFO | edward.autonomous.market_cycle | universe_rejected instrument=8321acd6-5d97-43f4-b26e-241a3575bfa0 ticker=CRUS reason=BUY_NOT_AVAILABLE detail=
2026-08-26 21:34:07,746 | INFO | edward.autonomous.market_cycle | universe_rejected instrument=36577747-69c4-4823-9d9a-5acae46bc4a1 ticker=EXR reason=BUY_NOT_AVAILABLE detail=
2026-08-26 21:34:07,746 | INFO | edward.autonomous.market_cycle | universe_rejected instrument=7da80fb1-cf2f-42a0-8930-f94a87aee8be ticker=LNG reason=BUY_NOT_AVAILABLE detail=
2026-08-26 21:34:07,746 | INFO | edward.autonomous.market_cycle | universe_rejected instrument=13062e7c-53a9-47f2-b9ea-89b43fe6b3a4 ticker=NFG reason=BUY_NOT_AVAILABLE detail=
2026-08-26 21:34:07,746 | INFO | edward.autonomous.market_cycle | universe_rejected instrument=6532ff03-4efe-42ce-9160-a2b08dd866b9 ticker=WRB reason=BUY_NOT_AVAILABLE detail=
2026-08-26 21:34:07,746 | INFO | edward.autonomous.market_cycle | universe_rejected instrument=6e1410a0-d204-41a1-93f4-c3f3bff770d4 ticker=CEVA reason=BUY_NOT_AVAILABLE detail=
2026-08-26 21:34:07,746 | INFO | edward.autonomous.market_cycle | universe_rejected instrument=5f0b31a0-de0f-4acb-aa8f-5e807f8ad1b6 ticker=CVNA reason=BUY_NOT_AVAILABLE detail=
2026-08-26 21:34:07,746 | INFO | edward.autonomous.market_cycle | universe_rejected instrument=2c2b3647-3ba1-4044-a383-d9ace505c719 ticker=FIGS reason=BUY_NOT_AVAILABLE detail=
2026-08-26 21:34:07,746 | INFO | edward.autonomous.market_cycle | universe_rejected instrument=c24e90cc-8372-43aa-a336-323e5579948d ticker=KMB reason=BUY_NOT_AVAILABLE detail=
2026-08-26 21:34:07,746 | INFO | edward.autonomous.market_cycle | universe_rejected instrument=31defde8-cdc3-42bb-96bd-e2b42e825b62 ticker=KAZT reason=CANDLES_UNAVAILABLE detail=_get_candles() takes 2 positional arguments but 5 were given
2026-08-26 21:34:07,746 | INFO | edward.autonomous.market_cycle | universe_rejected instrument=5c593865-fbc7-4808-bd91-1d461bb7c26f ticker=KFY reason=BUY_NOT_AVAILABLE detail=
2026-08-26 21:34:07,746 | INFO | edward.autonomous.market_cycle | universe_rejected instrument=37bff8e6-5bf2-4314-8a93-ea4b0dddc73f ticker=27 reason=BUY_NOT_AVAILABLE detail=
2026-08-26 21:34:07,746 | INFO | edward.autonomous.market_cycle | universe_rejected instrument=6e24431b-12fc-423b-b566-f2919ebd5a53 ticker=YAKG reason=CANDLES_UNAVAILABLE detail=_get_candles() takes 2 positional arguments but 5 were given
2026-08-26 21:34:07,746 | INFO | edward.autonomous.market_cycle | universe_rejected instrument=2a097387-790f-4a34-9dc8-5f25b14d766b ticker=EQIX reason=BUY_NOT_AVAILABLE detail=
2026-08-26 21:34:07,746 | INFO | edward.autonomous.market_cycle | universe_rejected instrument=ba9b6eb4-614c-4be8-bdba-dd86cdfece64 ticker=TGKB reason=CANDLES_UNAVAILABLE detail=_get_candles() takes 2 positional arguments but 5 were given
2026-08-26 21:34:07,746 | INFO | edward.autonomous.market_cycle | universe_rejected instrument=e72fd15b-e2ae-4f99-a94b-9e6fbfca7287 ticker=SBGI reason=BUY_NOT_AVAILABLE detail=
2026-08-26 21:34:07,746 | INFO | edward.autonomous.market_cycle | universe_rejected instrument=5af7a2cf-de20-4c9e-8b23-7fbad3610523 ticker=GOSS reason=BUY_NOT_AVAILABLE detail=
2026-08-26 21:34:07,746 | INFO | edward.autonomous.market_cycle | universe_rejected instrument=3fbbaaa0-9330-456a-a324-174a69b99725 ticker=CPNG reason=BUY_NOT_AVAILABLE detail=
2026-08-26 21:34:07,746 | INFO | edward.autonomous.market_cycle | universe_rejected instrument=c7485564-ed92-45fd-a724-1214aa202904 ticker=RNFT reason=CANDLES_UNAVAILABLE detail=_get_candles() takes 2 positional arguments but 5 were given
2026-08-26 21:34:07,746 | INFO | edward.autonomous.market_cycle | universe_rejected instrument=09abf08e-2e45-4c8e-b184-0e96b1054ea5 ticker=2601 reason=BUY_NOT_AVAILABLE detail=
2026-08-26 21:34:07,746 | INFO | edward.autonomous.market_cycle | universe_rejected instrument=7f50c4ae-5790-447f-b1fd-e08c1289a11c ticker=2618 reason=BUY_NOT_AVAILABLE detail=
2026-08-26 21:34:07,747 | INFO | edward.autonomous.market_cycle | universe_rejected instrument=e7b6ceaf-ec61-4929-80f0-1fecf9f2ed14 ticker=MRVI reason=BUY_NOT_AVAILABLE detail=
2026-08-26 21:34:07,747 | INFO | edward.autonomous.market_cycle | universe_rejected instrument=3fe03b2a-454b-484a-ac7c-0348fa3507ac ticker=DAR reason=BUY_NOT_AVAILABLE detail=
2026-08-26 21:34:07,747 | INFO | edward.autonomous.market_cycle | universe_rejected instrument=c0545aeb-b6b1-4ccb-b37e-3eaa427b4717 ticker=PRMB reason=CANDLES_UNAVAILABLE detail=_get_candles() takes 2 positional arguments but 5 were given
2026-08-26 21:34:07,747 | INFO | edward.autonomous.market_cycle | universe_rejected instrument=fa112c35-11b8-4eb0-81c5-bd4606492fc9 ticker=DNOW reason=BUY_NOT_AVAILABLE detail=
2026-08-26 21:34:07,747 | INFO | edward.autonomous.market_cycle | universe_rejected instrument=432fcc14-cdcd-4665-938c-2eddcea1a97a ticker=9618 reason=BUY_NOT_AVAILABLE detail=
2026-08-26 21:34:07,747 | INFO | edward.autonomous.market_cycle | universe_rejected instrument=f2333dc8-4187-4608-a97a-28cd10d29612 ticker=COST reason=BUY_NOT_AVAILABLE detail=
2026-08-26 21:34:07,747 | INFO | edward.autonomous.market_cycle | universe_rejected instrument=b9f2cab8-310f-4c6a-b817-3af85c1f94ef ticker=CVX reason=BUY_NOT_AVAILABLE detail=
2026-08-26 21:34:07,747 | INFO | edward.autonomous.market_cycle | universe_rejected instrument=e6f2dfea-5d26-40b0-a4a7-d30fc6b97b97 ticker=388 reason=BUY_NOT_AVAILABLE detail=
2026-08-26 21:34:07,747 | INFO | edward.autonomous.market_cycle | universe_rejected instrument=2d5cb772-beb0-47e2-9978-89507b65e8e2 ticker=TNC reason=BUY_NOT_AVAILABLE detail=
2026-08-26 21:34:07,747 | INFO | edward.autonomous.market_cycle | universe_rejected instrument=7260e658-c86c-469b-ac77-e5e416e2cf90 ticker=CME reason=BUY_NOT_AVAILABLE detail=
2026-08-26 21:34:07,747 | INFO | edward.autonomous.market_cycle | universe_rejected instrument=b6303235-f472-4167-976c-13ea71ac24ef ticker=AXGN reason=BUY_NOT_AVAILABLE detail=
2026-08-26 21:34:07,747 | INFO | edward.autonomous.market_cycle | universe_rejected instrument=8777854f-c9d2-4e0c-842d-ea6d4987d30d ticker=FANG reason=BUY_NOT_AVAILABLE detail=
2026-08-26 21:34:07,747 | INFO | edward.autonomous.market_cycle | universe_rejected instrument=b3cf2fde-aecf-4216-b9fd-52e736ecb344 ticker=CZR reason=BUY_NOT_AVAILABLE detail=
2026-08-26 21:34:07,747 | INFO | edward.autonomous.market_cycle | universe_rejected instrument=c775a069-81fb-472b-a6a8-c357616f3561 ticker=PLUS reason=BUY_NOT_AVAILABLE detail=
2026-08-26 21:34:07,747 | INFO | edward.autonomous.market_cycle | universe_rejected instrument=8830490b-de3b-4482-87b7-132a3aa78b6a ticker=JBL reason=BUY_NOT_AVAILABLE detail=
2026-08-26 21:34:07,747 | INFO | edward.autonomous.market_cycle | universe_rejected instrument=93e24d3f-cb8f-4691-8fda-a24ed4b12cf1 ticker=CXT reason=BUY_NOT_AVAILABLE detail=
2026-08-26 21:34:07,747 | INFO | edward.autonomous.market_cycle | universe_rejected instrument=7481a74d-ca8f-4036-879c-919f5a2a21ff ticker=DEI reason=BUY_NOT_AVAILABLE detail=
2026-08-26 21:34:07,747 | INFO | edward.autonomous.market_cycle | universe_rejected instrument=437b0004-b377-4dce-a287-4470e0b3ea6d ticker=FMC reason=BUY_NOT_AVAILABLE detail=
2026-08-26 21:34:07,747 | INFO | edward.autonomous.market_cycle | universe_rejected instrument=a6384db2-69ab-4b8c-a8e2-86bebe77cccf ticker=OTIS reason=BUY_NOT_AVAILABLE detail=
2026-08-26 21:34:07,747 | INFO | edward.autonomous.market_cycle | universe_rejected instrument=947cb9df-27b6-4af8-a951-8c5823b007cc ticker=2382 reason=BUY_NOT_AVAILABLE detail=
2026-08-26 21:34:07,748 | INFO | edward.autonomous.market_cycle | universe_rejected instrument=d9e868c6-8fb8-4144-bef6-8ca49fbe4c8e ticker=DLR reason=BUY_NOT_AVAILABLE detail=
2026-08-26 21:34:07,748 | INFO | edward.autonomous.market_cycle | universe_rejected instrument=5658e347-a72b-4056-a512-a285a9048d7a ticker=DOV reason=BUY_NOT_AVAILABLE detail=
2026-08-26 21:34:07,748 | INFO | edward.autonomous.market_cycle | universe_rejected instrument=23024358-fdd8-4663-97cd-425de41a91e4 ticker=THRM reason=BUY_NOT_AVAILABLE detail=
2026-08-26 21:34:07,748 | INFO | edward.autonomous.market_cycle | universe_rejected instrument=47a63bff-037b-4a8e-8a56-156bdf094afd ticker=SLGN reason=BUY_NOT_AVAILABLE detail=
2026-08-26 21:34:07,748 | INFO | edward.autonomous.market_cycle | universe_rejected instrument=f2f696c7-dc46-4d1e-8895-ed3085908560 ticker=PLD reason=BUY_NOT_AVAILABLE detail=
2026-08-26 21:34:07,748 | INFO | edward.autonomous.market_cycle | universe_rejected instrument=9e69afb6-4561-4fc2-b63b-b181e3f9ecdc ticker=GTRK reason=CANDLES_UNAVAILABLE detail=_get_candles() takes 2 positional arguments but 5 were given
2026-08-26 21:34:07,748 | INFO | edward.autonomous.market_cycle | universe_rejected instrument=ca42ed98-9434-4492-bf00-a8a7ad06a59c ticker=UBS reason=BUY_NOT_AVAILABLE detail=
2026-08-26 21:34:07,748 | INFO | edward.autonomous.market_cycle | universe_rejected instrument=60110224-f36c-4a27-add5-107f77774f03 ticker=CRWD reason=BUY_NOT_AVAILABLE detail=
2026-08-26 21:34:07,748 | INFO | edward.autonomous.market_cycle | universe_rejected instrument=2d0b85fd-f729-44de-9937-d435e45232c6 ticker=TROW reason=BUY_NOT_AVAILABLE detail=
2026-08-26 21:34:07,748 | INFO | edward.autonomous.market_cycle | universe_rejected instrument=218c55ef-ac7a-45a2-b912-cb9df5129fc9 ticker=MC reason=BUY_NOT_AVAILABLE detail=
2026-08-26 21:34:07,748 | INFO | edward.autonomous.market_cycle | universe_rejected instrument=e3a105f1-7f14-4e4a-bd57-4e04fcfdce4d ticker=SPHR reason=BUY_NOT_AVAILABLE detail=
2026-08-26 21:34:07,748 | INFO | edward.autonomous.market_cycle | universe_rejected instrument=161eb0d0-aaac-4451-b374-f5d0eeb1b508 ticker=NLMK reason=CANDLES_UNAVAILABLE detail=_get_candles() takes 2 positional arguments but 5 were given
2026-08-26 21:34:07,748 | INFO | edward.autonomous.market_cycle | universe_rejected instrument=974077c4-d893-4058-9314-8f1b64a444b8 ticker=BELU reason=CANDLES_UNAVAILABLE detail=_get_candles() takes 2 positional arguments but 5 were given
2026-08-26 21:34:07,748 | INFO | edward.autonomous.market_cycle | universe_rejected instrument=e7272041-ac82-40f9-af3d-5a50230e9222 ticker=WB reason=BUY_NOT_AVAILABLE detail=
2026-08-26 21:34:07,748 | INFO | edward.autonomous.market_cycle | universe_rejected instrument=bbce3b95-4902-44e2-ba43-f931e63e984b ticker=CCSI reason=BUY_NOT_AVAILABLE detail=
2026-08-26 21:34:07,748 | INFO | edward.autonomous.market_cycle | universe_rejected instrument=7c3b23f8-9d13-45c8-a44e-e189777d5e5c ticker=RVMD reason=BUY_NOT_AVAILABLE detail=
2026-08-26 21:34:07,748 | INFO | edward.autonomous.market_cycle | universe_rejected instrument=d8a34aba-95bb-4ffb-97bc-2a73b318018d ticker=ADBE reason=BUY_NOT_AVAILABLE detail=
2026-08-26 21:34:07,748 | INFO | edward.autonomous.market_cycle | universe_rejected instrument=c768e9db-dcaf-4524-a6b8-a246dc85987d ticker=MCD reason=BUY_NOT_AVAILABLE detail=
2026-08-26 21:34:07,748 | INFO | edward.autonomous.market_cycle | universe_rejected instrument=45743d5b-c2b4-4278-afe2-eec3595e3fc1 ticker=TTWO reason=BUY_NOT_AVAILABLE detail=
2026-08-26 21:34:07,748 | INFO | edward.autonomous.market_cycle | universe_rejected instrument=f1d7b78d-9129-475c-ade6-2fe8dd758acd ticker=LFST reason=BUY_NOT_AVAILABLE detail=
2026-08-26 21:34:07,748 | INFO | edward.autonomous.market_cycle | universe_rejected instrument=6bdc9d5c-e07f-41a4-b68f-858f6eef458d ticker=SF reason=BUY_NOT_AVAILABLE detail=
2026-08-26 21:34:07,748 | INFO | edward.autonomous.market_cycle | universe_rejected instrument=f505b84b-6179-4e79-b1d3-ad6877d3c379 ticker=HURN reason=BUY_NOT_AVAILABLE detail=
2026-08-26 21:34:07,748 | INFO | edward.autonomous.market_cycle | universe_rejected instrument=cf57d7fe-a7ea-4969-a23f-2f22e296b3b6 ticker=LEG reason=BUY_NOT_AVAILABLE detail=
2026-08-26 21:34:07,748 | INFO | edward.autonomous.market_cycle | universe_rejected instrument=546d2946-459b-44ae-8115-d8c13f074593 ticker=L reason=BUY_NOT_AVAILABLE detail=
2026-08-26 21:34:07,748 | INFO | edward.autonomous.market_cycle | universe_rejected instrument=11bc2246-6fde-4478-93f1-4ab90ceb4a51 ticker=FESH reason=CANDLES_UNAVAILABLE detail=_get_candles() takes 2 positional arguments but 5 were given
2026-08-26 21:34:07,748 | INFO | edward.autonomous.market_cycle | universe_rejected instrument=d3274062-d2bf-4718-bfd4-75c4234d9d4e ticker=VOYA reason=BUY_NOT_AVAILABLE detail=
2026-08-26 21:34:07,748 | INFO | edward.autonomous.market_cycle | universe_rejected instrument=cd769ec0-5d9d-4092-a387-7d73fa6fa705 ticker=ISRG reason=BUY_NOT_AVAILABLE detail=
2026-08-26 21:34:07,748 | INFO | edward.autonomous.market_cycle | universe_rejected instrument=901268d8-6da7-49d9-a808-6b2de46b369a ticker=LI reason=BUY_NOT_AVAILABLE detail=
2026-08-26 21:34:07,748 | INFO | edward.autonomous.market_cycle | universe_rejected instrument=873174ca-e522-456a-a7ab-e5003561b48c ticker=HOOD reason=BUY_NOT_AVAILABLE detail=
2026-08-26 21:34:07,748 | INFO | edward.autonomous.market_cycle | universe_rejected instrument=210ef34f-e815-47a2-85c9-d2a033fc642f ticker=RTGZ reason=CANDLES_UNAVAILABLE detail=_get_candles() takes 2 positional arguments but 5 were given
2026-08-26 21:34:07,748 | INFO | edward.autonomous.market_cycle | universe_rejected instrument=fce6a081-9cde-46e5-8449-e11d551ffa74 ticker=SUPN reason=BUY_NOT_AVAILABLE detail=
2026-08-26 21:34:07,748 | INFO | edward.autonomous.market_cycle | universe_rejected instrument=826d6982-ebc6-4ce5-95e9-01dac4953ff9 ticker=LYB reason=BUY_NOT_AVAILABLE detail=
2026-08-26 21:34:07,749 | INFO | edward.autonomous.market_cycle | universe_rejected instrument=319e0cdc-0af1-49b9-aec9-ac72b1e2d53e ticker=MDLZ reason=BUY_NOT_AVAILABLE detail=
2026-08-26 21:34:07,749 | INFO | edward.autonomous.market_cycle | universe_rejected instrument=0fe62639-2bf9-499a-a1cf-9359f149c009 ticker=CMG reason=BUY_NOT_AVAILABLE detail=
2026-08-26 21:34:07,749 | INFO | edward.autonomous.market_cycle | universe_rejected instrument=7b1e51e2-9de2-47d6-bf3d-ab502ee54df8 ticker=VGSBP reason=CANDLES_UNAVAILABLE detail=_get_candles() takes 2 positional arguments but 5 were given
2026-08-26 21:34:07,749 | INFO | edward.autonomous.market_cycle | universe_rejected instrument=46432b5e-d693-4cb6-a963-0e53e96a8893 ticker=PBA reason=BUY_NOT_AVAILABLE detail=
2026-08-26 21:34:07,749 | INFO | edward.autonomous.market_cycle | universe_rejected instrument=89fd68a5-65af-468a-b51c-a99aa948f631 ticker=IBKR reason=BUY_NOT_AVAILABLE detail=
2026-08-26 21:34:07,749 | INFO | edward.autonomous.market_cycle | universe_rejected instrument=715522d1-868f-4156-9087-f0b1d6e23b69 ticker=2196 reason=BUY_NOT_AVAILABLE detail=
2026-08-26 21:34:07,749 | INFO | edward.autonomous.market_cycle | universe_rejected instrument=71d9eba8-41f0-4802-acf9-55d021b27db1 ticker=MMM reason=BUY_NOT_AVAILABLE detail=
2026-08-26 21:34:07,749 | INFO | edward.autonomous.market_cycle | universe_rejected instrument=1defa31a-7541-4fcb-8450-261920cb9f1d ticker=HCC reason=BUY_NOT_AVAILABLE detail=
2026-08-26 21:34:07,749 | INFO | edward.autonomous.market_cycle | universe_rejected instrument=dec64d5c-bfac-4617-a9f2-2f91b2e69234 ticker=YELP reason=BUY_NOT_AVAILABLE detail=
2026-08-26 21:34:07,749 | INFO | edward.autonomous.market_cycle | universe_rejected instrument=86fd3b79-9377-47c9-a1ce-6dcd0c843569 ticker=VZ reason=BUY_NOT_AVAILABLE detail=
2026-08-26 21:34:07,749 | INFO | edward.autonomous.market_cycle | universe_rejected instrument=e71d6238-71ea-400c-9451-edc7b3338a2a ticker=BSPBP reason=CANDLES_UNAVAILABLE detail=_get_candles() takes 2 positional arguments but 5 were given
2026-08-26 21:34:07,749 | INFO | edward.autonomous.market_cycle | universe_rejected instrument=475640f0-b5cf-4704-ae76-e6f54971b084 ticker=KNSL reason=BUY_NOT_AVAILABLE detail=
2026-08-26 21:34:07,749 | INFO | edward.autonomous.market_cycle | universe_rejected instrument=195b4aad-e5d2-4cc0-87b4-ea24ffe2a07e ticker=SRPT reason=BUY_NOT_AVAILABLE detail=
2026-08-26 21:34:07,749 | INFO | edward.autonomous.market_cycle | universe_rejected instrument=7f4f6fd4-7811-413b-8473-db98b98c3e74 ticker=SHW reason=BUY_NOT_AVAILABLE detail=
2026-08-26 21:34:07,749 | INFO | edward.autonomous.market_cycle | universe_rejected instrument=eb40b246-d1e0-4616-a7c3-8772c3f364a7 ticker=BIIB reason=BUY_NOT_AVAILABLE detail=
2026-08-26 21:34:07,749 | INFO | edward.autonomous.market_cycle | universe_rejected instrument=4196ccc8-eec0-4c3b-a81c-b0dc3ba7ea24 ticker=WWW reason=BUY_NOT_AVAILABLE detail=
2026-08-26 21:34:07,749 | INFO | edward.autonomous.market_cycle | universe_rejected instrument=46727194-181d-415a-9696-f359e62786d4 ticker=CFG reason=BUY_NOT_AVAILABLE detail=
2026-08-26 21:34:07,749 | INFO | edward.autonomous.market_cycle | universe_rejected instrument=15bac991-80fc-4b2e-b114-fb9d11ec492a ticker=WEX reason=BUY_NOT_AVAILABLE detail=
2026-08-26 21:34:07,749 | INFO | edward.autonomous.market_cycle | universe_rejected instrument=7bedd86b-478d-4742-a28c-29d27f8dbc7d ticker=SGZH reason=CANDLES_UNAVAILABLE detail=_get_candles() takes 2 positional arguments but 5 were given
2026-08-26 21:34:07,749 | INFO | edward.autonomous.market_cycle | universe_rejected instrument=59e3c4f0-1887-403d-9e8d-caef242c539c ticker=PM reason=BUY_NOT_AVAILABLE detail=
2026-08-26 21:34:07,749 | INFO | edward.autonomous.market_cycle | universe_rejected instrument=3b78c560-e2d8-4fcc-bad9-a3a5ffbedcae ticker=WAB reason=BUY_NOT_AVAILABLE detail=
2026-08-26 21:34:07,749 | INFO | edward.autonomous.market_cycle | universe_rejected instrument=fa0649b1-d8c6-4d88-a633-39a48e51c542 ticker=BKI reason=BUY_NOT_AVAILABLE detail=
2026-08-26 21:34:07,749 | INFO | edward.autonomous.market_cycle | universe_rejected instrument=b3bad65b-9534-49bd-a027-d2e0f3e176cd ticker=MLM reason=BUY_NOT_AVAILABLE detail=
2026-08-26 21:34:07,749 | INFO | edward.autonomous.market_cycle | universe_rejected instrument=bb2b3678-7a60-4c55-8639-a6e4e7229d54 ticker=GDDY reason=BUY_NOT_AVAILABLE detail=
2026-08-26 21:34:07,749 | INFO | edward.autonomous.market_cycle | universe_rejected instrument=55ae8e3e-da62-402a-889b-6b368ab45ef0 ticker=PRI reason=BUY_NOT_AVAILABLE detail=
2026-08-26 21:34:07,749 | INFO | edward.autonomous.market_cycle | universe_rejected instrument=0f40dd57-5235-4b8a-9453-f8fe728c4b30 ticker=ES reason=BUY_NOT_AVAILABLE detail=
2026-08-26 21:34:07,749 | INFO | edward.autonomous.market_cycle | universe_rejected instrument=3457aa6a-3d34-41e8-beb8-ea0f99814f69 ticker=MANH reason=BUY_NOT_AVAILABLE detail=
2026-08-26 21:34:07,749 | INFO | edward.autonomous.market_cycle | universe_rejected instrument=92e84051-f997-4f1e-935d-2c7b7cd1a04b ticker=ATRA reason=BUY_NOT_AVAILABLE detail=
2026-08-26 21:34:07,749 | INFO | edward.autonomous.market_cycle | universe_rejected instrument=bcceb3c4-cc15-4094-b5f0-4acebe6a6c9f ticker=OHI reason=BUY_NOT_AVAILABLE detail=
2026-08-26 21:34:07,749 | INFO | edward.autonomous.market_cycle | universe_rejected instrument=b1ed0a7e-04a1-428e-948d-e1b6cd1c51c2 ticker=CWEN reason=BUY_NOT_AVAILABLE detail=
2026-08-26 21:34:07,749 | INFO | edward.autonomous.market_cycle | universe_rejected instrument=0f43be8a-46a5-43ba-a92e-f9de559827c0 ticker=BLD reason=BUY_NOT_AVAILABLE detail=
2026-08-26 21:34:07,749 | INFO | edward.autonomous.market_cycle | universe_rejected instrument=698d1493-f1f7-4eff-a4d1-2e509c77bfb8 ticker=LSNGP reason=CANDLES_UNAVAILABLE detail=_get_candles() takes 2 positional arguments but 5 were given
2026-08-26 21:34:07,750 | INFO | edward.autonomous.market_cycle | universe_rejected instrument=18bc892e-e996-4c13-9931-a199ad786a82 ticker=EYE reason=BUY_NOT_AVAILABLE detail=
2026-08-26 21:34:07,750 | INFO | edward.autonomous.market_cycle | universe_rejected instrument=d1ea080d-2cb1-42d2-9564-41eee4078088 ticker=PSTG reason=BUY_NOT_AVAILABLE detail=
2026-08-26 21:34:07,750 | INFO | edward.autonomous.market_cycle | universe_rejected instrument=5b816873-521d-4eab-9c09-dbe7f8846a00 ticker=EMR reason=BUY_NOT_AVAILABLE detail=
2026-08-26 21:34:07,750 | INFO | edward.autonomous.market_cycle | universe_rejected instrument=1741257e-e0a0-466f-b830-9d06854698d1 ticker=MNRO reason=BUY_NOT_AVAILABLE detail=
2026-08-26 21:34:07,750 | INFO | edward.autonomous.market_cycle | universe_rejected instrument=48c4559e-c711-48c1-8b75-709754edad7f ticker=RGNX reason=BUY_NOT_AVAILABLE detail=
2026-08-26 21:34:07,750 | INFO | edward.autonomous.market_cycle | universe_rejected instrument=9280e2d9-7353-4be2-be02-556055703e2d ticker=1929 reason=BUY_NOT_AVAILABLE detail=
2026-08-26 21:34:07,750 | INFO | edward.autonomous.market_cycle | universe_rejected instrument=c65f1fe7-5813-4570-a4a4-294cb101809a ticker=GPRO reason=BUY_NOT_AVAILABLE detail=
2026-08-26 21:34:07,750 | INFO | edward.autonomous.market_cycle | universe_rejected instrument=e9f164a5-888f-4bac-913b-dce7284b5d63 ticker=SRI reason=BUY_NOT_AVAILABLE detail=
2026-08-26 21:34:07,750 | INFO | edward.autonomous.market_cycle | universe_rejected instrument=f90a9989-757b-4506-9e49-54bd1d1d82a4 ticker=ATEN reason=BUY_NOT_AVAILABLE detail=
2026-08-26 21:34:07,750 | INFO | edward.autonomous.market_cycle | universe_rejected instrument=08a24404-a007-4a5f-b8bc-a947f4993a8f ticker=EBAY reason=BUY_NOT_AVAILABLE detail=
2026-08-26 21:34:07,750 | INFO | edward.autonomous.market_cycle | universe_rejected instrument=3d7aa563-ea5a-43e4-9ebc-968701aad7ca ticker=DAL reason=BUY_NOT_AVAILABLE detail=
2026-08-26 21:34:07,750 | INFO | edward.autonomous.market_cycle | universe_rejected instrument=f9aa2523-40c8-4021-b39c-42b5c1380416 ticker=PCG reason=BUY_NOT_AVAILABLE detail=
2026-08-26 21:34:07,750 | INFO | edward.autonomous.market_cycle | universe_rejected instrument=01eef5dc-acec-49fc-862f-b1b5c0e52671 ticker=3968 reason=BUY_NOT_AVAILABLE detail=
2026-08-26 21:34:07,750 | INFO | edward.autonomous.market_cycle | universe_rejected instrument=abb04a22-b626-4a65-950b-9f14e21dd294 ticker=FDS reason=BUY_NOT_AVAILABLE detail=
2026-08-26 21:34:07,750 | INFO | edward.autonomous.market_cycle | universe_rejected instrument=3dfe3e8b-da84-4cb4-825a-a80b7f3553e1 ticker=NAVI reason=BUY_NOT_AVAILABLE detail=
2026-08-26 21:34:07,750 | INFO | edward.autonomous.market_cycle | universe_rejected instrument=0555195b-d7f9-4b86-98db-fdeaa975dcef ticker=SNPS reason=BUY_NOT_AVAILABLE detail=
2026-08-26 21:34:07,750 | INFO | edward.autonomous.market_cycle | universe_rejected instrument=cfa01480-1d3a-4528-abe7-03e15761829d ticker=JOYY reason=BUY_NOT_AVAILABLE detail=
2026-08-26 21:34:07,750 | INFO | edward.autonomous.market_cycle | universe_rejected instrument=abbcba94-aec3-4947-a61d-9ca57d156540 ticker=EXEL reason=BUY_NOT_AVAILABLE detail=
2026-08-26 21:34:07,750 | INFO | edward.autonomous.market_cycle | universe_rejected instrument=2afc381e-e668-4f02-acf7-11af9f4461d2 ticker=DHR reason=BUY_NOT_AVAILABLE detail=
2026-08-26 21:34:07,750 | INFO | edward.autonomous.market_cycle | universe_rejected instrument=178edba4-cb99-4ec6-9d7e-9b69dc17816b ticker=FNV reason=BUY_NOT_AVAILABLE detail=
2026-08-26 21:34:07,750 | INFO | edward.autonomous.market_cycle | universe_rejected instrument=089b69c8-1da9-419e-8826-94e9cab5962b ticker=RGA reason=BUY_NOT_AVAILABLE detail=
2026-08-26 21:34:07,750 | INFO | edward.autonomous.market_cycle | universe_rejected instrument=60aeca3a-4065-4a40-87bc-d5fcf33d5758 ticker=LNC reason=BUY_NOT_AVAILABLE detail=
2026-08-26 21:34:07,750 | INFO | edward.autonomous.market_cycle | universe_rejected instrument=bf167457-c473-4e0f-8c84-157419e13924 ticker=CSW reason=BUY_NOT_AVAILABLE detail=
2026-08-26 21:34:07,750 | INFO | edward.autonomous.market_cycle | universe_rejected instrument=5fdf1499-288c-4b0e-8d4a-10c5f5fefb57 ticker=JNOS reason=CANDLES_UNAVAILABLE detail=_get_candles() takes 2 positional arguments but 5 were given
2026-08-26 21:34:07,750 | INFO | edward.autonomous.market_cycle | universe_rejected instrument=b135075c-3a05-42cf-8f55-86674d63a49d ticker=MRKS reason=CANDLES_UNAVAILABLE detail=_get_candles() takes 2 positional arguments but 5 were given
2026-08-26 21:34:07,750 | INFO | edward.autonomous.market_cycle | universe_rejected instrument=c307d695-f50b-41bd-8e93-33d034a0ccde ticker=NOW reason=BUY_NOT_AVAILABLE detail=
2026-08-26 21:34:07,750 | INFO | edward.autonomous.market_cycle | universe_rejected instrument=e02bc070-0e1a-4c65-adf8-e198bec4ba44 ticker=EDIT reason=BUY_NOT_AVAILABLE detail=
2026-08-26 21:34:07,750 | INFO | edward.autonomous.market_cycle | universe_rejected instrument=e986d1c2-26bf-4034-8868-c380c2a287d5 ticker=REZI reason=BUY_NOT_AVAILABLE detail=
2026-08-26 21:34:07,750 | INFO | edward.autonomous.market_cycle | universe_rejected instrument=dc935c43-4e1e-4aa5-801b-dc2236f11401 ticker=TCMD reason=BUY_NOT_AVAILABLE detail=
2026-08-26 21:34:07,750 | INFO | edward.autonomous.market_cycle | universe_rejected instrument=a14a7091-c097-47e0-a92c-5f02dc053086 ticker=FOX reason=BUY_NOT_AVAILABLE detail=
2026-08-26 21:34:07,751 | INFO | edward.autonomous.market_cycle | universe_rejected instrument=8d91497c-7fee-4c13-9832-9e6321f21f01 ticker=TNET reason=BUY_NOT_AVAILABLE detail=
2026-08-26 21:34:07,751 | INFO | edward.autonomous.market_cycle | universe_rejected instrument=538ba928-5de6-4f55-a3da-84fbce8a79f6 ticker=SCSC reason=BUY_NOT_AVAILABLE detail=
2026-08-26 21:34:07,751 | INFO | edward.autonomous.market_cycle | universe_rejected instrument=04aacaac-8780-4890-8164-7426f7dc659f ticker=LECO reason=BUY_NOT_AVAILABLE detail=
2026-08-26 21:34:07,751 | INFO | edward.autonomous.market_cycle | universe_rejected instrument=787132b9-78da-4151-83e9-3dd650590e78 ticker=DDOG reason=BUY_NOT_AVAILABLE detail=
2026-08-26 21:34:07,751 | INFO | edward.autonomous.market_cycle | universe_rejected instrument=3c072a03-3924-45c4-9d6b-8c92a0f0a2d8 ticker=SCCO reason=BUY_NOT_AVAILABLE detail=
2026-08-26 21:34:07,751 | INFO | edward.autonomous.market_cycle | universe_rejected instrument=aaaa9d15-33dd-4834-a610-2ae6b89379fc ticker=CCOI reason=BUY_NOT_AVAILABLE detail=
2026-08-26 21:34:07,751 | INFO | edward.autonomous.market_cycle | universe_rejected instrument=ed1e3a46-3c9c-4840-9680-224f608cd541 ticker=XNCR reason=BUY_NOT_AVAILABLE detail=
2026-08-26 21:34:07,751 | INFO | edward.autonomous.market_cycle | universe_rejected instrument=fae69681-7ce2-4929-8724-4d2a6135e7ef ticker=ZS reason=BUY_NOT_AVAILABLE detail=
2026-08-26 21:34:07,751 | INFO | edward.autonomous.market_cycle | universe_rejected instrument=c83d72fc-5f7c-4dea-84a7-711c4ec93508 ticker=1288 reason=BUY_NOT_AVAILABLE detail=
2026-08-26 21:34:07,751 | INFO | edward.autonomous.market_cycle | universe_rejected instrument=02cfdf61-6298-4c0f-a9ca-9cabc82afaf3 ticker=LKOH reason=CANDLES_UNAVAILABLE detail=_get_candles() takes 2 positional arguments but 5 were given
2026-08-26 21:34:07,751 | INFO | edward.autonomous.market_cycle | universe_rejected instrument=f5a621fa-937f-4f70-9f59-26770ea9c24f ticker=PVH reason=BUY_NOT_AVAILABLE detail=
2026-08-26 21:34:07,751 | INFO | edward.autonomous.market_cycle | universe_rejected instrument=e899a00c-c122-499d-816b-17f3aa75fc93 ticker=SEIC reason=BUY_NOT_AVAILABLE detail=
2026-08-26 21:34:07,751 | INFO | edward.autonomous.market_cycle | universe_rejected instrument=07dcfe5b-16a6-489e-930a-4a8ddb7b4d59 ticker=UBER reason=BUY_NOT_AVAILABLE detail=
2026-08-26 21:34:07,751 | INFO | edward.autonomous.market_cycle | universe_rejected instrument=bfc61e4b-9324-427b-b6c7-8fa7686d9a2a ticker=CHWY reason=BUY_NOT_AVAILABLE detail=
2026-08-26 21:34:07,751 | INFO | edward.autonomous.market_cycle | universe_rejected instrument=d0a557cc-0636-4a6b-9c2e-69244ca2e304 ticker=NWL reason=BUY_NOT_AVAILABLE detail=
2026-08-26 21:34:07,751 | INFO | edward.autonomous.market_cycle | universe_rejected instrument=df58ca03-aed0-4e1c-97fb-54a01dfb539e ticker=DELI reason=CANDLES_UNAVAILABLE detail=_get_candles() takes 2 positional arguments but 5 were given
2026-08-26 21:34:07,751 | INFO | edward.autonomous.market_cycle | universe_rejected instrument=2e96b4a8-e6e9-418b-9da2-31ce11715294 ticker=FTV reason=BUY_NOT_AVAILABLE detail=
2026-08-26 21:34:07,751 | INFO | edward.autonomous.market_cycle | universe_rejected instrument=7c9da60c-fb60-40aa-89b0-d4646e94bb7e ticker=ALSN reason=BUY_NOT_AVAILABLE detail=
2026-08-26 21:34:07,751 | INFO | edward.autonomous.market_cycle | universe_rejected instrument=330d2fbc-2efd-4073-a797-02886e44e96c ticker=COHU reason=BUY_NOT_AVAILABLE detail=
2026-08-26 21:34:07,751 | INFO | edward.autonomous.market_cycle | universe_rejected instrument=4dc99cf8-cb71-4dca-a74d-f70483f4d7a7 ticker=MGKL reason=CANDLES_UNAVAILABLE detail=_get_candles() takes 2 positional arguments but 5 were given
2026-08-26 21:34:07,751 | INFO | edward.autonomous.market_cycle | universe_rejected instrument=5d06ba3a-408a-410e-aea1-41d1adf81db3 ticker=CHGZ reason=CANDLES_UNAVAILABLE detail=_get_candles() takes 2 positional arguments but 5 were given
2026-08-26 21:34:07,751 | INFO | edward.autonomous.market_cycle | universe_rejected instrument=b326f566-dfde-4892-ae42-60b91b80c5e0 ticker=LULU reason=BUY_NOT_AVAILABLE detail=
2026-08-26 21:34:07,751 | INFO | edward.autonomous.market_cycle | universe_rejected instrument=9ce3e7e7-55e8-4abd-9cc7-12f1a4041403 ticker=PI reason=BUY_NOT_AVAILABLE detail=
2026-08-26 21:34:07,751 | INFO | edward.autonomous.market_cycle | universe_rejected instrument=2d395a17-5ac5-41b8-b4ce-62a874a47501 ticker=PAYO reason=BUY_NOT_AVAILABLE detail=
2026-08-26 21:34:07,751 | INFO | edward.autonomous.market_cycle | universe_rejected instrument=432e3438-bf31-4645-ad9f-32054086a1ae ticker=OMCL reason=BUY_NOT_AVAILABLE detail=
2026-08-26 21:34:07,751 | INFO | edward.autonomous.market_cycle | universe_rejected instrument=2230a4b5-d805-401c-8b53-7d649ede73ed ticker=241 reason=BUY_NOT_AVAILABLE detail=
2026-08-26 21:34:07,751 | INFO | edward.autonomous.market_cycle | universe_rejected instrument=ae975751-df99-4918-bffd-65f4104ad87a ticker=COLM reason=BUY_NOT_AVAILABLE detail=
2026-08-26 21:34:07,751 | INFO | edward.autonomous.market_cycle | universe_rejected instrument=629e03d2-24db-4de1-b6ad-63bcea6ad04b ticker=WAL reason=BUY_NOT_AVAILABLE detail=
2026-08-26 21:34:07,751 | INFO | edward.autonomous.market_cycle | universe_rejected instrument=f70c6dbf-45ba-4c40-a9fb-8731e1cc5f0b ticker=AEP reason=BUY_NOT_AVAILABLE detail=
2026-08-26 21:34:07,751 | INFO | edward.autonomous.market_cycle | universe_rejected instrument=3a331122-f684-418c-9fba-aa8e4d8d0ee6 ticker=HUBS reason=BUY_NOT_AVAILABLE detail=
2026-08-26 21:34:07,751 | INFO | edward.autonomous.market_cycle | universe_rejected instrument=c11c7943-81e2-45b2-a157-504a5ccbdd5a ticker=1368 reason=BUY_NOT_AVAILABLE detail=
2026-08-26 21:34:07,751 | INFO | edward.autonomous.market_cycle | universe_rejected instrument=a3d08ae4-4ae3-4d93-b79f-09d3e0686659 ticker=UBSI reason=BUY_NOT_AVAILABLE detail=
2026-08-26 21:34:07,751 | INFO | edward.autonomous.market_cycle | universe_rejected instrument=42f11771-17c4-45d2-8fc5-153585b5c187 ticker=UDMN reason=CANDLES_UNAVAILABLE detail=_get_candles() takes 2 positional arguments but 5 were given
2026-08-26 21:34:07,752 | INFO | edward.autonomous.market_cycle | universe_rejected instrument=4811f745-3279-449d-9629-bf22307f6ac8 ticker=LAD reason=BUY_NOT_AVAILABLE detail=
2026-08-26 21:34:07,752 | INFO | edward.autonomous.market_cycle | universe_rejected instrument=867d397e-3897-497a-af89-d1f732c71084 ticker=NLY reason=BUY_NOT_AVAILABLE detail=
2026-08-26 21:34:07,752 | INFO | edward.autonomous.market_cycle | universe_rejected instrument=31d9adb8-acae-4586-b97d-9eabe23cf360 ticker=BCPC reason=BUY_NOT_AVAILABLE detail=
2026-08-26 21:34:07,752 | INFO | edward.autonomous.market_cycle | universe_rejected instrument=70020383-82d8-4dce-b275-aa82a47b4827 ticker=POR reason=BUY_NOT_AVAILABLE detail=
2026-08-26 21:34:07,752 | INFO | edward.autonomous.market_cycle | universe_rejected instrument=d7dc806d-4f35-4ee4-ac6d-86d22f018e9c ticker=KLAC reason=BUY_NOT_AVAILABLE detail=
2026-08-26 21:34:07,752 | INFO | edward.autonomous.market_cycle | universe_rejected instrument=84f328c2-3584-4f65-9534-b59356ad07a4 ticker=INCB reason=CANDLES_UNAVAILABLE detail=_get_candles() takes 2 positional arguments but 5 were given
2026-08-26 21:34:07,752 | INFO | edward.autonomous.market_cycle | universe_rejected instrument=0c89561d-3cbd-4f2c-a0dc-785c112ef64e ticker=AOSL reason=BUY_NOT_AVAILABLE detail=
2026-08-26 21:34:07,752 | INFO | edward.autonomous.market_cycle | universe_rejected instrument=b93dfd31-387c-4be4-acc2-df2bfcaad2a5 ticker=CW reason=BUY_NOT_AVAILABLE detail=
2026-08-26 21:34:07,752 | INFO | edward.autonomous.market_cycle | universe_rejected instrument=57adba58-a28e-4e6c-b3de-051d036e9a54 ticker=JOBY reason=BUY_NOT_AVAILABLE detail=
2026-08-26 21:34:07,752 | INFO | edward.autonomous.market_cycle | universe_rejected instrument=ab130a3e-59ca-4871-8b1e-39ac24908d1a ticker=TMO reason=BUY_NOT_AVAILABLE detail=
2026-08-26 21:34:07,752 | INFO | edward.autonomous.market_cycle | universe_rejected instrument=6de4b6e2-dda9-4c49-9ba8-aa96dc15d33f ticker=AMZN reason=BUY_NOT_AVAILABLE detail=
2026-08-26 21:34:07,752 | INFO | edward.autonomous.market_cycle | universe_rejected instrument=c35897e7-df88-49ec-b35a-a72b22db524b ticker=FCX reason=BUY_NOT_AVAILABLE detail=
2026-08-26 21:34:07,752 | INFO | edward.autonomous.market_cycle | universe_rejected instrument=b4959236-ef80-4eec-a5e0-44cc423b6ab0 ticker=MAGEP reason=CANDLES_UNAVAILABLE detail=_get_candles() takes 2 positional arguments but 5 were given
2026-08-26 21:34:07,752 | INFO | edward.autonomous.market_cycle | universe_rejected instrument=830cf724-8272-4d73-baf4-690dd646a797 ticker=ALNY reason=BUY_NOT_AVAILABLE detail=
2026-08-26 21:34:07,752 | INFO | edward.autonomous.market_cycle | universe_rejected instrument=b8fa905b-b64c-4727-922e-733b10f80fdd ticker=GH reason=BUY_NOT_AVAILABLE detail=
2026-08-26 21:34:07,752 | INFO | edward.autonomous.market_cycle | universe_rejected instrument=c5a9fe39-7c5b-491a-bdbe-4218a2d5d028 ticker=CNC reason=BUY_NOT_AVAILABLE detail=
2026-08-26 21:34:07,752 | INFO | edward.autonomous.market_cycle | universe_rejected instrument=d0cc5c6d-ee64-493e-89f0-749f5ed7415e ticker=BMRN reason=BUY_NOT_AVAILABLE detail=
2026-08-26 21:34:07,752 | INFO | edward.autonomous.market_cycle | universe_rejected instrument=bd21f6a8-4e95-4926-a741-77c98ccd3cb9 ticker=ALL reason=BUY_NOT_AVAILABLE detail=
2026-08-26 21:34:07,752 | INFO | edward.autonomous.market_cycle | universe_rejected instrument=9131bd1e-efa3-4cc2-a4ac-cc966424a87e ticker=KNX reason=BUY_NOT_AVAILABLE detail=
2026-08-26 21:34:07,752 | INFO | edward.autonomous.market_cycle | universe_rejected instrument=93ed8e88-2de2-4aec-a920-3384d24ecb2a ticker=NMTP reason=CANDLES_UNAVAILABLE detail=_get_candles() takes 2 positional arguments but 5 were given
2026-08-26 21:34:07,752 | INFO | edward.autonomous.market_cycle | universe_rejected instrument=d74daf58-22c3-4e44-8ada-471e404fb795 ticker=TGKA reason=CANDLES_UNAVAILABLE detail=_get_candles() takes 2 positional arguments but 5 were given
2026-08-26 21:34:07,752 | INFO | edward.autonomous.market_cycle | universe_rejected instrument=a84efc89-6a8b-417f-83df-115d9ec7e4fc ticker=FOXF reason=BUY_NOT_AVAILABLE detail=
2026-08-26 21:34:07,752 | INFO | edward.autonomous.market_cycle | universe_rejected instrument=25ec1161-2127-44bc-804d-ea92b6086717 ticker=BABA reason=BUY_NOT_AVAILABLE detail=
2026-08-26 21:34:07,752 | INFO | edward.autonomous.market_cycle | universe_rejected instrument=2cbe8c52-e222-4e8c-832e-85f00d5c292e ticker=STLA reason=BUY_NOT_AVAILABLE detail=
2026-08-26 21:34:07,752 | INFO | edward.autonomous.market_cycle | universe_rejected instrument=302e8623-8d3f-4ebc-8447-b91150dbc7f3 ticker=TPG reason=BUY_NOT_AVAILABLE detail=
2026-08-26 21:34:07,752 | INFO | edward.autonomous.market_cycle | universe_rejected instrument=57e3f729-6aaf-4c4e-9ece-84bb42b210cb ticker=RVLV reason=BUY_NOT_AVAILABLE detail=
2026-08-26 21:34:07,752 | INFO | edward.autonomous.market_cycle | universe_rejected instrument=0f85c370-8159-4d3d-b760-5c654a9b65f7 ticker=ADPT reason=BUY_NOT_AVAILABLE detail=
2026-08-26 21:34:07,752 | INFO | edward.autonomous.market_cycle | universe_rejected instrument=e47801fe-bb1b-4dc2-b27d-c3327e5cb7cd ticker=SEDG reason=BUY_NOT_AVAILABLE detail=
2026-08-26 21:34:07,752 | INFO | edward.autonomous.market_cycle | universe_rejected instrument=c1a3c440-f51c-4a75-a400-42a2a74f5f2b ticker=MTLRP reason=CANDLES_UNAVAILABLE detail=_get_candles() takes 2 positional arguments but 5 were given
2026-08-26 21:34:07,752 | INFO | edward.autonomous.market_cycle | universe_rejected instrument=2752664a-0517-442f-9992-65a44f70cdc2 ticker=MBC reason=BUY_NOT_AVAILABLE detail=
2026-08-26 21:34:07,752 | INFO | edward.autonomous.market_cycle | universe_rejected instrument=81bfa16f-987b-4a58-adf3-a180a7aa9fa1 ticker=LPX reason=BUY_NOT_AVAILABLE detail=
2026-08-26 21:34:07,752 | INFO | edward.autonomous.market_cycle | universe_rejected instrument=6d04e0ee-af00-44a7-a429-470c02f9c273 ticker=HP reason=BUY_NOT_AVAILABLE detail=
2026-08-26 21:34:07,752 | INFO | edward.autonomous.market_cycle | universe_rejected instrument=43214990-d872-431e-b4b0-0cff3b55883c ticker=HR reason=BUY_NOT_AVAILABLE detail=
2026-08-26 21:34:07,752 | INFO | edward.autonomous.market_cycle | universe_rejected instrument=ac00d1e1-e7b3-4392-8d96-2f8ba3d7b70b ticker=AIN reason=BUY_NOT_AVAILABLE detail=
2026-08-26 21:34:07,753 | INFO | edward.autonomous.market_cycle | universe_rejected instrument=9e16009b-ec7a-499a-b0ce-9d75f9b69117 ticker=NNSBP reason=CANDLES_UNAVAILABLE detail=_get_candles() takes 2 positional arguments but 5 were given
2026-08-26 21:34:07,753 | INFO | edward.autonomous.market_cycle | universe_rejected instrument=2d98aa0a-dfdb-42e9-8762-9db3eab40152 ticker=TORSP reason=CANDLES_UNAVAILABLE detail=_get_candles() takes 2 positional arguments but 5 were given
2026-08-26 21:34:07,753 | INFO | edward.autonomous.market_cycle | universe_rejected instrument=d869dd3e-a389-42d1-aa2c-7cba6192d0f4 ticker=LNT reason=BUY_NOT_AVAILABLE detail=
2026-08-26 21:34:07,753 | INFO | edward.autonomous.market_cycle | universe_rejected instrument=034cfe3a-9b0e-4bc4-8aea-71863e03d427 ticker=WAFD reason=BUY_NOT_AVAILABLE detail=
2026-08-26 21:34:07,753 | INFO | edward.autonomous.market_cycle | universe_rejected instrument=714e76ab-03f2-4a77-b523-d9714dc04c6c ticker=BTBR reason=CANDLES_UNAVAILABLE detail=_get_candles() takes 2 positional arguments but 5 were given
2026-08-26 21:34:07,753 | INFO | edward.autonomous.market_cycle | universe_rejected instrument=56ba79db-6dba-4890-bfa4-225689214c0b ticker=UPWK reason=BUY_NOT_AVAILABLE detail=
2026-08-26 21:34:07,753 | INFO | edward.autonomous.market_cycle | universe_rejected instrument=b8d26943-a3c1-465a-8c58-518466e2ab26 ticker=LPSB reason=CANDLES_UNAVAILABLE detail=_get_candles() takes 2 positional arguments but 5 were given
2026-08-26 21:34:07,753 | INFO | edward.autonomous.market_cycle | universe_rejected instrument=c41a8e78-e4ee-4aa1-869a-9eff103b260a ticker=MRKY reason=CANDLES_UNAVAILABLE detail=_get_candles() takes 2 positional arguments but 5 were given
2026-08-26 21:34:07,753 | INFO | edward.autonomous.market_cycle | universe_rejected instrument=b4e033e1-c7da-4489-9633-a5dc2c894986 ticker=NBIX reason=BUY_NOT_AVAILABLE detail=
2026-08-26 21:34:07,753 | INFO | edward.autonomous.market_cycle | universe_rejected instrument=fe427a08-8878-493d-b4cf-8ba65dfb8454 ticker=GAZA reason=CANDLES_UNAVAILABLE detail=_get_candles() takes 2 positional arguments but 5 were given
2026-08-26 21:34:07,753 | INFO | edward.autonomous.market_cycle | universe_rejected instrument=34f51a49-919b-4eb1-9ed0-59c26f4cdc1e ticker=JETL reason=TRADING_NOT_AVAILABLE detail=SECURITY_TRADING_STATUS_NOT_AVAILABLE_FOR_TRADING
2026-08-26 21:34:07,753 | INFO | edward.autonomous.market_cycle | universe_rejected instrument=919bf4b9-048f-4871-a9d1-c9cf25d4c559 ticker=MEDP reason=BUY_NOT_AVAILABLE detail=
2026-08-26 21:34:07,753 | INFO | edward.autonomous.market_cycle | universe_rejected instrument=7460961c-900d-4757-b01c-5df6f1a82d4d ticker=GPN reason=BUY_NOT_AVAILABLE detail=
2026-08-26 21:34:07,753 | INFO | edward.autonomous.market_cycle | universe_rejected instrument=55aebff8-6c58-4409-9c2d-8afcd8a58f50 ticker=TNDM reason=BUY_NOT_AVAILABLE detail=
2026-08-26 21:34:07,753 | INFO | edward.autonomous.market_cycle | universe_rejected instrument=481b0b21-0c38-4afa-9447-6d353a95f877 ticker=ASIX reason=BUY_NOT_AVAILABLE detail=
2026-08-26 21:34:07,753 | INFO | edward.autonomous.market_cycle | universe_rejected instrument=d5110c0c-80d6-4826-b948-544faab0091c ticker=2007 reason=BUY_NOT_AVAILABLE detail=
2026-08-26 21:34:07,753 | INFO | edward.autonomous.market_cycle | universe_rejected instrument=d05bf3c1-e6f3-410f-b44a-85be325dd5a9 ticker=PCAR reason=BUY_NOT_AVAILABLE detail=
2026-08-26 21:34:07,753 | INFO | edward.autonomous.market_cycle | market_cycle_completed account_id=d69985a1-c8b0-4cb3-a297-b9446694c417 eligible=0 rejected=1921 opportunities=0
2026-08-26 21:50:45,770 | INFO | edward.autonomous.live_analysis | live_analysis_started instrument=uid ticker=TEST profile=medium_term
2026-08-26 21:50:45,774 | INFO | edward.autonomous.live_analysis | live_candles_loaded instrument=uid candles=420
2026-08-26 21:50:46,163 | INFO | edward.autonomous.live_analysis | analysis_completed instrument=uid score=0.0 recommendation=None confidence=N/A regime=Trend
2026-08-26 21:50:46,163 | INFO | edward.autonomous.opportunity | decision instrument=UNKNOWN decision=PASS status=VALID opportunity_score=0.0 strategy_score=0.0 reasons=RISK_FAIL
2026-08-26 21:50:46,164 | INFO | edward.autonomous.opportunity | opportunity_rejected instrument=UNKNOWN decision=PASS status=VALID reasons=RISK_FAIL
2026-08-26 21:50:46,164 | INFO | edward.autonomous.opportunity | opportunity_cycle_completed candidates=1 approved=0
2026-08-26 21:50:46,164 | INFO | edward.autonomous.live_analysis | live_analysis_decision instrument=uid decision=PASS status=VALID reasons=RISK_FAIL
2026-08-26 21:50:57,977 | INFO | edward.autonomous.controller | cycle_started budget_total=20000 reserve=2000 invested=0 free_cash=18000 positions=0 opportunities=1
2026-08-26 21:50:57,977 | INFO | edward.autonomous.controller | allocation_completed actions=1 action_types=OPEN
2026-08-26 21:50:57,978 | INFO | edward.autonomous.controller | action_planning action=OPEN instrument=NEW source=None target_value=10000 score_advantage=90 return_improvement=12 risk_improvement=-10 reasons=FREE_SLOT,TOP_OPPORTUNITY
2026-08-26 21:50:57,978 | INFO | edward.autonomous.controller | reallocation_plan action=OPEN instrument=NEW allowed=True steps=3 reasons=OPEN
2026-08-26 21:50:57,978 | INFO | edward.autonomous.controller | step_started sequence=1 type=BUY instrument=NEW value=10000 source=None reasons=FREE_SLOT,TOP_OPPORTUNITY
2026-08-26 21:50:57,978 | INFO | edward.autonomous.controller | step_completed sequence=1 type=BUY instrument=NEW
2026-08-26 21:50:57,978 | INFO | edward.autonomous.controller | step_started sequence=2 type=PROTECT instrument=NEW value=10000 source=None reasons=PROTECTION_REQUIRED
2026-08-26 21:50:57,978 | INFO | edward.autonomous.controller | step_completed sequence=2 type=PROTECT instrument=NEW
2026-08-26 21:50:57,978 | INFO | edward.autonomous.controller | step_started sequence=3 type=VERIFY instrument=NEW value=10000 source=None reasons=PROTECTION_VERIFY
2026-08-26 21:50:57,978 | INFO | edward.autonomous.controller | step_completed sequence=3 type=VERIFY instrument=NEW
2026-08-26 21:50:57,978 | INFO | edward.autonomous.controller | cycle_completed status=COMPLETED actions=1 steps=3 reason=AUTONOMOUS_CYCLE_COMPLETED
2026-08-26 21:50:57,980 | INFO | edward.autonomous.controller | candidate_cycle_started candidates=1
2026-08-26 21:50:57,980 | INFO | edward.autonomous.opportunity | decision instrument=DECISION_NEW decision=BUY status=VALID opportunity_score=90.0 strategy_score=85.0 reasons=BUY_CONDITIONS_MET
2026-08-26 21:50:57,980 | INFO | edward.autonomous.opportunity | opportunity_approved instrument=DECISION_NEW score=90.0 risk=10 expected_return=15 target=10000
2026-08-26 21:50:57,980 | INFO | edward.autonomous.opportunity | opportunity_cycle_completed candidates=1 approved=1
2026-08-26 21:50:57,980 | INFO | edward.autonomous.controller | candidate_cycle_decisions completed=1 approved=1
2026-08-26 21:50:57,980 | INFO | edward.autonomous.controller | cycle_started budget_total=20000 reserve=2000 invested=0 free_cash=18000 positions=0 opportunities=1
2026-08-26 21:50:57,980 | INFO | edward.autonomous.controller | allocation_completed actions=1 action_types=OPEN
2026-08-26 21:50:57,980 | INFO | edward.autonomous.controller | action_planning action=OPEN instrument=DECISION_NEW source=None target_value=10000 score_advantage=90.0 return_improvement=15 risk_improvement=-10 reasons=FREE_SLOT,TOP_OPPORTUNITY
2026-08-26 21:50:57,980 | INFO | edward.autonomous.controller | reallocation_plan action=OPEN instrument=DECISION_NEW allowed=True steps=3 reasons=OPEN
2026-08-26 21:50:57,980 | INFO | edward.autonomous.controller | step_started sequence=1 type=BUY instrument=DECISION_NEW value=10000 source=None reasons=FREE_SLOT,TOP_OPPORTUNITY
2026-08-26 21:50:57,980 | INFO | edward.autonomous.controller | step_completed sequence=1 type=BUY instrument=DECISION_NEW
2026-08-26 21:50:57,981 | INFO | edward.autonomous.controller | step_started sequence=2 type=PROTECT instrument=DECISION_NEW value=10000 source=None reasons=PROTECTION_REQUIRED
2026-08-26 21:50:57,981 | INFO | edward.autonomous.controller | step_completed sequence=2 type=PROTECT instrument=DECISION_NEW
2026-08-26 21:50:57,981 | INFO | edward.autonomous.controller | step_started sequence=3 type=VERIFY instrument=DECISION_NEW value=10000 source=None reasons=PROTECTION_VERIFY
2026-08-26 21:50:57,981 | INFO | edward.autonomous.controller | step_completed sequence=3 type=VERIFY instrument=DECISION_NEW
2026-08-26 21:50:57,981 | INFO | edward.autonomous.controller | cycle_completed status=COMPLETED actions=1 steps=3 reason=AUTONOMOUS_CYCLE_COMPLETED
2026-08-26 21:50:57,982 | INFO | edward.autonomous.controller | cycle_started budget_total=20000 reserve=2000 invested=0 free_cash=18000 positions=0 opportunities=1
2026-08-26 21:50:57,982 | INFO | edward.autonomous.controller | allocation_completed actions=1 action_types=OPEN
2026-08-26 21:50:57,982 | INFO | edward.autonomous.controller | action_planning action=OPEN instrument=NEW source=None target_value=10000 score_advantage=90 return_improvement=12 risk_improvement=-10 reasons=FREE_SLOT,TOP_OPPORTUNITY
2026-08-26 21:50:57,983 | INFO | edward.autonomous.controller | reallocation_plan action=OPEN instrument=NEW allowed=True steps=3 reasons=OPEN
2026-08-26 21:50:57,983 | INFO | edward.autonomous.controller | step_started sequence=1 type=BUY instrument=NEW value=10000 source=None reasons=FREE_SLOT,TOP_OPPORTUNITY
2026-08-26 21:50:57,983 | INFO | edward.autonomous.controller | step_completed sequence=1 type=BUY instrument=NEW
2026-08-26 21:50:57,983 | INFO | edward.autonomous.controller | step_started sequence=2 type=PROTECT instrument=NEW value=10000 source=None reasons=PROTECTION_REQUIRED
2026-08-26 21:50:57,983 | ERROR | edward.autonomous.controller | step_failed sequence=2 type=PROTECT instrument=NEW reason=STEP_EXECUTION_FAILED
2026-08-26 21:50:57,983 | WARNING | edward.autonomous.controller | cycle_blocked stage=EXECUTION instrument=NEW sequence=2
2026-08-26 21:50:57,984 | INFO | edward.autonomous.controller | cycle_started budget_total=20000 reserve=2000 invested=0 free_cash=18000 positions=1 opportunities=0
2026-08-26 21:50:57,984 | INFO | edward.autonomous.controller | allocation_completed actions=0 action_types=
2026-08-26 21:50:57,985 | INFO | edward.autonomous.controller | cycle_completed status=COMPLETED reason=NO_ACTION_REQUIRED
2026-08-26 21:50:57,997 | INFO | edward.autonomous.controller | cycle_started budget_total=100000 reserve=10000 invested=0 free_cash=90000 positions=0 opportunities=1
2026-08-26 21:50:57,997 | INFO | edward.autonomous.controller | allocation_completed actions=1 action_types=OPEN
2026-08-26 21:50:57,997 | INFO | edward.autonomous.controller | action_planning action=OPEN instrument=NEW source=None target_value=20000 score_advantage=90 return_improvement=20 risk_improvement=-10 reasons=FREE_SLOT,TOP_OPPORTUNITY
2026-08-26 21:50:57,997 | INFO | edward.autonomous.controller | reallocation_plan action=OPEN instrument=NEW allowed=True steps=3 reasons=OPEN
2026-08-26 21:50:57,997 | INFO | edward.autonomous.controller | step_started sequence=1 type=BUY instrument=NEW value=20000 source=None reasons=FREE_SLOT,TOP_OPPORTUNITY
2026-08-26 21:50:57,997 | INFO | edward.autonomous.controller | step_completed sequence=1 type=BUY instrument=NEW
2026-08-26 21:50:57,997 | INFO | edward.autonomous.controller | step_started sequence=2 type=PROTECT instrument=NEW value=20000 source=None reasons=PROTECTION_REQUIRED
2026-08-26 21:50:57,997 | INFO | edward.autonomous.controller | step_completed sequence=2 type=PROTECT instrument=NEW
2026-08-26 21:50:57,997 | INFO | edward.autonomous.controller | step_started sequence=3 type=VERIFY instrument=NEW value=20000 source=None reasons=PROTECTION_VERIFY
2026-08-26 21:50:57,997 | INFO | edward.autonomous.controller | step_completed sequence=3 type=VERIFY instrument=NEW
2026-08-26 21:50:57,997 | INFO | edward.autonomous.controller | cycle_completed status=COMPLETED actions=1 steps=3 reason=AUTONOMOUS_CYCLE_COMPLETED
2026-08-26 21:50:58,008 | INFO | edward.autonomous.universe | universe_scan_started instruments=1
2026-08-26 21:50:58,008 | INFO | edward.autonomous.universe | universe_eligible instrument=UID ticker=TEST candles=1
2026-08-26 21:50:58,008 | INFO | edward.autonomous.universe | universe_scan_completed total=1 eligible=1 rejected=0
2026-08-26 21:50:58,010 | INFO | edward.autonomous.dry_run | dry_run sequence=1 action=BUY instrument_uid=SBER quantity=3 status=SIMULATED
2026-08-26 21:50:58,011 | INFO | edward.autonomous.dry_run | dry_run sequence=2 action=VERIFY instrument_uid=SBER quantity=3 status=VERIFIED
2026-08-26 21:50:58,012 | INFO | edward.autonomous.live_account | live_snapshot_started account=ACC
2026-08-26 21:50:58,013 | INFO | edward.autonomous.live_account | live_snapshot_completed account=ACC currency=RUB portfolio=40000 cash=30000 blocked=0 invested=10000 positions=1
2026-08-26 21:50:58,014 | INFO | edward.autonomous.live_account | live_snapshot_started account=ACC
2026-08-26 21:50:58,014 | WARNING | edward.autonomous.live_account | live_position_unenriched account=ACC instrument=SEC1
2026-08-26 21:50:58,014 | INFO | edward.autonomous.live_account | live_snapshot_completed account=ACC currency=RUB portfolio=40000 cash=30000 blocked=0 invested=10000 positions=0
2026-08-26 21:50:58,016 | INFO | edward.autonomous.live_account | live_snapshot_started account=ACC
2026-08-26 21:50:58,016 | INFO | edward.autonomous.live_account | live_snapshot_completed account=ACC currency=RUB portfolio=40000 cash=30000 blocked=0 invested=10000 positions=1
2026-08-26 21:50:58,016 | INFO | edward.autonomous.live_account | live_budget_built account=ACC total=40000 reserve=2000 invested=10000 free_cash=28000
2026-08-26 21:50:58,018 | INFO | edward.autonomous.live_cycle | live_snapshot_started account_id=ACC
2026-08-26 21:50:58,019 | INFO | edward.autonomous.planning | planning_started account_capital=100000 invested=10000 free_cash=90000 slots=5 reserve_pct=10
2026-08-26 21:50:58,019 | INFO | edward.autonomous.planning | planning_completed planning_budget=90000.00 reserve=10000.00 slots=5 target_position_value=18000.00
2026-08-26 21:50:58,019 | INFO | edward.autonomous.planning | trading_budget_built total=100000 reserve=10000.00 invested=10000 cash=90000 free_cash=80000.00
2026-08-26 21:50:58,019 | INFO | edward.autonomous.live_cycle | live_snapshot_completed account_id=ACC portfolio=100000 cash=90000 securities=10000 positions=1 slots=5 planning_budget=90000.00 target_position_value=18000.00
2026-08-26 21:50:58,022 | INFO | edward.autonomous.live_cycle | live_snapshot_started account_id=ACC
2026-08-26 21:50:58,022 | INFO | edward.autonomous.planning | planning_started account_capital=1427013.206275 invested=156679 free_cash=1270334.206275 slots=5 reserve_pct=0
2026-08-26 21:50:58,022 | INFO | edward.autonomous.planning | planning_completed planning_budget=1427013.206275 reserve=0.00 slots=5 target_position_value=285402.641255
2026-08-26 21:50:58,022 | INFO | edward.autonomous.planning | trading_budget_built total=1427013.206275 reserve=0.00 invested=156679 cash=1270334.206275 free_cash=1270334.206275
2026-08-26 21:50:58,022 | INFO | edward.autonomous.live_cycle | live_snapshot_completed account_id=ACC portfolio=1427013.206275 cash=1270334.206275 securities=156679 positions=5 slots=5 planning_budget=1427013.206275 target_position_value=285402.641255
2026-08-26 21:50:58,026 | INFO | edward.autonomous.opportunity | decision instrument=TEST decision=BUY status=VALID opportunity_score=90.0 strategy_score=85.0 reasons=BUY_CONDITIONS_MET
2026-08-26 21:50:58,026 | INFO | edward.autonomous.opportunity | opportunity_approved instrument=TEST score=90.0 risk=12 expected_return=18 target=20000
2026-08-26 21:50:58,026 | INFO | edward.autonomous.opportunity | opportunity_cycle_completed candidates=1 approved=1
2026-08-26 21:50:58,028 | INFO | edward.autonomous.opportunity | decision instrument=TEST decision=PASS status=VALID opportunity_score=30.0 strategy_score=85.0 reasons=OPPORTUNITY_TOO_LOW
2026-08-26 21:50:58,028 | INFO | edward.autonomous.opportunity | opportunity_rejected instrument=TEST decision=PASS status=VALID reasons=OPPORTUNITY_TOO_LOW
2026-08-26 21:50:58,028 | INFO | edward.autonomous.opportunity | opportunity_cycle_completed candidates=1 approved=0
2026-08-26 21:50:58,028 | INFO | edward.autonomous.opportunity | decision instrument=TEST decision=PASS status=VALID opportunity_score=30.0 strategy_score=85.0 reasons=OPPORTUNITY_TOO_LOW
2026-08-26 21:50:58,028 | INFO | edward.autonomous.opportunity | opportunity_rejected instrument=TEST decision=PASS status=VALID reasons=OPPORTUNITY_TOO_LOW
2026-08-26 21:50:58,028 | INFO | edward.autonomous.opportunity | opportunity_cycle_completed candidates=1 approved=0
2026-08-26 21:50:58,030 | INFO | edward.autonomous.ranking | opportunity_ranking_completed candidates=3 top=B
2026-08-26 21:50:58,032 | INFO | edward.autonomous.ranking | opportunity_ranking_completed candidates=2 top=A
2026-08-26 21:50:58,034 | INFO | edward.autonomous.planning | planning_started account_capital=1324799.71 invested=54465.50 free_cash=1270334.21 slots=5 reserve_pct=0
2026-08-26 21:50:58,034 | INFO | edward.autonomous.planning | planning_completed planning_budget=1324799.71 reserve=0.00 slots=5 target_position_value=264959.942
2026-08-26 21:50:58,036 | INFO | edward.autonomous.planning | planning_started account_capital=100000 invested=20000 free_cash=80000 slots=4 reserve_pct=10
2026-08-26 21:50:58,037 | INFO | edward.autonomous.planning | planning_completed planning_budget=90000.00 reserve=10000.00 slots=4 target_position_value=22500.00
2026-08-26 21:50:58,041 | INFO | edward.autonomous.planning | planning_started account_capital=100000 invested=0 free_cash=100000 slots=5 reserve_pct=0
2026-08-26 21:50:58,041 | INFO | edward.autonomous.planning | planning_completed planning_budget=100000.00 reserve=0.00 slots=5 target_position_value=20000.00
2026-08-26 21:50:58,041 | INFO | edward.autonomous.planning | allocation_policy_built max_positions=5 max_position_value=20000.00 min_position_value=500 replacement_advantage=10 return_improvement=2
2026-08-26 21:50:58,092 | INFO | edward.autonomous.universe | universe_scan_started instruments=5
2026-08-26 21:50:58,092 | INFO | edward.autonomous.universe | universe_eligible instrument=1 ticker=AAA candles=1
2026-08-26 21:50:58,092 | INFO | edward.autonomous.universe | universe_scan_completed total=5 eligible=1 rejected=4
2026-08-26 21:50:58,094 | INFO | edward.autonomous.universe | universe_scan_started instruments=1
2026-08-26 21:50:58,094 | INFO | edward.autonomous.universe | universe_eligible instrument=1 ticker=AAA candles=1
2026-08-26 21:50:58,094 | INFO | edward.autonomous.universe | universe_scan_completed total=1 eligible=1 rejected=0
2026-08-26 21:50:58,096 | INFO | edward.autonomous.universe | universe_scan_started instruments=2
2026-08-26 21:50:58,096 | WARNING | edward.autonomous.universe | universe_candles_failed instrument=1 error=gateway failure
2026-08-26 21:50:58,096 | INFO | edward.autonomous.universe | universe_eligible instrument=2 ticker=BBB candles=1
2026-08-26 21:50:58,096 | INFO | edward.autonomous.universe | universe_scan_completed total=2 eligible=1 rejected=1
